timestamps;0;5000;10000;15000;20000;25000;30000;35000;40000;45000;50000;55000;60000;65000;70000;75000;80000;85000;90000;95000;100000;105000;110000;115000;120000;125000;130000;135000;140000;145000;150000;155000;160000;165000;170000;175000;180000;185000;190000;195000;200000;205000;210000;215000;220000;225000;230000;235000;240000;245000;250000;250274
messages-total;0;18;40;50;50;50;50;81;81;81;81;81;81;112;112;112;112;112;112;140;140;140;140;140;140;175;175;175;175;175;175;207;207;207;207;207;207;248;248;248;248;248;248;280;280;280;280;280;280;321;321;321
messages-printer;0;0;0;0;0;0;0;0;0;0;0;0;0;0;0;0;0;0;0;0;0;0;0;0;0;0;0;0;0;0;0;0;0;0;0;0;0;0;0;0;0;0;0;0;0;0;0;0;0;0;0;0
messages-soc-motion;0;2;4;5;5;5;5;7;7;7;7;7;7;10;10;10;10;10;10;12;12;12;12;12;12;14;14;14;14;14;14;16;16;16;16;16;16;19;19;19;19;19;19;21;21;21;21;21;21;24;24;24
messages-soc-alarm;0;1;2;3;3;3;3;5;5;5;5;5;5;7;7;7;7;7;7;9;9;9;9;9;9;11;11;11;11;11;11;13;13;13;13;13;13;16;16;16;16;16;16;18;18;18;18;18;18;21;21;21
messages-soc-humidity;0;1;2;3;3;3;3;5;5;5;5;5;5;7;7;7;7;7;7;9;9;9;9;9;9;11;11;11;11;11;11;13;13;13;13;13;13;16;16;16;16;16;16;18;18;18;18;18;18;21;21;21
messages-soc-door-lock;0;1;2;3;3;3;3;5;5;5;5;5;5;7;7;7;7;7;7;9;9;9;9;9;9;11;11;11;11;11;11;13;13;13;13;13;13;16;16;16;16;16;16;18;18;18;18;18;18;21;21;21
messages-server;0;0;0;0;0;0;0;0;0;0;0;0;0;0;0;0;0;0;0;0;0;0;0;0;0;0;0;0;0;0;0;0;0;0;0;0;0;0;0;0;0;0;0;0;0;0;0;0;0;0;0;0
messages-iot-controller;0;8;20;21;21;21;21;34;34;34;34;34;34;45;45;45;45;45;45;56;56;56;56;56;56;69;69;69;69;69;69;84;84;84;84;84;84;99;99;99;99;99;99;113;113;113;113;113;113;128;128;128
messages-soc-smoke;0;1;2;3;3;3;3;5;5;5;5;5;5;7;7;7;7;7;7;9;9;9;9;9;9;11;11;11;11;11;11;13;13;13;13;13;13;15;15;15;15;15;15;17;17;17;17;17;17;19;19;19
messages-desktop;0;1;2;3;3;3;3;5;5;5;5;5;5;7;7;7;7;7;7;9;9;9;9;9;9;11;11;11;11;11;11;13;13;13;13;13;13;15;15;15;15;15;15;17;17;17;17;17;17;19;19;19
messages-soc-light;0;1;2;3;3;3;3;5;5;5;5;5;5;7;7;7;7;7;7;9;9;9;9;9;9;11;11;11;11;11;11;13;13;13;13;13;13;15;15;15;15;15;15;17;17;17;17;17;17;19;19;19
messages-soc-temperature;0;1;2;3;3;3;0;0;0;0;0;0;0;0;0;0;0;0;0;0;0;0;0;0;0;0;0;0;0;0;0;0;0;0;0;0;0;0;0
messages-soc-gate;0;1;2;3;3;3;3;5;5;5;5;5;5;8;8;8;8;8;0;0;0;0;0;0;0;0;0;0;0;0;0;0;0;0;0;0;0;0;0
proposals-total;0;0;0;0;0;0;0;0;0;0;0;0;0;0;0;0;0;0;0;0;0;0;0;0;0;0;0;0;0;0;0;0;0;0;0;0;0;0;0;0;0;0;0;0;0;0;0;0;0;0;0;0
proposals-printer;0;0;0;0;0;0;0;0;0;0;0;0;0;0;0;0;0;0;0;0;0;0;0;0;0;0;0;0;0;0;0;0;0;0;0;0;0;0;0;0;0;0;0;0;0;0;0;0;0;0;0;0
proposals-soc-motion;0;0;0;0;0;0;0;0;0;0;0;0;0;0;0;0;0;0;0;0;0;0;0;0;0;0;0;0;0;0;0;0;0;0;0;0;0;0;0;0;0;0;0;0;0;0;0;0;0;0;0;0
proposals-soc-alarm;0;0;0;0;0;0;0;0;0;0;0;0;0;0;0;0;0;0;0;0;0;0;0;0;0;0;0;0;0;0;0;0;0;0;0;0;0;0;0;0;0;0;0;0;0;0;0;0;0;0;0;0
proposals-soc-humidity;0;0;0;0;0;0;0;0;0;0;0;0;0;0;0;0;0;0;0;0;0;0;0;0;0;0;0;0;0;0;0;0;0;0;0;0;0;0;0;0;0;0;0;0;0;0;0;0;0;0;0;0
proposals-soc-door-lock;0;0;0;0;0;0;0;0;0;0;0;0;0;0;0;0;0;0;0;0;0;0;0;0;0;0;0;0;0;0;0;0;0;0;0;0;0;0;0;0;0;0;0;0;0;0;0;0;0;0;0;0
proposals-server;0;0;0;0;0;0;0;0;0;0;0;0;0;0;0;0;0;0;0;0;0;0;0;0;0;0;0;0;0;0;0;0;0;0;0;0;0;0;0;0;0;0;0;0;0;0;0;0;0;0;0;0
proposals-iot-controller;0;0;0;0;0;0;0;0;0;0;0;0;0;0;0;0;0;0;0;0;0;0;0;0;0;0;0;0;0;0;0;0;0;0;0;0;0;0;0;0;0;0;0;0;0;0;0;0;0;0;0;0
proposals-soc-smoke;0;0;0;0;0;0;0;0;0;0;0;0;0;0;0;0;0;0;0;0;0;0;0;0;0;0;0;0;0;0;0;0;0;0;0;0;0;0;0;0;0;0;0;0;0;0;0;0;0;0;0;0
proposals-desktop;0;0;0;0;0;0;0;0;0;0;0;0;0;0;0;0;0;0;0;0;0;0;0;0;0;0;0;0;0;0;0;0;0;0;0;0;0;0;0;0;0;0;0;0;0;0;0;0;0;0;0;0
proposals-soc-light;0;0;0;0;0;0;0;0;0;0;0;0;0;0;0;0;0;0;0;0;0;0;0;0;0;0;0;0;0;0;0;0;0;0;0;0;0;0;0;0;0;0;0;0;0;0;0;0;0;0;0;0
proposals-soc-temperature;0;0;0;0;0;0;0;0;0;0;0;0;0;0;0;0;0;0;0;0;0;0;0;0;0;0;0;0;0;0;0;0;0;0;0;0;0;0;0
proposals-soc-gate;0;0;0;0;0;0;0;0;0;0;0;0;0;0;0;0;0;0;0;0;0;0;0;0;0;0;0;0;0;0;0;0;0;0;0;0;0;0;0
riskCount-global;8;8;8;8;8;8;8;8;8;8;8;8;8;8;8;8;8;8;8;6;6;6;6;6;6;6;6;6;6;6;6;8;8;8;8;8;8;8;8;8;8;8;8;8;8;8;8;8;8;8;8;8
riskCount-total;0;1;12;12;12;12;12;30;30;30;30;30;30;44;44;44;44;44;44;55;55;55;55;55;55;69;69;69;69;69;69;83;83;83;83;83;83;97;97;97;97;97;97;111;111;111;111;111;111;125;125;125
riskCount-printer;0;0;0;0;0;0;0;0;0;0;0;0;0;0;0;0;0;0;0;0;0;0;0;0;0;0;0;0;0;0;0;0;0;0;0;0;0;0;0;0;0;0;0;0;0;0;0;0;0;0;0;0
riskCount-soc-motion;0;2;2;2;2;2;2;4;4;4;4;4;4;4;4;4;4;4;4;4;4;4;4;4;4;4;4;4;4;4;4;4;4;4;4;4;4;4;4;4;4;4;4;4;4;4;4;4;4;4;4;4
riskCount-soc-alarm;0;0;3;3;3;3;3;3;3;3;3;3;3;3;3;3;3;3;3;6;6;6;6;6;6;6;6;6;6;6;6;6;6;6;6;6;6;6;6;6;6;6;6;6;6;6;6;6;6;6;6;6
riskCount-soc-humidity;0;0;3;3;3;3;3;3;3;3;3;3;3;3;3;3;3;3;3;6;6;6;6;6;6;6;6;6;6;6;6;6;6;6;6;6;6;6;6;6;6;6;6;6;6;6;6;6;6;6;6;6
riskCount-soc-door-lock;0;0;3;3;3;3;3;3;3;3;3;3;3;3;3;3;3;3;3;6;6;6;6;6;6;6;6;6;6;6;6;6;6;6;6;6;6;6;6;6;6;6;6;6;6;6;6;6;6;6;6;6
riskCount-server;1;1;1;1;1;1;1;1;1;1;1;1;1;1;1;1;1;1;1;1;1;1;1;1;1;1;1;1;1;1;1;1;1;1;1;1;1;1;1;1;1;1;1;1;1;1;1;1;1;1;1;1
riskCount-iot-controller;1;2;12;12;12;12;12;12;12;12;12;12;12;12;12;12;12;12;12;12;12;12;12;12;12;12;12;12;12;12;12;12;12;12;12;12;12;12;12;12;12;12;12;12;12;12;12;12;12;12;12;12
riskCount-soc-smoke;0;0;2;2;2;2;2;4;4;4;4;4;4;4;4;4;4;4;4;4;4;4;4;4;4;4;4;4;4;4;4;4;4;4;4;4;4;4;4;4;4;4;4;4;4;4;4;4;4;4;4;4
riskCount-desktop;0;0;2;2;2;2;2;4;4;4;4;4;4;4;4;4;4;4;4;4;4;4;4;4;4;4;4;4;4;4;4;4;4;4;4;4;4;4;4;4;4;4;4;4;4;4;4;4;4;4;4;4
riskCount-soc-light;0;0;2;2;2;2;2;4;4;4;4;4;4;4;4;4;4;4;4;4;4;4;4;4;4;4;4;4;4;4;4;4;4;4;4;4;4;4;4;4;4;4;4;4;4;4;4;4;4;4;4;4
riskCount-soc-temperature;0;0;2;2;2;2;0;0;0;0;0;0;1;1;1;1;1;1;2;2;2;2;2;2;2;2;2;2;2;2;2;2;2;2;2;2;2;2;2
riskCount-soc-gate;1;1;6;6;6;6;6;6;6;6;6;6;6;6;6;6;6;6;1;1;1;1;1;1;1;1;1;1;1;1;2;2;2;2;2;2;2;2;2
riskUnique-global;25;25;25;25;25;25;25;25;25;25;25;25;25;25;25;25;25;25;25;16;16;16;16;16;16;16;16;16;16;16;16;25;25;25;25;25;25;25;25;25;25;25;25;25;25;25;25;25;25;25;25;25
riskUnique-total;0;1;11;11;11;11;11;13;13;13;13;13;13;13;13;13;13;13;13;13;13;13;13;13;13;13;13;13;13;13;13;13;13;13;13;13;13;13;13;13;13;13;13;13;13;13;13;13;13;13;13;13
riskDamage-global;636,01;636,01;636,01;636,01;636,01;636,01;636,01;636,01;636,01;636,01;636,01;636,01;636,01;636,01;636,01;636,01;636,01;636,01;636,01;406,70;406,70;406,70;406,70;406,70;406,70;406,70;406,70;406,70;406,70;406,70;406,70;636,01;636,01;636,01;636,01;636,01;636,01;636,01;636,01;636,01;636,01;636,01;636,01;636,01;636,01;636,01;636,01;636,01;636,01;636,01;636,01;636,01
riskDamage-printer;0,00;0,00;0,00;0,00;0,00;0,00;0,00;0,00;0,00;0,00;0,00;0,00;0,00;0,00;0,00;0,00;0,00;0,00;0,00;0,00;0,00;0,00;0,00;0,00;0,00;0,00;0,00;0,00;0,00;0,00;0,00;0,00;0,00;0,00;0,00;0,00;0,00;0,00;0,00;0,00;0,00;0,00;0,00;0,00;0,00;0,00;0,00;0,00;0,00;0,00;0,00;0,00
riskDamage-%-printer;0,0000;0,0000;0,0000;0,0000;0,0000;0,0000;0,0000;0,0000;0,0000;0,0000;0,0000;0,0000;0,0000;0,0000;0,0000;0,0000;0,0000;0,0000;0,0000;0,0000;0,0000;0,0000;0,0000;0,0000;0,0000;0,0000;0,0000;0,0000;0,0000;0,0000;0,0000;0,0000;0,0000;0,0000;0,0000;0,0000;0,0000;0,0000;0,0000;0,0000;0,0000;0,0000;0,0000;0,0000;0,0000;0,0000;0,0000;0,0000;0,0000;0,0000;0,0000;0,0000
riskDamage-soc-motion;0,00;83,60;83,60;83,60;83,60;83,60;83,60;166,83;166,83;166,83;166,83;166,83;166,83;166,83;166,83;166,83;166,83;166,83;166,83;166,83;166,83;166,83;166,83;166,83;166,83;166,83;166,83;166,83;166,83;166,83;166,83;166,83;166,83;166,83;166,83;166,83;166,83;166,83;166,83;166,83;166,83;166,83;166,83;166,83;166,83;166,83;166,83;166,83;166,83;166,83;166,83;166,83
riskDamage-%-soc-motion;0,0000;0,1315;0,1315;0,1315;0,1315;0,1315;0,1315;0,2623;0,2623;0,2623;0,2623;0,2623;0,2623;0,2623;0,2623;0,2623;0,2623;0,2623;0,2623;0,4102;0,4102;0,4102;0,4102;0,4102;0,4102;0,4102;0,4102;0,4102;0,4102;0,4102;0,4102;0,2623;0,2623;0,2623;0,2623;0,2623;0,2623;0,2623;0,2623;0,2623;0,2623;0,2623;0,2623;0,2623;0,2623;0,2623;0,2623;0,2623;0,2623;0,2623;0,2623;0,2623
riskDamage-soc-alarm;0,00;0,00;99,46;99,46;99,46;99,46;99,46;99,46;99,46;99,46;99,46;99,46;99,46;99,46;99,46;99,46;99,46;99,46;99,46;198,48;198,48;198,48;198,48;198,48;198,48;198,48;198,48;198,48;198,48;198,48;198,48;198,48;198,48;198,48;198,48;198,48;198,48;198,48;198,48;198,48;198,48;198,48;198,48;198,48;198,48;198,48;198,48;198,48;198,48;198,48;198,48;198,48
riskDamage-%-soc-alarm;0,0000;0,0000;0,1564;0,1564;0,1564;0,1564;0,1564;0,1564;0,1564;0,1564;0,1564;0,1564;0,1564;0,1564;0,1564;0,1564;0,1564;0,1564;0,1564;0,4880;0,4880;0,4880;0,4880;0,4880;0,4880;0,4880;0,4880;0,4880;0,4880;0,4880;0,4880;0,3121;0,3121;0,3121;0,3121;0,3121;0,3121;0,3121;0,3121;0,3121;0,3121;0,3121;0,3121;0,3121;0,3121;0,3121;0,3121;0,3121;0,3121;0,3121;0,3121;0,3121
riskDamage-soc-humidity;0,00;0,00;87,57;87,57;87,57;87,57;87,57;87,57;87,57;87,57;87,57;87,57;87,57;87,57;87,57;87,57;87,57;87,57;87,57;174,75;174,75;174,75;174,75;174,75;174,75;174,75;174,75;174,75;174,75;174,75;174,75;174,75;174,75;174,75;174,75;174,75;174,75;174,75;174,75;174,75;174,75;174,75;174,75;174,75;174,75;174,75;174,75;174,75;174,75;174,75;174,75;174,75
riskDamage-%-soc-humidity;0,0000;0,0000;0,1377;0,1377;0,1377;0,1377;0,1377;0,1377;0,1377;0,1377;0,1377;0,1377;0,1377;0,1377;0,1377;0,1377;0,1377;0,1377;0,1377;0,4297;0,4297;0,4297;0,4297;0,4297;0,4297;0,4297;0,4297;0,4297;0,4297;0,4297;0,4297;0,2748;0,2748;0,2748;0,2748;0,2748;0,2748;0,2748;0,2748;0,2748;0,2748;0,2748;0,2748;0,2748;0,2748;0,2748;0,2748;0,2748;0,2748;0,2748;0,2748;0,2748
riskDamage-soc-door-lock;0,00;0,00;115,32;115,32;115,32;115,32;115,32;115,32;115,32;115,32;115,32;115,32;115,32;115,32;115,32;115,32;115,32;115,32;115,32;230,12;230,12;230,12;230,12;230,12;230,12;230,12;230,12;230,12;230,12;230,12;230,12;230,12;230,12;230,12;230,12;230,12;230,12;230,12;230,12;230,12;230,12;230,12;230,12;230,12;230,12;230,12;230,12;230,12;230,12;230,12;230,12;230,12
riskDamage-%-soc-door-lock;0,0000;0,0000;0,1813;0,1813;0,1813;0,1813;0,1813;0,1813;0,1813;0,1813;0,1813;0,1813;0,1813;0,1813;0,1813;0,1813;0,1813;0,1813;0,1813;0,5658;0,5658;0,5658;0,5658;0,5658;0,5658;0,5658;0,5658;0,5658;0,5658;0,5658;0,5658;0,3618;0,3618;0,3618;0,3618;0,3618;0,3618;0,3618;0,3618;0,3618;0,3618;0,3618;0,3618;0,3618;0,3618;0,3618;0,3618;0,3618;0,3618;0,3618;0,3618;0,3618
riskDamage-server;3,98;3,98;3,98;3,98;3,98;3,98;3,98;3,98;3,98;3,98;3,98;3,98;3,98;3,98;3,98;3,98;3,98;3,98;3,98;3,98;3,98;3,98;3,98;3,98;3,98;3,98;3,98;3,98;3,98;3,98;3,98;3,98;3,98;3,98;3,98;3,98;3,98;3,98;3,98;3,98;3,98;3,98;3,98;3,98;3,98;3,98;3,98;3,98;3,98;3,98;3,98;3,98
riskDamage-%-server;0,0063;0,0063;0,0063;0,0063;0,0063;0,0063;0,0063;0,0063;0,0063;0,0063;0,0063;0,0063;0,0063;0,0063;0,0063;0,0063;0,0063;0,0063;0,0063;0,0098;0,0098;0,0098;0,0098;0,0098;0,0098;0,0098;0,0098;0,0098;0,0098;0,0098;0,0098;0,0063;0,0063;0,0063;0,0063;0,0063;0,0063;0,0063;0,0063;0,0063;0,0063;0,0063;0,0063;0,0063;0,0063;0,0063;0,0063;0,0063;0,0063;0,0063;0,0063;0,0063
riskDamage-iot-controller;79,64;83,60;317,35;317,35;317,35;317,35;317,35;317,35;317,35;317,35;317,35;317,35;317,35;317,35;317,35;317,35;317,35;317,35;317,35;317,35;317,35;317,35;317,35;317,35;317,35;317,35;317,35;317,35;317,35;317,35;317,35;317,35;317,35;317,35;317,35;317,35;317,35;317,35;317,35;317,35;317,35;317,35;317,35;317,35;317,35;317,35;317,35;317,35;317,35;317,35;317,35;317,35
riskDamage-%-iot-controller;0,1252;0,1315;0,4990;0,4990;0,4990;0,4990;0,4990;0,4990;0,4990;0,4990;0,4990;0,4990;0,4990;0,4990;0,4990;0,4990;0,4990;0,4990;0,4990;0,7803;0,7803;0,7803;0,7803;0,7803;0,7803;0,7803;0,7803;0,7803;0,7803;0,7803;0,7803;0,4990;0,4990;0,4990;0,4990;0,4990;0,4990;0,4990;0,4990;0,4990;0,4990;0,4990;0,4990;0,4990;0,4990;0,4990;0,4990;0,4990;0,4990;0,4990;0,4990;0,4990
riskDamage-soc-smoke;0,00;0,00;83,60;83,60;83,60;83,60;83,60;166,83;166,83;166,83;166,83;166,83;166,83;166,83;166,83;166,83;166,83;166,83;166,83;166,83;166,83;166,83;166,83;166,83;166,83;166,83;166,83;166,83;166,83;166,83;166,83;166,83;166,83;166,83;166,83;166,83;166,83;166,83;166,83;166,83;166,83;166,83;166,83;166,83;166,83;166,83;166,83;166,83;166,83;166,83;166,83;166,83
riskDamage-%-soc-smoke;0,0000;0,0000;0,1315;0,1315;0,1315;0,1315;0,1315;0,2623;0,2623;0,2623;0,2623;0,2623;0,2623;0,2623;0,2623;0,2623;0,2623;0,2623;0,2623;0,4102;0,4102;0,4102;0,4102;0,4102;0,4102;0,4102;0,4102;0,4102;0,4102;0,4102;0,4102;0,2623;0,2623;0,2623;0,2623;0,2623;0,2623;0,2623;0,2623;0,2623;0,2623;0,2623;0,2623;0,2623;0,2623;0,2623;0,2623;0,2623;0,2623;0,2623;0,2623;0,2623
riskDamage-desktop;0,00;0,00;83,60;83,60;83,60;83,60;83,60;166,83;166,83;166,83;166,83;166,83;166,83;166,83;166,83;166,83;166,83;166,83;166,83;166,83;166,83;166,83;166,83;166,83;166,83;166,83;166,83;166,83;166,83;166,83;166,83;166,83;166,83;166,83;166,83;166,83;166,83;166,83;166,83;166,83;166,83;166,83;166,83;166,83;166,83;166,83;166,83;166,83;166,83;166,83;166,83;166,83
riskDamage-%-desktop;0,0000;0,0000;0,1315;0,1315;0,1315;0,1315;0,1315;0,2623;0,2623;0,2623;0,2623;0,2623;0,2623;0,2623;0,2623;0,2623;0,2623;0,2623;0,2623;0,4102;0,4102;0,4102;0,4102;0,4102;0,4102;0,4102;0,4102;0,4102;0,4102;0,4102;0,4102;0,2623;0,2623;0,2623;0,2623;0,2623;0,2623;0,2623;0,2623;0,2623;0,2623;0,2623;0,2623;0,2623;0,2623;0,2623;0,2623;0,2623;0,2623;0,2623;0,2623;0,2623
riskDamage-soc-light;0,00;0,00;83,60;83,60;83,60;83,60;83,60;166,83;166,83;166,83;166,83;166,83;166,83;166,83;166,83;166,83;166,83;166,83;166,83;166,83;166,83;166,83;166,83;166,83;166,83;166,83;166,83;166,83;166,83;166,83;166,83;166,83;166,83;166,83;166,83;166,83;166,83;166,83;166,83;166,83;166,83;166,83;166,83;166,83;166,83;166,83;166,83;166,83;166,83;166,83;166,83;166,83
riskDamage-%-soc-light;0,0000;0,0000;0,1315;0,1315;0,1315;0,1315;0,1315;0,2623;0,2623;0,2623;0,2623;0,2623;0,2623;0,2623;0,2623;0,2623;0,2623;0,2623;0,2623;0,4102;0,4102;0,4102;0,4102;0,4102;0,4102;0,4102;0,4102;0,4102;0,4102;0,4102;0,4102;0,2623;0,2623;0,2623;0,2623;0,2623;0,2623;0,2623;0,2623;0,2623;0,2623;0,2623;0,2623;0,2623;0,2623;0,2623;0,2623;0,2623;0,2623;0,2623;0,2623;0,2623
riskDamage-soc-temperature;0,00;0,00;83,60;83,60;83,60;83,60;0,00;0,00;0,00;0,00;0,00;0,00;79,64;79,64;79,64;79,64;79,64;79,64;158,92;158,92;158,92;158,92;158,92;158,92;158,92;158,92;158,92;158,92;158,92;158,92;158,92;158,92;158,92;158,92;158,92;158,92;158,92;158,92;158,92
riskDamage-%-soc-temperature;0,0000;0,0000;0,1315;0,1315;0,1315;0,1315;0,0000;0,0000;0,0000;0,0000;0,0000;0,0000;0,1958;0,1958;0,1958;0,1958;0,1958;0,1958;0,2499;0,2499;0,2499;0,2499;0,2499;0,2499;0,2499;0,2499;0,2499;0,2499;0,2499;0,2499;0,2499;0,2499;0,2499;0,2499;0,2499;0,2499;0,2499;0,2499;0,2499
riskDamage-soc-gate;23,89;23,89;214,51;214,51;214,51;214,51;214,51;214,51;214,51;214,51;214,51;214,51;214,51;214,51;214,51;214,51;214,51;214,51;23,89;23,89;23,89;23,89;23,89;23,89;23,89;23,89;23,89;23,89;23,89;23,89;103,18;103,18;103,18;103,18;103,18;103,18;103,18;103,18;103,18
riskDamage-%-soc-gate;0,0376;0,0376;0,3373;0,3373;0,3373;0,3373;0,3373;0,3373;0,3373;0,3373;0,3373;0,3373;0,3373;0,3373;0,3373;0,3373;0,3373;0,3373;0,0376;0,0376;0,0376;0,0376;0,0376;0,0376;0,0376;0,0376;0,0376;0,0376;0,0376;0,0376;0,1622;0,1622;0,1622;0,1622;0,1622;0,1622;0,1622;0,1622;0,1622
auctioning-time-global;0;0;8006;48020;48020;48020;48020;88036;88036;88036;88036;88036;88036;124047;124047;124047;124047;124047;124047;156064;156064;156064;156064;156064;156064;188079;188079;188079;188079;188079;188079;220093;220093;220093;220093;220093;220093;252110;252110;252110;252110;252110;252110;284123;284123;284123;284123;284123;284123;316129;316129;316129
migrating-time-global;0;0;0;0;0;0;0;0;0;0;0;0;0;0;0;0;0;0;0;0;0;0;0;0;0;0;0;0;0;0;0;0;0;0;0;0;0;0;0;0;0;0;0;0;0;0;0;0;0;0;0;0
auctioning-time-printer;0;0;0;0;0;0;0;0;0;0;0;0;0;0;0;0;0;0;0;0;0;0;0;0;0;0;0;0;0;0;0;0;0;0;0;0;0;0;0;0;0;0;0;0;0;0;0;0;0;0;0;0
migrating-time-printer;0;0;0;0;0;0;0;0;0;0;0;0;0;0;0;0;0;0;0;0;0;0;0;0;0;0;0;0;0;0;0;0;0;0;0;0;0;0;0;0;0;0;0;0;0;0;0;0;0;0;0;0
auctioning-time-soc-motion;0;0;4003;8005;8005;8005;8005;12007;12007;12007;12007;12007;12007;16008;16008;16008;16008;16008;16008;20010;20010;20010;20010;20010;20010;24012;24012;24012;24012;24012;24012;28014;28014;28014;28014;28014;28014;32016;32016;32016;32016;32016;32016;36017;36017;36017;36017;36017;36017;40019;40019;40019
migrating-time-soc-motion;0;0;0;0;0;0;0;0;0;0;0;0;0;0;0;0;0;0;0;0;0;0;0;0;0;0;0;0;0;0;0;0;0;0;0;0;0;0;0;0;0;0;0;0;0;0;0;0;0;0;0;0
auctioning-time-soc-alarm;0;0;0;4002;4002;4002;4002;8004;8004;8004;8004;8004;8004;12005;12005;12005;12005;12005;12005;16008;16008;16008;16008;16008;16008;20009;20009;20009;20009;20009;20009;24010;24010;24010;24010;24010;24010;28012;28012;28012;28012;28012;28012;32013;32013;32013;32013;32013;32013;36015;36015;36015
migrating-time-soc-alarm;0;0;0;0;0;0;0;0;0;0;0;0;0;0;0;0;0;0;0;0;0;0;0;0;0;0;0;0;0;0;0;0;0;0;0;0;0;0;0;0;0;0;0;0;0;0;0;0;0;0;0;0
auctioning-time-soc-humidity;0;0;0;4002;4002;4002;4002;8003;8003;8003;8003;8003;8003;12004;12004;12004;12004;12004;12004;16007;16007;16007;16007;16007;16007;20009;20009;20009;20009;20009;20009;24010;24010;24010;24010;24010;24010;28013;28013;28013;28013;28013;28013;32015;32015;32015;32015;32015;32015;36016;36016;36016
migrating-time-soc-humidity;0;0;0;0;0;0;0;0;0;0;0;0;0;0;0;0;0;0;0;0;0;0;0;0;0;0;0;0;0;0;0;0;0;0;0;0;0;0;0;0;0;0;0;0;0;0;0;0;0;0;0;0
auctioning-time-soc-door-lock;0;0;0;4001;4001;4001;4001;8003;8003;8003;8003;8003;8003;12004;12004;12004;12004;12004;12004;16006;16006;16006;16006;16006;16006;20007;20007;20007;20007;20007;20007;24009;24009;24009;24009;24009;24009;28011;28011;28011;28011;28011;28011;32013;32013;32013;32013;32013;32013;36014;36014;36014
migrating-time-soc-door-lock;0;0;0;0;0;0;0;0;0;0;0;0;0;0;0;0;0;0;0;0;0;0;0;0;0;0;0;0;0;0;0;0;0;0;0;0;0;0;0;0;0;0;0;0;0;0;0;0;0;0;0;0
auctioning-time-server;0;0;0;0;0;0;0;4001;4001;4001;4001;4001;4001;4001;4001;4001;4001;4001;4001;4001;4001;4001;4001;4001;4001;4001;4001;4001;4001;4001;4001;4001;4001;4001;4001;4001;4001;4001;4001;4001;4001;4001;4001;4001;4001;4001;4001;4001;4001;4001;4001;4001
migrating-time-server;0;0;0;0;0;0;0;0;0;0;0;0;0;0;0;0;0;0;0;0;0;0;0;0;0;0;0;0;0;0;0;0;0;0;0;0;0;0;0;0;0;0;0;0;0;0;0;0;0;0;0;0
auctioning-time-iot-controller;0;0;4003;8004;8004;8004;8004;12006;12006;12006;12006;12006;12006;16007;16007;16007;16007;16007;16007;20009;20009;20009;20009;20009;20009;24011;24011;24011;24011;24011;24011;28013;28013;28013;28013;28013;28013;32015;32015;32015;32015;32015;32015;36017;36017;36017;36017;36017;36017;40017;40017;40017
migrating-time-iot-controller;0;0;0;0;0;0;0;0;0;0;0;0;0;0;0;0;0;0;0;0;0;0;0;0;0;0;0;0;0;0;0;0;0;0;0;0;0;0;0;0;0;0;0;0;0;0;0;0;0;0;0;0
auctioning-time-soc-smoke;0;0;0;4001;4001;4001;4001;8003;8003;8003;8003;8003;8003;12004;12004;12004;12004;12004;12004;16006;16006;16006;16006;16006;16006;20008;20008;20008;20008;20008;20008;24010;24010;24010;24010;24010;24010;28012;28012;28012;28012;28012;28012;32014;32014;32014;32014;32014;32014;36014;36014;36014
migrating-time-soc-smoke;0;0;0;0;0;0;0;0;0;0;0;0;0;0;0;0;0;0;0;0;0;0;0;0;0;0;0;0;0;0;0;0;0;0;0;0;0;0;0;0;0;0;0;0;0;0;0;0;0;0;0;0
auctioning-time-desktop;0;0;0;4000;4000;4000;4000;8001;8001;8001;8001;8001;8001;12002;12002;12002;12002;12002;12002;16002;16002;16002;16002;16002;16002;20004;20004;20004;20004;20004;20004;24006;24006;24006;24006;24006;24006;28008;28008;28008;28008;28008;28008;32009;32009;32009;32009;32009;32009;36009;36009;36009
migrating-time-desktop;0;0;0;0;0;0;0;0;0;0;0;0;0;0;0;0;0;0;0;0;0;0;0;0;0;0;0;0;0;0;0;0;0;0;0;0;0;0;0;0;0;0;0;0;0;0;0;0;0;0;0;0
auctioning-time-soc-light;0;0;0;4002;4002;4002;4002;8004;8004;8004;8004;8004;8004;12005;12005;12005;12005;12005;12005;16008;16008;16008;16008;16008;16008;20011;20011;20011;20011;20011;20011;24013;24013;24013;24013;24013;24013;28015;28015;28015;28015;28015;28015;32017;32017;32017;32017;32017;32017;36017;36017;36017
migrating-time-soc-light;0;0;0;0;0;0;0;0;0;0;0;0;0;0;0;0;0;0;0;0;0;0;0;0;0;0;0;0;0;0;0;0;0;0;0;0;0;0;0;0;0;0;0;0;0;0;0;0;0;0;0;0
auctioning-time-soc-temperature;0;0;0;4001;4001;4001;0;0;0;0;0;0;0;0;0;0;0;0;0;0;0;0;0;0;0;0;0;0;0;0;0;0;0;0;0;0;0;0;0
migrating-time-soc-temperature;0;0;0;0;0;0;0;0;0;0;0;0;0;0;0;0;0;0;0;0;0;0;0;0;0;0;0;0;0;0;0;0;0;0;0;0;0;0;0
auctioning-time-soc-gate;0;0;0;4002;4002;4002;4002;8003;8003;8003;8003;8003;8003;12006;12006;12006;12006;12006;0;0;0;0;0;0;0;0;0;0;0;0;0;0;0;0;0;0;0;0;0
migrating-time-soc-gate;0;0;0;0;0;0;0;0;0;0;0;0;0;0;0;0;0;0;0;0;0;0;0;0;0;0;0;0;0;0;0;0;0;0;0;0;0;0;0
