timestamps;0;5000;10000;15000;20000;25000;30000;35000;40000;45000;50000;55000;60000;65000;70000;75000;80000;85000;90000;95000;100000;105000;110000;115000;120000;125000;130000;135000;140000;145000;150000;155000;160000;165000;170000;175000;180000;185000;190000;195000;200000;205000;210000;215000;220000;225000;230000;235000;240000;242159
messages-total;0;109;242;368;368;433;434;495;496;496;496;496;496;496;497;497;497;497;497;499;499;499;499;499;499;500;500;500;500;500;500;502;502;502;502;502;502;502;502;502;502;502;502;502;502;502;502;502;502;502
messages-printer;0;0;0;0;0;0;0;0;0;0;0;0;0;0;0;0;0;0;0;0;0;0;0;0;0;0;0;0;0;0;0;0;0;0;0;0;0;0;0;0;0;0;0;0;0;0;0;0;0;0
messages-soc-custom-9;0;1;3;5;5;6;6;7;7;7;7;7;7;7;7;7;7;7;7;7;7;7;7;7;7;7;7;7;7;7;7;7;7;7;7;7;7;7;7;7;7;7;7;7;7;7;7;7;7;7
messages-soc-custom-7;0;1;3;5;5;6;6;7;7;7;7;7;7;7;7;7;7;7;7;7;7;7;7;7;7;7;7;7;7;7;7;7;7;7;7;7;7;7;7;7;7;7;7;7;7;7;7;7;7;7
messages-soc-custom-8;0;1;3;5;5;6;6;7;7;7;7;7;7;7;7;7;7;7;7;7;7;7;7;7;7;7;7;7;7;7;7;7;7;7;7;7;7;7;7;7;7;7;7;7;7;7;7;7;7;7
messages-soc-custom-16;0;1;3;5;5;6;6;7;7;7;7;7;7;7;7;7;7;7;7;7;7;7;7;7;7;7;7;7;7;7;7;7;7;7;7;7;7;7;7;7;7;7;7;7;7;7;7;7;7;7
messages-soc-custom-17;0;1;3;5;5;6;6;7;7;7;7;7;7;7;7;7;7;7;7;7;7;7;7;7;7;7;7;7;7;7;7;7;7;7;7;7;7;7;7;7;7;7;7;7;7;7;7;7;7;7
messages-soc-custom-14;0;1;3;5;5;6;6;7;7;7;7;7;7;7;7;7;7;7;7;7;7;7;7;7;7;7;7;7;7;7;7;7;7;7;7;7;7;7;7;7;7;7;7;7;7;7;7;7;7;7
messages-soc-custom-15;0;1;3;5;5;6;6;7;7;7;7;7;7;7;7;7;7;7;7;7;7;7;7;7;7;7;7;7;7;7;7;7;7;7;7;7;7;7;7;7;7;7;7;7;7;7;7;7;7;7
messages-soc-alarm;0;1;3;5;5;6;6;7;7;7;7;7;7;7;7;7;7;7;7;7;7;7;7;7;7;7;7;7;7;7;7;7;7;7;7;7;7;7;7;7;7;7;7;7;7;7;7;7;7;7
messages-soc-custom-18;0;1;3;5;5;6;6;7;7;7;7;7;7;7;7;7;7;7;7;7;7;7;7;7;7;7;7;7;7;7;7;7;7;7;7;7;7;7;7;7;7;7;7;7;7;7;7;7;7;7
messages-soc-custom-19;0;1;3;5;5;6;6;7;7;7;7;7;7;7;7;7;7;7;7;7;7;7;7;7;7;7;7;7;7;7;7;7;7;7;7;7;7;7;7;7;7;7;7;7;7;7;7;7;7;7
messages-soc-custom-12;0;1;3;5;5;6;6;7;7;7;7;7;7;7;7;7;7;7;7;7;7;7;7;7;7;7;7;7;7;7;7;7;7;7;7;7;7;7;7;7;7;7;7;7;7;7;7;7;7;7
messages-soc-custom-13;0;1;3;5;5;6;6;7;7;7;7;7;7;7;7;7;7;7;7;7;7;7;7;7;7;7;7;7;7;7;7;7;7;7;7;7;7;7;7;7;7;7;7;7;7;7;7;7;7;7
messages-soc-custom-10;0;1;3;5;5;6;6;7;7;7;7;7;7;7;7;7;7;7;7;7;7;7;7;7;7;7;7;7;7;7;7;7;7;7;7;7;7;7;7;7;7;7;7;7;7;7;7;7;7;7
messages-soc-custom-11;0;1;3;5;5;6;6;7;7;7;7;7;7;7;7;7;7;7;7;7;7;7;7;7;7;7;7;7;7;7;7;7;7;7;7;7;7;7;7;7;7;7;7;7;7;7;7;7;7;7
messages-soc-custom-27;0;1;3;5;5;6;6;7;7;7;7;7;7;7;7;7;7;7;7;7;7;7;7;7;7;7;7;7;7;7;7;7;7;7;7;7;7;7;7;7;7;7;7;7;7;7;7;7;7;7
messages-soc-custom-28;0;1;3;5;5;6;6;7;7;7;7;7;7;7;7;7;7;7;7;7;7;7;7;7;7;7;7;7;7;7;7;7;7;7;7;7;7;7;7;7;7;7;7;7;7;7;7;7;7;7
messages-soc-custom-25;0;1;3;5;5;6;6;7;7;7;7;7;7;7;7;7;7;7;7;7;7;7;7;7;7;7;7;7;7;7;7;7;7;7;7;7;7;7;7;7;7;7;7;7;7;7;7;7;7;7
messages-soc-custom-26;0;1;3;5;5;6;6;7;7;7;7;7;7;7;7;7;7;7;7;7;7;7;7;7;7;7;7;7;7;7;7;7;7;7;7;7;7;7;7;7;7;7;7;7;7;7;7;7;7;7
messages-soc-custom-29;0;1;3;5;5;6;6;7;7;7;7;7;7;7;7;7;7;7;7;7;7;7;7;7;7;7;7;7;7;7;7;7;7;7;7;7;7;7;7;7;7;7;7;7;7;7;7;7;7;7
messages-soc-custom-20;0;1;3;5;5;6;6;7;7;7;7;7;7;7;7;7;7;7;7;7;7;7;7;7;7;7;7;7;7;7;7;7;7;7;7;7;7;7;7;7;7;7;7;7;7;7;7;7;7;7
messages-soc-light;0;1;3;5;5;6;6;7;7;7;7;7;7;7;7;7;7;7;7;7;7;7;7;7;7;7;7;7;7;7;7;7;7;7;7;7;7;7;7;7;7;7;7;7;7;7;7;7;7;7
messages-soc-custom-23;0;1;3;5;5;6;6;7;7;7;7;7;7;7;7;7;7;7;7;7;7;7;7;7;7;7;7;7;7;7;7;7;7;7;7;7;7;7;7;7;7;7;7;7;7;7;7;7;7;7
messages-soc-custom-24;0;1;3;5;5;6;6;7;7;7;7;7;7;7;7;7;7;7;7;7;7;7;7;7;7;7;7;7;7;7;7;7;7;7;7;7;7;7;7;7;7;7;7;7;7;7;7;7;7;7
messages-soc-custom-21;0;1;3;5;5;6;6;7;7;7;7;7;7;7;7;7;7;7;7;7;7;7;7;7;7;7;7;7;7;7;7;7;7;7;7;7;7;7;7;7;7;7;7;7;7;7;7;7;7;7
messages-soc-custom-22;0;1;3;5;5;6;6;7;7;7;7;7;7;7;7;7;7;7;7;7;7;7;7;7;7;7;7;7;7;7;7;7;7;7;7;7;7;7;7;7;7;7;7;7;7;7;7;7;7;7
messages-soc-motion;0;1;3;5;5;6;6;7;7;7;7;7;7;7;7;7;7;7;7;7;7;7;7;7;7;7;7;7;7;7;7;7;7;7;7;7;7;7;7;7;7;7;7;7;7;7;7;7;7;7
messages-soc-humidity;0;1;3;5;5;6;6;7;7;7;7;7;7;7;7;7;7;7;7;7;7;7;7;7;7;7;7;7;7;7;7;7;7;7;7;7;7;7;7;7;7;7;7;7;7;7;7;7;7;7
messages-server;0;0;0;0;0;0;0;0;0;0;0;0;0;0;0;0;0;0;0;0;0;0;0;0;0;0;0;0;0;0;0;0;0;0;0;0;0;0;0;0;0;0;0;0;0;0;0;0;0;0
messages-soc-smoke;0;1;3;5;5;6;6;7;7;7;7;7;7;7;7;7;7;7;7;7;7;7;7;7;7;7;7;7;7;7;7;7;7;7;7;7;7;7;7;7;7;7;7;7;7;7;7;7;7;7
messages-soc-temperature;0;1;3;5;5;6;6;7;7;7;7;7;7;7;7;7;7;7;7;7;7;7;7;7;7;7;7;7;7;7;7;7;7;7;7;7;7;7;7;7;7;7;7;7;7;7;7;7;7;7
messages-soc-custom-50;0;1;3;5;5;6;6;7;7;7;7;7;7;7;7;7;7;7;7;7;7;7;7;7;7;7;7;7;7;7;7;7;7;7;7;7;7;7;7;7;7;7;7;7;7;7;7;7;7;7
messages-iot-controller;0;50;66;73;73;79;80;81;82;82;82;82;82;82;83;83;83;83;83;83;83;83;83;83;83;83;83;83;83;83;83;83;83;83;83;83;83;83;83;83;83;83;83;83;83;83;83;83;83;83
messages-soc-custom-38;0;1;3;5;5;6;6;7;7;7;7;7;7;7;7;7;7;7;7;7;7;7;7;7;7;7;7;7;7;7;7;7;7;7;7;7;7;7;7;7;7;7;7;7;7;7;7;7;7;7
messages-soc-custom-39;0;1;3;5;5;6;6;7;7;7;7;7;7;7;7;7;7;7;7;7;7;7;7;7;7;7;7;7;7;7;7;7;7;7;7;7;7;7;7;7;7;7;7;7;7;7;7;7;7;7
messages-soc-custom-36;0;1;3;5;5;6;6;7;7;7;7;7;7;7;7;7;7;7;7;7;7;7;7;7;7;7;7;7;7;7;7;7;7;7;7;7;7;7;7;7;7;7;7;7;7;7;7;7;7;7
messages-soc-custom-37;0;1;3;5;5;6;6;7;7;7;7;7;7;7;7;7;7;7;7;7;7;7;7;7;7;7;7;7;7;7;7;7;7;7;7;7;7;7;7;7;7;7;7;7;7;7;7;7;7;7
messages-soc-custom-30;0;1;3;5;5;6;6;7;7;7;7;7;7;7;7;7;7;7;7;7;7;7;7;7;7;7;7;7;7;7;7;7;7;7;7;7;7;7;7;7;7;7;7;7;7;7;7;7;7;7
messages-soc-custom-31;0;1;3;5;5;6;6;7;7;7;7;7;7;7;7;7;7;7;7;7;7;7;7;7;7;7;7;7;7;7;7;7;7;7;7;7;7;7;7;7;7;7;7;7;7;7;7;7;7;7
messages-soc-custom-34;0;1;3;5;5;6;6;7;7;7;7;7;7;7;7;7;7;7;7;7;7;7;7;7;7;7;7;7;7;7;7;7;7;7;7;7;7;7;7;7;7;7;7;7;7;7;7;7;7;7
messages-soc-custom-35;0;1;3;5;5;6;6;7;7;7;7;7;7;7;7;7;7;7;7;7;7;7;7;7;7;7;7;7;7;7;7;7;7;7;7;7;7;7;7;7;7;7;7;7;7;7;7;7;7;7
messages-soc-custom-32;0;1;3;5;5;6;6;7;7;7;7;7;7;7;7;7;7;7;7;7;7;7;7;7;7;7;7;7;7;7;7;7;7;7;7;7;7;7;7;7;7;7;7;7;7;7;7;7;7;7
messages-soc-custom-33;0;1;3;5;5;6;6;7;7;7;7;7;7;7;7;7;7;7;7;7;7;7;7;7;7;7;7;7;7;7;7;7;7;7;7;7;7;7;7;7;7;7;7;7;7;7;7;7;7;7
messages-soc-door-lock;0;1;3;5;5;6;6;7;7;7;7;7;7;7;7;7;7;7;7;7;7;7;7;7;7;7;7;7;7;7;7;7;7;7;7;7;7;7;7;7;7;7;7;7;7;7;7;7;7;7
messages-soc-gate;0;1;3;5;5;6;6;7;7;7;7;7;7;7;7;7;7;7;7;7;7;7;7;7;7;7;7;7;7;7;7;7;7;7;7;7;7;7;7;7;7;7;7;7;7;7;7;7;7;7
messages-soc-custom-49;0;1;3;5;5;6;6;7;7;7;7;7;7;7;7;7;7;7;7;7;7;7;7;7;7;7;7;7;7;7;7;7;7;7;7;7;7;7;7;7;7;7;7;7;7;7;7;7;7;7
messages-soc-custom-47;0;1;4;5;5;6;6;7;7;7;7;7;7;7;7;7;7;7;7;7;7;7;7;7;7;7;7;7;7;7;7;7;7;7;7;7;7;7;7;7;7;7;7;7;7;7;7;7;7;7
messages-soc-custom-48;0;1;4;5;5;6;6;7;7;7;7;7;7;7;7;7;7;7;7;7;7;7;7;7;7;7;7;7;7;7;7;7;7;7;7;7;7;7;7;7;7;7;7;7;7;7;7;7;7;7
messages-desktop;0;1;4;5;5;6;6;7;7;7;7;7;7;7;7;7;7;7;7;7;7;7;7;7;7;7;7;7;7;7;7;7;7;7;7;7;7;7;7;7;7;7;7;7;7;7;7;7;7;7
messages-soc-custom-5;0;1;4;5;5;6;6;7;7;7;7;7;7;7;7;7;7;7;7;7;7;7;7;7;7;7;7;7;7;7;7;7;7;7;7;7;7;7;7;7;7;7;7;7;7;7;7;7;7;7
messages-soc-custom-41;0;1;4;5;5;6;6;7;7;7;7;7;7;7;7;7;7;7;7;7;7;7;7;7;7;7;7;7;7;7;7;7;7;7;7;7;7;7;7;7;7;7;7;7;7;7;7;7;7;7
messages-soc-custom-42;0;1;4;5;5;6;6;7;7;7;7;7;7;7;7;7;7;7;7;7;7;7;7;7;7;7;7;7;7;7;7;7;7;7;7;7;7;7;7;7;7;7;7;7;7;7;7;7;7;7
messages-soc-custom-6;0;1;4;5;5;6;6;7;7;7;7;7;7;7;7;7;7;7;7;7;7;7;7;7;7;7;7;7;7;7;7;7;7;7;7;7;7;7;7;7;7;7;7;7;7;7;7;7;7;7
messages-soc-custom-3;0;1;4;5;5;6;6;7;7;7;7;7;7;7;7;7;7;7;7;7;7;7;7;7;7;7;7;7;7;7;7;7;7;7;7;7;7;7;7;7;7;7;7;7;7;7;7;7;7;7
messages-soc-custom-4;0;1;4;5;5;6;6;7;7;7;7;7;7;7;7;7;7;7;7;7;7;7;7;7;7;7;7;7;7;7;7;7;7;7;7;7;7;7;7;7;7;7;7;7;7;7;7;7;7;7
messages-soc-custom-40;0;1;4;5;5;6;6;7;7;7;7;7;7;7;7;7;7;7;7;7;7;7;7;7;7;7;7;7;7;7;7;7;7;7;7;7;7;7;7;7;7;7;7;7;7;7;7;7;7;7
messages-soc-custom-1;0;1;4;5;5;6;6;7;7;7;7;7;7;7;7;7;7;7;7;7;7;7;7;7;7;7;7;7;7;7;7;7;7;7;7;7;7;7;7;7;7;7;7;7;7;7;7;7;7;7
messages-soc-custom-45;0;1;4;5;5;6;6;7;7;7;7;7;7;7;7;7;7;7;7;7;7;7;7;7;7;7;7;7;7;7;7;7;7;7;7;7;7;7;7;7;7;7;7;7;7;7;7;7;7;7
messages-soc-custom-2;0;1;4;5;5;6;6;7;7;7;7;7;7;7;7;7;7;7;7;7;7;7;7;7;7;7;7;7;7;7;7;7;7;7;7;7;7;7;7;7;7;7;7;7;7;7;7;7;7;7
messages-soc-custom-46;0;1;4;5;5;6;6;7;7;7;7;7;7;7;7;7;7;7;7;7;7;7;7;7;7;7;7;7;7;7;7;7;7;7;7;7;7;7;7;7;7;7;7;7;7;7;7;7;7;7
messages-soc-custom-43;0;1;4;5;5;6;6;7;7;7;7;7;7;7;7;7;7;7;7;7;7;7;7;7;7;7;7;7;7;7;7;7;7;7;7;7;7;7;7;7;7;7;7;7;7;7;7;7;7;7
messages-soc-custom-44;0;1;4;5;5;6;6;7;7;7;7;7;7;7;7;7;7;7;7;7;7;7;7;7;7;7;7;7;7;7;7;7;7;7;7;7;7;7;7;7;7;7;7;7;7;7;7;7;7;7
messages-node-z;0;0;0;0;0;0;0;1;1;1;1;1;1;1;1;1;1;1;1;2;2;2;2;2;2;3;3;3;3;3;3;3;3;3;3;3;3;3;3;3;3;3;3;3;3;3;3;3;3;3
messages-node-y;0;0;0;0;0;0;0;0;0;0;0;0;0;0;0;0;0;0;0;1;1;1;1;1;1;1;1;1;1;1;1;1;1;1;1;1;1;1;1;1;1;1;1;1;1;1;1;1;1;1
messages-node-x;0;0;0;0;0;0;0;0;0;0;0;0;0;0;0;0;0;0;0;0;0;0;0;0;0;0;0;0;0;0;0;1;1;1;1;1;1;1;1;1;1;1;1;1;1;1;1;1;1;1
messages-node-w;0;0;0;0;0;0;0;0;0;0;0;0;0;0;0;0;0;0;0;0;0;0;0;0;0;0;0;0;0;0;0;1;1;1;1;1;1;1;1;1;1;1;1;1;1;1;1;1;1;1
messages-node-v;0;0;0;0;0;0;0;0;0;0;0;0;0;0;0;0;0;0;0;0;0;0;0;0;0;0;0;0;0;0;0;0;0;0;0;0;0;0;0;0;0;0;0;0;0;0;0;0;0;0
proposals-total;0;13;91;138;138;165;168;202;209;209;211;211;211;219;222;222;222;222;222;230;230;230;230;230;230;239;239;239;239;239;239;247;247;247;247;247;247;256;256;256;256;256;256;264;264;264;264;264;264;273
proposals-printer;0;0;0;0;0;0;0;0;0;0;0;0;0;0;0;0;0;0;0;0;0;0;0;0;0;0;0;0;0;0;0;0;0;0;0;0;0;0;0;0;0;0;0;0;0;0;0;0;0;0
proposals-soc-custom-9;0;0;0;0;0;0;0;0;0;0;0;0;0;0;0;0;0;0;0;0;0;0;0;0;0;0;0;0;0;0;0;0;0;0;0;0;0;0;0;0;0;0;0;0;0;0;0;0;0;0
proposals-soc-custom-7;0;0;0;0;0;0;0;0;0;0;0;0;0;0;0;0;0;0;0;0;0;0;0;0;0;0;0;0;0;0;0;0;0;0;0;0;0;0;0;0;0;0;0;0;0;0;0;0;0;0
proposals-soc-custom-8;0;0;0;0;0;0;0;0;0;0;0;0;0;0;0;0;0;0;0;0;0;0;0;0;0;0;0;0;0;0;0;0;0;0;0;0;0;0;0;0;0;0;0;0;0;0;0;0;0;0
proposals-soc-custom-16;0;0;0;0;0;0;0;0;0;0;0;0;0;0;0;0;0;0;0;0;0;0;0;0;0;0;0;0;0;0;0;0;0;0;0;0;0;0;0;0;0;0;0;0;0;0;0;0;0;0
proposals-soc-custom-17;0;0;0;0;0;0;0;0;0;0;0;0;0;0;0;0;0;0;0;0;0;0;0;0;0;0;0;0;0;0;0;0;0;0;0;0;0;0;0;0;0;0;0;0;0;0;0;0;0;0
proposals-soc-custom-14;0;0;0;0;0;0;0;0;0;0;0;0;0;0;0;0;0;0;0;0;0;0;0;0;0;0;0;0;0;0;0;0;0;0;0;0;0;0;0;0;0;0;0;0;0;0;0;0;0;0
proposals-soc-custom-15;0;0;0;0;0;0;0;0;0;0;0;0;0;0;0;0;0;0;0;0;0;0;0;0;0;0;0;0;0;0;0;0;0;0;0;0;0;0;0;0;0;0;0;0;0;0;0;0;0;0
proposals-soc-alarm;0;0;13;22;22;25;25;31;31;31;31;31;31;34;34;34;34;34;34;37;37;37;37;37;40;40;40;40;40;40;43;43;43;43;43;43;46;46;46;46;46;46;49;49;49;49;49;49;52;52
proposals-soc-custom-18;0;0;0;0;0;0;0;0;0;0;0;0;0;0;0;0;0;0;0;0;0;0;0;0;0;0;0;0;0;0;0;0;0;0;0;0;0;0;0;0;0;0;0;0;0;0;0;0;0;0
proposals-soc-custom-19;0;0;0;0;0;0;0;0;0;0;0;0;0;0;0;0;0;0;0;0;0;0;0;0;0;0;0;0;0;0;0;0;0;0;0;0;0;0;0;0;0;0;0;0;0;0;0;0;0;0
proposals-soc-custom-12;0;0;0;0;0;0;0;0;0;0;0;0;0;0;0;0;0;0;0;0;0;0;0;0;0;0;0;0;0;0;0;0;0;0;0;0;0;0;0;0;0;0;0;0;0;0;0;0;0;0
proposals-soc-custom-13;0;0;0;0;0;0;0;0;0;0;0;0;0;0;0;0;0;0;0;0;0;0;0;0;0;0;0;0;0;0;0;0;0;0;0;0;0;0;0;0;0;0;0;0;0;0;0;0;0;0
proposals-soc-custom-10;0;0;0;0;0;0;0;0;0;0;0;0;0;0;0;0;0;0;0;0;0;0;0;0;0;0;0;0;0;0;0;0;0;0;0;0;0;0;0;0;0;0;0;0;0;0;0;0;0;0
proposals-soc-custom-11;0;0;0;0;0;0;0;0;0;0;0;0;0;0;0;0;0;0;0;0;0;0;0;0;0;0;0;0;0;0;0;0;0;0;0;0;0;0;0;0;0;0;0;0;0;0;0;0;0;0
proposals-soc-custom-27;0;0;0;0;0;0;0;0;0;0;0;0;0;0;0;0;0;0;0;0;0;0;0;0;0;0;0;0;0;0;0;0;0;0;0;0;0;0;0;0;0;0;0;0;0;0;0;0;0;0
proposals-soc-custom-28;0;0;0;0;0;0;0;0;0;0;0;0;0;0;0;0;0;0;0;0;0;0;0;0;0;0;0;0;0;0;0;0;0;0;0;0;0;0;0;0;0;0;0;0;0;0;0;0;0;0
proposals-soc-custom-25;0;0;0;0;0;0;0;0;0;0;0;0;0;0;0;0;0;0;0;0;0;0;0;0;0;0;0;0;0;0;0;0;0;0;0;0;0;0;0;0;0;0;0;0;0;0;0;0;0;0
proposals-soc-custom-26;0;0;0;0;0;0;0;0;0;0;0;0;0;0;0;0;0;0;0;0;0;0;0;0;0;0;0;0;0;0;0;0;0;0;0;0;0;0;0;0;0;0;0;0;0;0;0;0;0;0
proposals-soc-custom-29;0;0;0;0;0;0;0;0;0;0;0;0;0;0;0;0;0;0;0;0;0;0;0;0;0;0;0;0;0;0;0;0;0;0;0;0;0;0;0;0;0;0;0;0;0;0;0;0;0;0
proposals-soc-custom-20;0;0;0;0;0;0;0;0;0;0;0;0;0;0;0;0;0;0;0;0;0;0;0;0;0;0;0;0;0;0;0;0;0;0;0;0;0;0;0;0;0;0;0;0;0;0;0;0;0;0
proposals-soc-light;0;0;0;0;0;0;0;0;0;0;0;0;0;0;0;0;0;0;0;0;0;0;0;0;0;0;0;0;0;0;0;0;0;0;0;0;0;0;0;0;0;0;0;0;0;0;0;0;0;0
proposals-soc-custom-23;0;0;0;0;0;0;0;0;0;0;0;0;0;0;0;0;0;0;0;0;0;0;0;0;0;0;0;0;0;0;0;0;0;0;0;0;0;0;0;0;0;0;0;0;0;0;0;0;0;0
proposals-soc-custom-24;0;0;0;0;0;0;0;0;0;0;0;0;0;0;0;0;0;0;0;0;0;0;0;0;0;0;0;0;0;0;0;0;0;0;0;0;0;0;0;0;0;0;0;0;0;0;0;0;0;0
proposals-soc-custom-21;0;0;0;0;0;0;0;0;0;0;0;0;0;0;0;0;0;0;0;0;0;0;0;0;0;0;0;0;0;0;0;0;0;0;0;0;0;0;0;0;0;0;0;0;0;0;0;0;0;0
proposals-soc-custom-22;0;0;0;0;0;0;0;0;0;0;0;0;0;0;0;0;0;0;0;0;0;0;0;0;0;0;0;0;0;0;0;0;0;0;0;0;0;0;0;0;0;0;0;0;0;0;0;0;0;0
proposals-soc-motion;0;7;22;22;22;28;28;28;28;28;28;28;28;28;28;28;28;28;28;28;28;28;28;28;28;28;28;28;28;28;28;28;28;28;28;28;28;28;28;28;28;28;28;28;28;28;28;28;28;28
proposals-soc-humidity;0;0;13;22;22;25;25;25;25;25;25;25;25;25;25;25;25;25;25;25;25;25;25;25;25;25;25;25;25;25;25;25;25;25;25;25;25;25;25;25;25;25;25;25;25;25;25;25;25;25
proposals-server;0;0;0;0;0;0;6;15;18;18;20;20;20;20;20;20;20;20;20;20;20;20;20;20;20;20;20;20;20;20;20;20;20;20;20;20;20;20;20;20;20;20;20;20;20;20;20;20;20;20
proposals-soc-smoke;0;0;0;0;0;0;0;0;0;0;0;0;0;0;0;0;0;0;0;0;0;0;0;0;0;0;0;0;0;0;0;0;0;0;0;0;0;0;0;0;0;0;0;0;0;0;0;0;0;0
proposals-soc-temperature;0;0;0;0;0;0;0;0;0;0;0;0;0;0;0;0;0;0;0;0;0;0;0;0;0;0;0;0;0;0;0;0;0;0;0;0;0;0;0;0;0;0;0;0;0;0;0;0;0;0
proposals-soc-custom-50;0;0;0;0;0;0;0;0;0;0;0;0;0;0;0;0;0;0;0;0;0;0;0;0;0;0;0;0;0;0;0;0;0;0;0;0;0;0;0;0;0;0;0;0;0;0;0;0;0;0
proposals-iot-controller;0;6;16;25;25;29;29;38;41;41;41;41;43;43;46;46;46;46;48;48;48;48;48;48;51;51;51;51;51;51;53;53;53;53;53;53;56;56;56;56;56;56;58;58;58;58;58;58;61;61
proposals-soc-custom-38;0;0;0;0;0;0;0;0;0;0;0;0;0;0;0;0;0;0;0;0;0;0;0;0;0;0;0;0;0;0;0;0;0;0;0;0;0;0;0;0;0;0;0;0;0;0;0;0;0;0
proposals-soc-custom-39;0;0;0;0;0;0;0;0;0;0;0;0;0;0;0;0;0;0;0;0;0;0;0;0;0;0;0;0;0;0;0;0;0;0;0;0;0;0;0;0;0;0;0;0;0;0;0;0;0;0
proposals-soc-custom-36;0;0;0;0;0;0;0;0;0;0;0;0;0;0;0;0;0;0;0;0;0;0;0;0;0;0;0;0;0;0;0;0;0;0;0;0;0;0;0;0;0;0;0;0;0;0;0;0;0;0
proposals-soc-custom-37;0;0;0;0;0;0;0;0;0;0;0;0;0;0;0;0;0;0;0;0;0;0;0;0;0;0;0;0;0;0;0;0;0;0;0;0;0;0;0;0;0;0;0;0;0;0;0;0;0;0
proposals-soc-custom-30;0;0;0;0;0;0;0;0;0;0;0;0;0;0;0;0;0;0;0;0;0;0;0;0;0;0;0;0;0;0;0;0;0;0;0;0;0;0;0;0;0;0;0;0;0;0;0;0;0;0
proposals-soc-custom-31;0;0;0;0;0;0;0;0;0;0;0;0;0;0;0;0;0;0;0;0;0;0;0;0;0;0;0;0;0;0;0;0;0;0;0;0;0;0;0;0;0;0;0;0;0;0;0;0;0;0
proposals-soc-custom-34;0;0;0;0;0;0;0;0;0;0;0;0;0;0;0;0;0;0;0;0;0;0;0;0;0;0;0;0;0;0;0;0;0;0;0;0;0;0;0;0;0;0;0;0;0;0;0;0;0;0
proposals-soc-custom-35;0;0;0;0;0;0;0;0;0;0;0;0;0;0;0;0;0;0;0;0;0;0;0;0;0;0;0;0;0;0;0;0;0;0;0;0;0;0;0;0;0;0;0;0;0;0;0;0;0;0
proposals-soc-custom-32;0;0;0;0;0;0;0;0;0;0;0;0;0;0;0;0;0;0;0;0;0;0;0;0;0;0;0;0;0;0;0;0;0;0;0;0;0;0;0;0;0;0;0;0;0;0;0;0;0;0
proposals-soc-custom-33;0;0;0;0;0;0;0;0;0;0;0;0;0;0;0;0;0;0;0;0;0;0;0;0;0;0;0;0;0;0;0;0;0;0;0;0;0;0;0;0;0;0;0;0;0;0;0;0;0;0
proposals-soc-door-lock;0;0;13;19;19;28;31;31;32;32;32;32;33;33;33;33;33;33;34;34;34;34;34;34;35;35;35;35;35;35;36;36;36;36;36;36;37;37;37;37;37;37;38;38;38;38;38;38;39;39
proposals-soc-gate;0;0;18;28;28;30;32;34;34;34;34;34;36;36;36;36;36;36;38;38;38;38;38;38;40;40;40;40;40;40;42;42;42;42;42;42;44;44;44;44;44;44;46;46;46;46;46;46;48;48
proposals-soc-custom-49;0;0;0;0;0;0;0;0;0;0;0;0;0;0;0;0;0;0;0;0;0;0;0;0;0;0;0;0;0;0;0;0;0;0;0;0;0;0;0;0;0;0;0;0;0;0;0;0;0;0
proposals-soc-custom-47;0;0;0;0;0;0;0;0;0;0;0;0;0;0;0;0;0;0;0;0;0;0;0;0;0;0;0;0;0;0;0;0;0;0;0;0;0;0;0;0;0;0;0;0;0;0;0;0;0;0
proposals-soc-custom-48;0;0;0;0;0;0;0;0;0;0;0;0;0;0;0;0;0;0;0;0;0;0;0;0;0;0;0;0;0;0;0;0;0;0;0;0;0;0;0;0;0;0;0;0;0;0;0;0;0;0
proposals-desktop;0;0;0;0;0;0;0;0;0;0;0;0;0;0;0;0;0;0;0;0;0;0;0;0;0;0;0;0;0;0;0;0;0;0;0;0;0;0;0;0;0;0;0;0;0;0;0;0;0;0
proposals-soc-custom-5;0;0;0;0;0;0;0;0;0;0;0;0;0;0;0;0;0;0;0;0;0;0;0;0;0;0;0;0;0;0;0;0;0;0;0;0;0;0;0;0;0;0;0;0;0;0;0;0;0;0
proposals-soc-custom-41;0;0;0;0;0;0;0;0;0;0;0;0;0;0;0;0;0;0;0;0;0;0;0;0;0;0;0;0;0;0;0;0;0;0;0;0;0;0;0;0;0;0;0;0;0;0;0;0;0;0
proposals-soc-custom-42;0;0;0;0;0;0;0;0;0;0;0;0;0;0;0;0;0;0;0;0;0;0;0;0;0;0;0;0;0;0;0;0;0;0;0;0;0;0;0;0;0;0;0;0;0;0;0;0;0;0
proposals-soc-custom-6;0;0;0;0;0;0;0;0;0;0;0;0;0;0;0;0;0;0;0;0;0;0;0;0;0;0;0;0;0;0;0;0;0;0;0;0;0;0;0;0;0;0;0;0;0;0;0;0;0;0
proposals-soc-custom-3;0;0;0;0;0;0;0;0;0;0;0;0;0;0;0;0;0;0;0;0;0;0;0;0;0;0;0;0;0;0;0;0;0;0;0;0;0;0;0;0;0;0;0;0;0;0;0;0;0;0
proposals-soc-custom-4;0;0;0;0;0;0;0;0;0;0;0;0;0;0;0;0;0;0;0;0;0;0;0;0;0;0;0;0;0;0;0;0;0;0;0;0;0;0;0;0;0;0;0;0;0;0;0;0;0;0
proposals-soc-custom-40;0;0;0;0;0;0;0;0;0;0;0;0;0;0;0;0;0;0;0;0;0;0;0;0;0;0;0;0;0;0;0;0;0;0;0;0;0;0;0;0;0;0;0;0;0;0;0;0;0;0
proposals-soc-custom-1;0;0;0;0;0;0;0;0;0;0;0;0;0;0;0;0;0;0;0;0;0;0;0;0;0;0;0;0;0;0;0;0;0;0;0;0;0;0;0;0;0;0;0;0;0;0;0;0;0;0
proposals-soc-custom-45;0;0;0;0;0;0;0;0;0;0;0;0;0;0;0;0;0;0;0;0;0;0;0;0;0;0;0;0;0;0;0;0;0;0;0;0;0;0;0;0;0;0;0;0;0;0;0;0;0;0
proposals-soc-custom-2;0;0;0;0;0;0;0;0;0;0;0;0;0;0;0;0;0;0;0;0;0;0;0;0;0;0;0;0;0;0;0;0;0;0;0;0;0;0;0;0;0;0;0;0;0;0;0;0;0;0
proposals-soc-custom-46;0;0;0;0;0;0;0;0;0;0;0;0;0;0;0;0;0;0;0;0;0;0;0;0;0;0;0;0;0;0;0;0;0;0;0;0;0;0;0;0;0;0;0;0;0;0;0;0;0;0
proposals-soc-custom-43;0;0;0;0;0;0;0;0;0;0;0;0;0;0;0;0;0;0;0;0;0;0;0;0;0;0;0;0;0;0;0;0;0;0;0;0;0;0;0;0;0;0;0;0;0;0;0;0;0;0
proposals-soc-custom-44;0;0;0;0;0;0;0;0;0;0;0;0;0;0;0;0;0;0;0;0;0;0;0;0;0;0;0;0;0;0;0;0;0;0;0;0;0;0;0;0;0;0;0;0;0;0;0;0;0;0
proposals-node-z;0;0;0;0;0;0;0;0;0;0;0;0;0;0;0;0;0;0;0;0;0;0;0;0;0;0;0;0;0;0;0;0;0;0;0;0;0;0;0;0;0;0;0;0;0;0;0;0;0;0
proposals-node-y;0;0;0;0;0;0;0;0;0;0;0;0;0;0;0;0;0;0;0;0;0;0;0;0;0;0;0;0;0;0;0;0;0;0;0;0;0;0;0;0;0;0;0;0;0;0;0;0;0;0
proposals-node-x;0;0;0;0;0;0;0;0;0;0;0;0;0;0;0;0;0;0;0;0;0;0;0;0;0;0;0;0;0;0;0;0;0;0;0;0;0;0;0;0;0;0;0;0;0;0;0;0;0;0
proposals-node-w;0;0;0;0;0;0;0;0;0;0;0;0;0;0;0;0;0;0;0;0;0;0;0;0;0;0;0;0;0;0;0;0;0;0;0;0;0;0;0;0;0;0;0;0;0;0;0;0;0;0
proposals-node-v;0;0;0;0;0;0;0;0;0;0;0;0;0;0;0;0;0;0;0;0;0;0;0;0;0;0;0;0;0;0;0;0;0;0;0;0;0;0;0;0;0;0;0;0;0;0;0;0;0;0
riskCount-global;8;8;8;4;4;3;3;3;3;3;3;3;3;3;3;3;3;3;3;3;3;3;3;3;4;4;4;4;4;4;4;4;4;4;4;4;4;4;4;4;4;4;4;4;4;4;4;4;4;4
riskCount-total;0;3;56;118;118;148;150;214;226;226;227;227;227;247;257;257;257;257;257;277;277;277;277;277;277;297;297;297;297;297;297;317;317;317;317;317;317;337;337;337;337;337;337;357;357;357;357;357;357;377
riskCount-printer;0;0;0;0;0;0;0;0;0;0;0;0;0;0;0;0;0;0;0;0;0;0;0;0;0;0;0;0;0;0;0;0;0;0;0;0;0;0;0;0;0;0;0;0;0;0;0;0;0;0
riskCount-soc-custom-9;0;0;12;12;12;12;12;12;12;12;12;12;12;12;12;12;12;12;12;12;12;12;12;12;12;12;12;12;12;12;12;12;12;12;12;12;12;12;12;12;12;12;12;12;12;12;12;12;12;12
riskCount-soc-custom-7;0;2;12;12;12;12;12;12;12;12;12;12;12;12;12;12;12;12;12;12;12;12;12;12;12;12;12;12;12;12;12;12;12;12;12;12;12;12;12;12;12;12;12;12;12;12;12;12;12;12
riskCount-soc-custom-8;0;0;12;12;12;12;12;12;12;12;12;12;12;12;12;12;12;12;12;12;12;12;12;12;12;12;12;12;12;12;12;12;12;12;12;12;12;12;12;12;12;12;12;12;12;12;12;12;12;12
riskCount-soc-custom-16;0;2;12;12;12;12;12;12;12;12;12;12;12;12;12;12;12;12;12;12;12;12;12;12;12;12;12;12;12;12;12;12;12;12;12;12;12;12;12;12;12;12;12;12;12;12;12;12;12;12
riskCount-soc-custom-17;0;2;12;12;12;12;12;12;12;12;12;12;12;12;12;12;12;12;12;12;12;12;12;12;12;12;12;12;12;12;12;12;12;12;12;12;12;12;12;12;12;12;12;12;12;12;12;12;12;12
riskCount-soc-custom-14;0;0;12;12;12;12;12;12;12;12;12;12;12;12;12;12;12;12;12;12;12;12;12;12;12;12;12;12;12;12;12;12;12;12;12;12;12;12;12;12;12;12;12;12;12;12;12;12;12;12
riskCount-soc-custom-15;0;0;12;12;12;12;12;12;12;12;12;12;12;12;12;12;12;12;12;12;12;12;12;12;12;12;12;12;12;12;12;12;12;12;12;12;12;12;12;12;12;12;12;12;12;12;12;12;12;12
riskCount-soc-alarm;0;0;12;12;12;12;12;12;12;12;12;12;12;12;12;12;12;12;12;12;12;12;12;12;12;12;12;12;12;12;12;12;12;12;12;12;12;12;12;12;12;12;12;12;12;12;12;12;12;12
riskCount-soc-custom-18;0;0;12;12;12;12;12;12;12;12;12;12;12;12;12;12;12;12;12;12;12;12;12;12;12;12;12;12;12;12;12;12;12;12;12;12;12;12;12;12;12;12;12;12;12;12;12;12;12;12
riskCount-soc-custom-19;0;2;12;12;12;12;12;12;12;12;12;12;12;12;12;12;12;12;12;12;12;12;12;12;12;12;12;12;12;12;12;12;12;12;12;12;12;12;12;12;12;12;12;12;12;12;12;12;12;12
riskCount-soc-custom-12;0;2;12;12;12;12;12;12;12;12;12;12;12;12;12;12;12;12;12;12;12;12;12;12;12;12;12;12;12;12;12;12;12;12;12;12;12;12;12;12;12;12;12;12;12;12;12;12;12;12
riskCount-soc-custom-13;0;2;12;12;12;12;12;12;12;12;12;12;12;12;12;12;12;12;12;12;12;12;12;12;12;12;12;12;12;12;12;12;12;12;12;12;12;12;12;12;12;12;12;12;12;12;12;12;12;12
riskCount-soc-custom-10;0;0;12;12;12;12;12;12;12;12;12;12;12;12;12;12;12;12;12;12;12;12;12;12;12;12;12;12;12;12;12;12;12;12;12;12;12;12;12;12;12;12;12;12;12;12;12;12;12;12
riskCount-soc-custom-11;0;0;12;12;12;12;12;12;12;12;12;12;12;12;12;12;12;12;12;12;12;12;12;12;12;12;12;12;12;12;12;12;12;12;12;12;12;12;12;12;12;12;12;12;12;12;12;12;12;12
riskCount-soc-custom-27;0;0;12;12;12;12;12;12;12;12;12;12;12;12;12;12;12;12;12;12;12;12;12;12;12;12;12;12;12;12;12;12;12;12;12;12;12;12;12;12;12;12;12;12;12;12;12;12;12;12
riskCount-soc-custom-28;0;2;12;12;12;12;12;12;12;12;12;12;12;12;12;12;12;12;12;12;12;12;12;12;12;12;12;12;12;12;12;12;12;12;12;12;12;12;12;12;12;12;12;12;12;12;12;12;12;12
riskCount-soc-custom-25;0;2;12;12;12;12;12;12;12;12;12;12;12;12;12;12;12;12;12;12;12;12;12;12;12;12;12;12;12;12;12;12;12;12;12;12;12;12;12;12;12;12;12;12;12;12;12;12;12;12
riskCount-soc-custom-26;0;2;12;12;12;12;12;12;12;12;12;12;12;12;12;12;12;12;12;12;12;12;12;12;12;12;12;12;12;12;12;12;12;12;12;12;12;12;12;12;12;12;12;12;12;12;12;12;12;12
riskCount-soc-custom-29;0;2;12;12;12;12;12;12;12;12;12;12;12;12;12;12;12;12;12;12;12;12;12;12;12;12;12;12;12;12;12;12;12;12;12;12;12;12;12;12;12;12;12;12;12;12;12;12;12;12
riskCount-soc-custom-20;0;0;12;12;12;12;12;12;12;12;12;12;12;12;12;12;12;12;12;12;12;12;12;12;12;12;12;12;12;12;12;12;12;12;12;12;12;12;12;12;12;12;12;12;12;12;12;12;12;12
riskCount-soc-light;0;0;12;12;12;12;12;12;12;12;12;12;12;12;12;12;12;12;12;12;12;12;12;12;12;12;12;12;12;12;12;12;12;12;12;12;12;12;12;12;12;12;12;12;12;12;12;12;12;12
riskCount-soc-custom-23;0;0;12;12;12;12;12;12;12;12;12;12;12;12;12;12;12;12;12;12;12;12;12;12;12;12;12;12;12;12;12;12;12;12;12;12;12;12;12;12;12;12;12;12;12;12;12;12;12;12
riskCount-soc-custom-24;0;2;12;12;12;12;12;12;12;12;12;12;12;12;12;12;12;12;12;12;12;12;12;12;12;12;12;12;12;12;12;12;12;12;12;12;12;12;12;12;12;12;12;12;12;12;12;12;12;12
riskCount-soc-custom-21;0;0;12;12;12;12;12;12;12;12;12;12;12;12;12;12;12;12;12;12;12;12;12;12;12;12;12;12;12;12;12;12;12;12;12;12;12;12;12;12;12;12;12;12;12;12;12;12;12;12
riskCount-soc-custom-22;0;2;12;12;12;12;12;12;12;12;12;12;12;12;12;12;12;12;12;12;12;12;12;12;12;12;12;12;12;12;12;12;12;12;12;12;12;12;12;12;12;12;12;12;12;12;12;12;12;12
riskCount-soc-motion;0;2;12;12;12;12;12;12;12;12;12;12;12;12;12;12;12;12;12;12;12;12;12;12;12;12;12;12;12;12;12;12;12;12;12;12;12;12;12;12;12;12;12;12;12;12;12;12;12;12
riskCount-soc-humidity;0;0;12;12;12;12;12;12;12;12;12;12;12;12;12;12;12;12;12;12;12;12;12;12;12;12;12;12;12;12;12;12;12;12;12;12;12;12;12;12;12;12;12;12;12;12;12;12;12;12
riskCount-server;1;1;1;1;1;1;1;1;1;1;1;1;1;1;1;1;1;1;1;1;1;1;1;1;1;1;1;1;1;1;1;1;1;1;1;1;1;1;1;1;1;1;1;1;1;1;1;1;1;1
riskCount-soc-smoke;0;0;12;12;12;12;12;12;12;12;12;12;12;12;12;12;12;12;12;12;12;12;12;12;12;12;12;12;12;12;12;12;12;12;12;12;12;12;12;12;12;12;12;12;12;12;12;12;12;12
riskCount-soc-temperature;0;2;12;12;12;12;12;12;12;12;12;12;12;12;12;12;12;12;12;12;12;12;12;12;12;12;12;12;12;12;12;12;12;12;12;12;12;12;12;12;12;12;12;12;12;12;12;12;12;12
riskCount-soc-custom-50;0;2;12;12;12;12;12;12;12;12;12;12;12;12;12;12;12;12;12;12;12;12;12;12;12;12;12;12;12;12;12;12;12;12;12;12;12;12;12;12;12;12;12;12;12;12;12;12;12;12
riskCount-iot-controller;1;2;12;12;12;12;12;12;12;12;12;12;12;12;12;12;12;12;12;12;12;12;12;12;12;12;12;12;12;12;12;12;12;12;12;12;12;12;12;12;12;12;12;12;12;12;12;12;12;12
riskCount-soc-custom-38;0;0;12;12;12;12;12;12;12;12;12;12;12;12;12;12;12;12;12;12;12;12;12;12;12;12;12;12;12;12;12;12;12;12;12;12;12;12;12;12;12;12;12;12;12;12;12;12;12;12
riskCount-soc-custom-39;0;0;12;12;12;12;12;12;12;12;12;12;12;12;12;12;12;12;12;12;12;12;12;12;12;12;12;12;12;12;12;12;12;12;12;12;12;12;12;12;12;12;12;12;12;12;12;12;12;12
riskCount-soc-custom-36;0;0;12;12;12;12;12;12;12;12;12;12;12;12;12;12;12;12;12;12;12;12;12;12;12;12;12;12;12;12;12;12;12;12;12;12;12;12;12;12;12;12;12;12;12;12;12;12;12;12
riskCount-soc-custom-37;0;0;12;12;12;12;12;12;12;12;12;12;12;12;12;12;12;12;12;12;12;12;12;12;12;12;12;12;12;12;12;12;12;12;12;12;12;12;12;12;12;12;12;12;12;12;12;12;12;12
riskCount-soc-custom-30;0;0;12;12;12;12;12;12;12;12;12;12;12;12;12;12;12;12;12;12;12;12;12;12;12;12;12;12;12;12;12;12;12;12;12;12;12;12;12;12;12;12;12;12;12;12;12;12;12;12
riskCount-soc-custom-31;0;2;12;12;12;12;12;12;12;12;12;12;12;12;12;12;12;12;12;12;12;12;12;12;12;12;12;12;12;12;12;12;12;12;12;12;12;12;12;12;12;12;12;12;12;12;12;12;12;12
riskCount-soc-custom-34;0;2;12;12;12;12;12;12;12;12;12;12;12;12;12;12;12;12;12;12;12;12;12;12;12;12;12;12;12;12;12;12;12;12;12;12;12;12;12;12;12;12;12;12;12;12;12;12;12;12
riskCount-soc-custom-35;0;2;12;12;12;12;12;12;12;12;12;12;12;12;12;12;12;12;12;12;12;12;12;12;12;12;12;12;12;12;12;12;12;12;12;12;12;12;12;12;12;12;12;12;12;12;12;12;12;12
riskCount-soc-custom-32;0;2;12;12;12;12;12;12;12;12;12;12;12;12;12;12;12;12;12;12;12;12;12;12;12;12;12;12;12;12;12;12;12;12;12;12;12;12;12;12;12;12;12;12;12;12;12;12;12;12
riskCount-soc-custom-33;0;0;12;12;12;12;12;12;12;12;12;12;12;12;12;12;12;12;12;12;12;12;12;12;12;12;12;12;12;12;12;12;12;12;12;12;12;12;12;12;12;12;12;12;12;12;12;12;12;12
riskCount-soc-door-lock;0;0;12;12;12;12;12;12;12;12;12;12;12;12;12;12;12;12;12;12;12;12;12;12;12;12;12;12;12;12;12;12;12;12;12;12;12;12;12;12;12;12;12;12;12;12;12;12;12;12
riskCount-soc-gate;1;1;12;12;12;12;12;12;12;12;12;12;12;12;12;12;12;12;12;12;12;12;12;12;12;12;12;12;12;12;12;12;12;12;12;12;12;12;12;12;12;12;12;12;12;12;12;12;12;12
riskCount-soc-custom-49;0;2;12;12;12;12;12;12;12;12;12;12;12;12;12;12;12;12;12;12;12;12;12;12;12;12;12;12;12;12;12;12;12;12;12;12;12;12;12;12;12;12;12;12;12;12;12;12;12;12
riskCount-soc-custom-47;0;2;12;12;12;12;12;12;12;12;12;12;12;12;12;12;12;12;12;12;12;12;12;12;12;12;12;12;12;12;12;12;12;12;12;12;12;12;12;12;12;12;12;12;12;12;12;12;12;12
riskCount-soc-custom-48;0;2;12;12;12;12;12;12;12;12;12;12;12;12;12;12;12;12;12;12;12;12;12;12;12;12;12;12;12;12;12;12;12;12;12;12;12;12;12;12;12;12;12;12;12;12;12;12;12;12
riskCount-desktop;0;2;12;12;12;12;12;12;12;12;12;12;12;12;12;12;12;12;12;12;12;12;12;12;12;12;12;12;12;12;12;12;12;12;12;12;12;12;12;12;12;12;12;12;12;12;12;12;12;12
riskCount-soc-custom-5;0;2;12;12;12;12;12;12;12;12;12;12;12;12;12;12;12;12;12;12;12;12;12;12;12;12;12;12;12;12;12;12;12;12;12;12;12;12;12;12;12;12;12;12;12;12;12;12;12;12
riskCount-soc-custom-41;0;2;12;12;12;12;12;12;12;12;12;12;12;12;12;12;12;12;12;12;12;12;12;12;12;12;12;12;12;12;12;12;12;12;12;12;12;12;12;12;12;12;12;12;12;12;12;12;12;12
riskCount-soc-custom-42;0;0;12;12;12;12;12;12;12;12;12;12;12;12;12;12;12;12;12;12;12;12;12;12;12;12;12;12;12;12;12;12;12;12;12;12;12;12;12;12;12;12;12;12;12;12;12;12;12;12
riskCount-soc-custom-6;0;0;12;12;12;12;12;12;12;12;12;12;12;12;12;12;12;12;12;12;12;12;12;12;12;12;12;12;12;12;12;12;12;12;12;12;12;12;12;12;12;12;12;12;12;12;12;12;12;12
riskCount-soc-custom-3;0;2;12;12;12;12;12;12;12;12;12;12;12;12;12;12;12;12;12;12;12;12;12;12;12;12;12;12;12;12;12;12;12;12;12;12;12;12;12;12;12;12;12;12;12;12;12;12;12;12
riskCount-soc-custom-4;0;0;12;12;12;12;12;12;12;12;12;12;12;12;12;12;12;12;12;12;12;12;12;12;12;12;12;12;12;12;12;12;12;12;12;12;12;12;12;12;12;12;12;12;12;12;12;12;12;12
riskCount-soc-custom-40;0;0;12;12;12;12;12;12;12;12;12;12;12;12;12;12;12;12;12;12;12;12;12;12;12;12;12;12;12;12;12;12;12;12;12;12;12;12;12;12;12;12;12;12;12;12;12;12;12;12
riskCount-soc-custom-1;0;0;12;12;12;12;12;12;12;12;12;12;12;12;12;12;12;12;12;12;12;12;12;12;12;12;12;12;12;12;12;12;12;12;12;12;12;12;12;12;12;12;12;12;12;12;12;12;12;12
riskCount-soc-custom-45;0;2;12;12;12;12;12;12;12;12;12;12;12;12;12;12;12;12;12;12;12;12;12;12;12;12;12;12;12;12;12;12;12;12;12;12;12;12;12;12;12;12;12;12;12;12;12;12;12;12
riskCount-soc-custom-2;0;0;12;12;12;12;12;12;12;12;12;12;12;12;12;12;12;12;12;12;12;12;12;12;12;12;12;12;12;12;12;12;12;12;12;12;12;12;12;12;12;12;12;12;12;12;12;12;12;12
riskCount-soc-custom-46;0;2;12;12;12;12;12;12;12;12;12;12;12;12;12;12;12;12;12;12;12;12;12;12;12;12;12;12;12;12;12;12;12;12;12;12;12;12;12;12;12;12;12;12;12;12;12;12;12;12
riskCount-soc-custom-43;0;0;12;12;12;12;12;12;12;12;12;12;12;12;12;12;12;12;12;12;12;12;12;12;12;12;12;12;12;12;12;12;12;12;12;12;12;12;12;12;12;12;12;12;12;12;12;12;12;12
riskCount-soc-custom-44;0;2;12;12;12;12;12;12;12;12;12;12;12;12;12;12;12;12;12;12;12;12;12;12;12;12;12;12;12;12;12;12;12;12;12;12;12;12;12;12;12;12;12;12;12;12;12;12;12;12
riskCount-node-z;0;0;0;0;0;0;0;12;12;12;12;12;12;12;12;12;12;12;12;12;12;12;12;12;12;12;12;12;12;12;12;12;12;12;12;12;12;12;12;12;12;12;12;12;12;12;12;12;12;12
riskCount-node-y;0;0;0;0;0;0;0;0;0;0;0;0;0;0;0;0;0;0;0;0;0;0;0;0;0;0;0;0;0;0;0;0;0;0;0;0;0;0;0;0;0;0;0;0;0;0;0;0;0;0
riskCount-node-x;0;0;0;0;0;0;0;0;0;0;0;0;0;0;0;0;0;0;0;0;0;0;0;0;0;0;0;0;0;0;0;0;0;0;0;0;0;0;0;0;0;0;0;0;0;0;0;0;0;0
riskCount-node-w;0;0;0;0;0;0;0;0;0;0;0;0;0;0;0;0;0;0;0;0;0;0;0;0;0;0;0;0;0;0;0;0;0;0;0;0;0;0;0;0;0;0;0;0;0;0;0;0;0;0
riskCount-node-v;0;0;0;0;0;0;0;0;0;0;0;0;0;0;0;0;0;0;0;0;0;0;0;0;0;0;0;0;0;0;0;0;0;0;0;0;0;0;0;0;0;0;0;0;0;0;0;0;0;0
riskUnique-global;25;25;25;25;25;25;25;25;25;25;25;25;25;25;25;25;25;25;25;25;25;25;25;25;26;26;26;26;26;26;26;26;26;26;26;26;26;26;26;26;26;26;26;26;26;26;26;26;26;26
riskUnique-total;0;2;32;73;73;92;94;109;110;110;111;111;111;111;111;111;111;111;111;111;111;111;111;111;111;111;111;111;111;111;111;111;111;111;111;111;111;111;111;111;111;111;111;111;111;111;111;111;111;111
riskDamage-global;636,01;636,01;586,54;384,08;384,08;230,29;230,29;230,02;229,15;229,15;228,42;228,42;228,42;228,42;228,42;228,42;228,42;228,42;228,42;228,42;228,42;228,42;228,42;228,42;266,56;266,56;266,56;266,56;266,56;266,56;266,56;266,56;266,56;266,56;266,56;266,56;266,56;266,56;266,56;266,56;266,56;266,56;266,56;266,56;266,56;266,56;266,56;266,56;266,56;266,56
riskDamage-printer;0,00;0,00;0,00;0,00;0,00;0,00;0,00;0,00;0,00;0,00;0,00;0,00;0,00;0,00;0,00;0,00;0,00;0,00;0,00;0,00;0,00;0,00;0,00;0,00;0,00;0,00;0,00;0,00;0,00;0,00;0,00;0,00;0,00;0,00;0,00;0,00;0,00;0,00;0,00;0,00;0,00;0,00;0,00;0,00;0,00;0,00;0,00;0,00;0,00;0,00
riskDamage-%-printer;0,0000;0,0000;0,0000;0,0000;0,0000;0,0000;0,0000;0,0000;0,0000;0,0000;0,0000;0,0000;0,0000;0,0000;0,0000;0,0000;0,0000;0,0000;0,0000;0,0000;0,0000;0,0000;0,0000;0,0000;0,0000;0,0000;0,0000;0,0000;0,0000;0,0000;0,0000;0,0000;0,0000;0,0000;0,0000;0,0000;0,0000;0,0000;0,0000;0,0000;0,0000;0,0000;0,0000;0,0000;0,0000;0,0000;0,0000;0,0000;0,0000;0,0000
riskDamage-soc-custom-9;0,00;0,00;297,40;218,32;218,32;139,03;139,03;108,07;108,07;108,07;108,07;108,07;108,07;108,07;108,07;108,07;108,07;108,07;108,07;108,07;108,07;108,07;108,07;108,07;108,07;108,07;108,07;108,07;108,07;108,07;108,07;108,07;108,07;108,07;108,07;108,07;108,07;108,07;108,07;108,07;108,07;108,07;108,07;108,07;108,07;108,07;108,07;108,07;108,07;108,07
riskDamage-%-soc-custom-9;0,0000;0,0000;0,5070;0,5684;0,5684;0,6037;0,6037;0,4698;0,4716;0,4716;0,4731;0,4731;0,4731;0,4731;0,4731;0,4731;0,4731;0,4731;0,4731;0,4731;0,4731;0,4731;0,4731;0,4731;0,4054;0,4054;0,4054;0,4054;0,4054;0,4054;0,4054;0,4054;0,4054;0,4054;0,4054;0,4054;0,4054;0,4054;0,4054;0,4054;0,4054;0,4054;0,4054;0,4054;0,4054;0,4054;0,4054;0,4054;0,4054;0,4054
riskDamage-soc-custom-7;0,00;83,60;297,40;218,32;218,32;139,03;139,03;108,07;108,07;108,07;108,07;108,07;108,07;108,07;108,07;108,07;108,07;108,07;108,07;108,07;108,07;108,07;108,07;108,07;108,07;108,07;108,07;108,07;108,07;108,07;108,07;108,07;108,07;108,07;108,07;108,07;108,07;108,07;108,07;108,07;108,07;108,07;108,07;108,07;108,07;108,07;108,07;108,07;108,07;108,07
riskDamage-%-soc-custom-7;0,0000;0,1315;0,5070;0,5684;0,5684;0,6037;0,6037;0,4698;0,4716;0,4716;0,4731;0,4731;0,4731;0,4731;0,4731;0,4731;0,4731;0,4731;0,4731;0,4731;0,4731;0,4731;0,4731;0,4731;0,4054;0,4054;0,4054;0,4054;0,4054;0,4054;0,4054;0,4054;0,4054;0,4054;0,4054;0,4054;0,4054;0,4054;0,4054;0,4054;0,4054;0,4054;0,4054;0,4054;0,4054;0,4054;0,4054;0,4054;0,4054;0,4054
riskDamage-soc-custom-8;0,00;0,00;297,40;218,32;218,32;139,03;139,03;108,07;108,07;108,07;108,07;108,07;108,07;108,07;108,07;108,07;108,07;108,07;108,07;108,07;108,07;108,07;108,07;108,07;108,07;108,07;108,07;108,07;108,07;108,07;108,07;108,07;108,07;108,07;108,07;108,07;108,07;108,07;108,07;108,07;108,07;108,07;108,07;108,07;108,07;108,07;108,07;108,07;108,07;108,07
riskDamage-%-soc-custom-8;0,0000;0,0000;0,5070;0,5684;0,5684;0,6037;0,6037;0,4698;0,4716;0,4716;0,4731;0,4731;0,4731;0,4731;0,4731;0,4731;0,4731;0,4731;0,4731;0,4731;0,4731;0,4731;0,4731;0,4731;0,4054;0,4054;0,4054;0,4054;0,4054;0,4054;0,4054;0,4054;0,4054;0,4054;0,4054;0,4054;0,4054;0,4054;0,4054;0,4054;0,4054;0,4054;0,4054;0,4054;0,4054;0,4054;0,4054;0,4054;0,4054;0,4054
riskDamage-soc-custom-16;0,00;83,60;297,40;218,32;218,32;139,03;139,03;108,07;108,07;108,07;108,07;108,07;108,07;108,07;108,07;108,07;108,07;108,07;108,07;108,07;108,07;108,07;108,07;108,07;108,07;108,07;108,07;108,07;108,07;108,07;108,07;108,07;108,07;108,07;108,07;108,07;108,07;108,07;108,07;108,07;108,07;108,07;108,07;108,07;108,07;108,07;108,07;108,07;108,07;108,07
riskDamage-%-soc-custom-16;0,0000;0,1315;0,5070;0,5684;0,5684;0,6037;0,6037;0,4698;0,4716;0,4716;0,4731;0,4731;0,4731;0,4731;0,4731;0,4731;0,4731;0,4731;0,4731;0,4731;0,4731;0,4731;0,4731;0,4731;0,4054;0,4054;0,4054;0,4054;0,4054;0,4054;0,4054;0,4054;0,4054;0,4054;0,4054;0,4054;0,4054;0,4054;0,4054;0,4054;0,4054;0,4054;0,4054;0,4054;0,4054;0,4054;0,4054;0,4054;0,4054;0,4054
riskDamage-soc-custom-17;0,00;83,60;297,40;218,32;218,32;139,03;139,03;108,07;108,07;108,07;108,07;108,07;108,07;108,07;108,07;108,07;108,07;108,07;108,07;108,07;108,07;108,07;108,07;108,07;108,07;108,07;108,07;108,07;108,07;108,07;108,07;108,07;108,07;108,07;108,07;108,07;108,07;108,07;108,07;108,07;108,07;108,07;108,07;108,07;108,07;108,07;108,07;108,07;108,07;108,07
riskDamage-%-soc-custom-17;0,0000;0,1315;0,5070;0,5684;0,5684;0,6037;0,6037;0,4698;0,4716;0,4716;0,4731;0,4731;0,4731;0,4731;0,4731;0,4731;0,4731;0,4731;0,4731;0,4731;0,4731;0,4731;0,4731;0,4731;0,4054;0,4054;0,4054;0,4054;0,4054;0,4054;0,4054;0,4054;0,4054;0,4054;0,4054;0,4054;0,4054;0,4054;0,4054;0,4054;0,4054;0,4054;0,4054;0,4054;0,4054;0,4054;0,4054;0,4054;0,4054;0,4054
riskDamage-soc-custom-14;0,00;0,00;297,40;218,32;218,32;139,03;139,03;108,07;108,07;108,07;108,07;108,07;108,07;108,07;108,07;108,07;108,07;108,07;108,07;108,07;108,07;108,07;108,07;108,07;108,07;108,07;108,07;108,07;108,07;108,07;108,07;108,07;108,07;108,07;108,07;108,07;108,07;108,07;108,07;108,07;108,07;108,07;108,07;108,07;108,07;108,07;108,07;108,07;108,07;108,07
riskDamage-%-soc-custom-14;0,0000;0,0000;0,5070;0,5684;0,5684;0,6037;0,6037;0,4698;0,4716;0,4716;0,4731;0,4731;0,4731;0,4731;0,4731;0,4731;0,4731;0,4731;0,4731;0,4731;0,4731;0,4731;0,4731;0,4731;0,4054;0,4054;0,4054;0,4054;0,4054;0,4054;0,4054;0,4054;0,4054;0,4054;0,4054;0,4054;0,4054;0,4054;0,4054;0,4054;0,4054;0,4054;0,4054;0,4054;0,4054;0,4054;0,4054;0,4054;0,4054;0,4054
riskDamage-soc-custom-15;0,00;0,00;297,40;218,32;218,32;139,03;139,03;108,07;108,07;108,07;108,07;108,07;108,07;108,07;108,07;108,07;108,07;108,07;108,07;108,07;108,07;108,07;108,07;108,07;108,07;108,07;108,07;108,07;108,07;108,07;108,07;108,07;108,07;108,07;108,07;108,07;108,07;108,07;108,07;108,07;108,07;108,07;108,07;108,07;108,07;108,07;108,07;108,07;108,07;108,07
riskDamage-%-soc-custom-15;0,0000;0,0000;0,5070;0,5684;0,5684;0,6037;0,6037;0,4698;0,4716;0,4716;0,4731;0,4731;0,4731;0,4731;0,4731;0,4731;0,4731;0,4731;0,4731;0,4731;0,4731;0,4731;0,4731;0,4731;0,4054;0,4054;0,4054;0,4054;0,4054;0,4054;0,4054;0,4054;0,4054;0,4054;0,4054;0,4054;0,4054;0,4054;0,4054;0,4054;0,4054;0,4054;0,4054;0,4054;0,4054;0,4054;0,4054;0,4054;0,4054;0,4054
riskDamage-soc-alarm;0,00;0,00;296,66;209,54;209,54;136,37;136,37;108,07;108,07;108,07;108,07;108,07;108,07;108,07;108,07;108,07;108,07;108,07;108,07;108,07;108,07;108,07;108,07;108,07;108,07;108,07;108,07;108,07;108,07;108,07;108,07;108,07;108,07;108,07;108,07;108,07;108,07;108,07;108,07;108,07;108,07;108,07;108,07;108,07;108,07;108,07;108,07;108,07;108,07;108,07
riskDamage-%-soc-alarm;0,0000;0,0000;0,5058;0,5456;0,5456;0,5922;0,5922;0,4698;0,4716;0,4716;0,4731;0,4731;0,4731;0,4731;0,4731;0,4731;0,4731;0,4731;0,4731;0,4731;0,4731;0,4731;0,4731;0,4731;0,4054;0,4054;0,4054;0,4054;0,4054;0,4054;0,4054;0,4054;0,4054;0,4054;0,4054;0,4054;0,4054;0,4054;0,4054;0,4054;0,4054;0,4054;0,4054;0,4054;0,4054;0,4054;0,4054;0,4054;0,4054;0,4054
riskDamage-soc-custom-18;0,00;0,00;297,40;218,32;218,32;139,03;139,03;108,07;108,07;108,07;108,07;108,07;108,07;108,07;108,07;108,07;108,07;108,07;108,07;108,07;108,07;108,07;108,07;108,07;108,07;108,07;108,07;108,07;108,07;108,07;108,07;108,07;108,07;108,07;108,07;108,07;108,07;108,07;108,07;108,07;108,07;108,07;108,07;108,07;108,07;108,07;108,07;108,07;108,07;108,07
riskDamage-%-soc-custom-18;0,0000;0,0000;0,5070;0,5684;0,5684;0,6037;0,6037;0,4698;0,4716;0,4716;0,4731;0,4731;0,4731;0,4731;0,4731;0,4731;0,4731;0,4731;0,4731;0,4731;0,4731;0,4731;0,4731;0,4731;0,4054;0,4054;0,4054;0,4054;0,4054;0,4054;0,4054;0,4054;0,4054;0,4054;0,4054;0,4054;0,4054;0,4054;0,4054;0,4054;0,4054;0,4054;0,4054;0,4054;0,4054;0,4054;0,4054;0,4054;0,4054;0,4054
riskDamage-soc-custom-19;0,00;83,60;297,40;218,32;218,32;139,03;139,03;108,07;108,07;108,07;108,07;108,07;108,07;108,07;108,07;108,07;108,07;108,07;108,07;108,07;108,07;108,07;108,07;108,07;108,07;108,07;108,07;108,07;108,07;108,07;108,07;108,07;108,07;108,07;108,07;108,07;108,07;108,07;108,07;108,07;108,07;108,07;108,07;108,07;108,07;108,07;108,07;108,07;108,07;108,07
riskDamage-%-soc-custom-19;0,0000;0,1315;0,5070;0,5684;0,5684;0,6037;0,6037;0,4698;0,4716;0,4716;0,4731;0,4731;0,4731;0,4731;0,4731;0,4731;0,4731;0,4731;0,4731;0,4731;0,4731;0,4731;0,4731;0,4731;0,4054;0,4054;0,4054;0,4054;0,4054;0,4054;0,4054;0,4054;0,4054;0,4054;0,4054;0,4054;0,4054;0,4054;0,4054;0,4054;0,4054;0,4054;0,4054;0,4054;0,4054;0,4054;0,4054;0,4054;0,4054;0,4054
riskDamage-soc-custom-12;0,00;83,60;297,40;218,32;218,32;139,03;139,03;108,07;108,07;108,07;108,07;108,07;108,07;108,07;108,07;108,07;108,07;108,07;108,07;108,07;108,07;108,07;108,07;108,07;108,07;108,07;108,07;108,07;108,07;108,07;108,07;108,07;108,07;108,07;108,07;108,07;108,07;108,07;108,07;108,07;108,07;108,07;108,07;108,07;108,07;108,07;108,07;108,07;108,07;108,07
riskDamage-%-soc-custom-12;0,0000;0,1315;0,5070;0,5684;0,5684;0,6037;0,6037;0,4698;0,4716;0,4716;0,4731;0,4731;0,4731;0,4731;0,4731;0,4731;0,4731;0,4731;0,4731;0,4731;0,4731;0,4731;0,4731;0,4731;0,4054;0,4054;0,4054;0,4054;0,4054;0,4054;0,4054;0,4054;0,4054;0,4054;0,4054;0,4054;0,4054;0,4054;0,4054;0,4054;0,4054;0,4054;0,4054;0,4054;0,4054;0,4054;0,4054;0,4054;0,4054;0,4054
riskDamage-soc-custom-13;0,00;83,60;297,40;218,32;218,32;139,03;139,03;108,07;108,07;108,07;108,07;108,07;108,07;108,07;108,07;108,07;108,07;108,07;108,07;108,07;108,07;108,07;108,07;108,07;108,07;108,07;108,07;108,07;108,07;108,07;108,07;108,07;108,07;108,07;108,07;108,07;108,07;108,07;108,07;108,07;108,07;108,07;108,07;108,07;108,07;108,07;108,07;108,07;108,07;108,07
riskDamage-%-soc-custom-13;0,0000;0,1315;0,5070;0,5684;0,5684;0,6037;0,6037;0,4698;0,4716;0,4716;0,4731;0,4731;0,4731;0,4731;0,4731;0,4731;0,4731;0,4731;0,4731;0,4731;0,4731;0,4731;0,4731;0,4731;0,4054;0,4054;0,4054;0,4054;0,4054;0,4054;0,4054;0,4054;0,4054;0,4054;0,4054;0,4054;0,4054;0,4054;0,4054;0,4054;0,4054;0,4054;0,4054;0,4054;0,4054;0,4054;0,4054;0,4054;0,4054;0,4054
riskDamage-soc-custom-10;0,00;0,00;297,40;218,32;218,32;139,03;139,03;108,07;108,07;108,07;108,07;108,07;108,07;108,07;108,07;108,07;108,07;108,07;108,07;108,07;108,07;108,07;108,07;108,07;108,07;108,07;108,07;108,07;108,07;108,07;108,07;108,07;108,07;108,07;108,07;108,07;108,07;108,07;108,07;108,07;108,07;108,07;108,07;108,07;108,07;108,07;108,07;108,07;108,07;108,07
riskDamage-%-soc-custom-10;0,0000;0,0000;0,5070;0,5684;0,5684;0,6037;0,6037;0,4698;0,4716;0,4716;0,4731;0,4731;0,4731;0,4731;0,4731;0,4731;0,4731;0,4731;0,4731;0,4731;0,4731;0,4731;0,4731;0,4731;0,4054;0,4054;0,4054;0,4054;0,4054;0,4054;0,4054;0,4054;0,4054;0,4054;0,4054;0,4054;0,4054;0,4054;0,4054;0,4054;0,4054;0,4054;0,4054;0,4054;0,4054;0,4054;0,4054;0,4054;0,4054;0,4054
riskDamage-soc-custom-11;0,00;0,00;297,40;218,32;218,32;139,03;139,03;108,07;108,07;108,07;108,07;108,07;108,07;108,07;108,07;108,07;108,07;108,07;108,07;108,07;108,07;108,07;108,07;108,07;108,07;108,07;108,07;108,07;108,07;108,07;108,07;108,07;108,07;108,07;108,07;108,07;108,07;108,07;108,07;108,07;108,07;108,07;108,07;108,07;108,07;108,07;108,07;108,07;108,07;108,07
riskDamage-%-soc-custom-11;0,0000;0,0000;0,5070;0,5684;0,5684;0,6037;0,6037;0,4698;0,4716;0,4716;0,4731;0,4731;0,4731;0,4731;0,4731;0,4731;0,4731;0,4731;0,4731;0,4731;0,4731;0,4731;0,4731;0,4731;0,4054;0,4054;0,4054;0,4054;0,4054;0,4054;0,4054;0,4054;0,4054;0,4054;0,4054;0,4054;0,4054;0,4054;0,4054;0,4054;0,4054;0,4054;0,4054;0,4054;0,4054;0,4054;0,4054;0,4054;0,4054;0,4054
riskDamage-soc-custom-27;0,00;0,00;297,40;218,32;218,32;139,03;139,03;108,07;108,07;108,07;108,07;108,07;108,07;108,07;108,07;108,07;108,07;108,07;108,07;108,07;108,07;108,07;108,07;108,07;108,07;108,07;108,07;108,07;108,07;108,07;108,07;108,07;108,07;108,07;108,07;108,07;108,07;108,07;108,07;108,07;108,07;108,07;108,07;108,07;108,07;108,07;108,07;108,07;108,07;108,07
riskDamage-%-soc-custom-27;0,0000;0,0000;0,5070;0,5684;0,5684;0,6037;0,6037;0,4698;0,4716;0,4716;0,4731;0,4731;0,4731;0,4731;0,4731;0,4731;0,4731;0,4731;0,4731;0,4731;0,4731;0,4731;0,4731;0,4731;0,4054;0,4054;0,4054;0,4054;0,4054;0,4054;0,4054;0,4054;0,4054;0,4054;0,4054;0,4054;0,4054;0,4054;0,4054;0,4054;0,4054;0,4054;0,4054;0,4054;0,4054;0,4054;0,4054;0,4054;0,4054;0,4054
riskDamage-soc-custom-28;0,00;83,60;297,40;218,32;218,32;139,03;139,03;108,07;108,07;108,07;108,07;108,07;108,07;108,07;108,07;108,07;108,07;108,07;108,07;108,07;108,07;108,07;108,07;108,07;108,07;108,07;108,07;108,07;108,07;108,07;108,07;108,07;108,07;108,07;108,07;108,07;108,07;108,07;108,07;108,07;108,07;108,07;108,07;108,07;108,07;108,07;108,07;108,07;108,07;108,07
riskDamage-%-soc-custom-28;0,0000;0,1315;0,5070;0,5684;0,5684;0,6037;0,6037;0,4698;0,4716;0,4716;0,4731;0,4731;0,4731;0,4731;0,4731;0,4731;0,4731;0,4731;0,4731;0,4731;0,4731;0,4731;0,4731;0,4731;0,4054;0,4054;0,4054;0,4054;0,4054;0,4054;0,4054;0,4054;0,4054;0,4054;0,4054;0,4054;0,4054;0,4054;0,4054;0,4054;0,4054;0,4054;0,4054;0,4054;0,4054;0,4054;0,4054;0,4054;0,4054;0,4054
riskDamage-soc-custom-25;0,00;83,60;297,40;218,32;218,32;139,03;139,03;108,07;108,07;108,07;108,07;108,07;108,07;108,07;108,07;108,07;108,07;108,07;108,07;108,07;108,07;108,07;108,07;108,07;108,07;108,07;108,07;108,07;108,07;108,07;108,07;108,07;108,07;108,07;108,07;108,07;108,07;108,07;108,07;108,07;108,07;108,07;108,07;108,07;108,07;108,07;108,07;108,07;108,07;108,07
riskDamage-%-soc-custom-25;0,0000;0,1315;0,5070;0,5684;0,5684;0,6037;0,6037;0,4698;0,4716;0,4716;0,4731;0,4731;0,4731;0,4731;0,4731;0,4731;0,4731;0,4731;0,4731;0,4731;0,4731;0,4731;0,4731;0,4731;0,4054;0,4054;0,4054;0,4054;0,4054;0,4054;0,4054;0,4054;0,4054;0,4054;0,4054;0,4054;0,4054;0,4054;0,4054;0,4054;0,4054;0,4054;0,4054;0,4054;0,4054;0,4054;0,4054;0,4054;0,4054;0,4054
riskDamage-soc-custom-26;0,00;83,60;297,40;218,32;218,32;139,03;139,03;108,07;108,07;108,07;108,07;108,07;108,07;108,07;108,07;108,07;108,07;108,07;108,07;108,07;108,07;108,07;108,07;108,07;108,07;108,07;108,07;108,07;108,07;108,07;108,07;108,07;108,07;108,07;108,07;108,07;108,07;108,07;108,07;108,07;108,07;108,07;108,07;108,07;108,07;108,07;108,07;108,07;108,07;108,07
riskDamage-%-soc-custom-26;0,0000;0,1315;0,5070;0,5684;0,5684;0,6037;0,6037;0,4698;0,4716;0,4716;0,4731;0,4731;0,4731;0,4731;0,4731;0,4731;0,4731;0,4731;0,4731;0,4731;0,4731;0,4731;0,4731;0,4731;0,4054;0,4054;0,4054;0,4054;0,4054;0,4054;0,4054;0,4054;0,4054;0,4054;0,4054;0,4054;0,4054;0,4054;0,4054;0,4054;0,4054;0,4054;0,4054;0,4054;0,4054;0,4054;0,4054;0,4054;0,4054;0,4054
riskDamage-soc-custom-29;0,00;83,60;297,40;218,32;218,32;139,03;139,03;108,07;108,07;108,07;108,07;108,07;108,07;108,07;108,07;108,07;108,07;108,07;108,07;108,07;108,07;108,07;108,07;108,07;108,07;108,07;108,07;108,07;108,07;108,07;108,07;108,07;108,07;108,07;108,07;108,07;108,07;108,07;108,07;108,07;108,07;108,07;108,07;108,07;108,07;108,07;108,07;108,07;108,07;108,07
riskDamage-%-soc-custom-29;0,0000;0,1315;0,5070;0,5684;0,5684;0,6037;0,6037;0,4698;0,4716;0,4716;0,4731;0,4731;0,4731;0,4731;0,4731;0,4731;0,4731;0,4731;0,4731;0,4731;0,4731;0,4731;0,4731;0,4731;0,4054;0,4054;0,4054;0,4054;0,4054;0,4054;0,4054;0,4054;0,4054;0,4054;0,4054;0,4054;0,4054;0,4054;0,4054;0,4054;0,4054;0,4054;0,4054;0,4054;0,4054;0,4054;0,4054;0,4054;0,4054;0,4054
riskDamage-soc-custom-20;0,00;0,00;297,40;218,32;218,32;139,03;139,03;108,07;108,07;108,07;108,07;108,07;108,07;108,07;108,07;108,07;108,07;108,07;108,07;108,07;108,07;108,07;108,07;108,07;108,07;108,07;108,07;108,07;108,07;108,07;108,07;108,07;108,07;108,07;108,07;108,07;108,07;108,07;108,07;108,07;108,07;108,07;108,07;108,07;108,07;108,07;108,07;108,07;108,07;108,07
riskDamage-%-soc-custom-20;0,0000;0,0000;0,5070;0,5684;0,5684;0,6037;0,6037;0,4698;0,4716;0,4716;0,4731;0,4731;0,4731;0,4731;0,4731;0,4731;0,4731;0,4731;0,4731;0,4731;0,4731;0,4731;0,4731;0,4731;0,4054;0,4054;0,4054;0,4054;0,4054;0,4054;0,4054;0,4054;0,4054;0,4054;0,4054;0,4054;0,4054;0,4054;0,4054;0,4054;0,4054;0,4054;0,4054;0,4054;0,4054;0,4054;0,4054;0,4054;0,4054;0,4054
riskDamage-soc-light;0,00;0,00;297,40;218,32;218,32;139,03;139,03;108,07;108,07;108,07;108,07;108,07;108,07;108,07;108,07;108,07;108,07;108,07;108,07;108,07;108,07;108,07;108,07;108,07;108,07;108,07;108,07;108,07;108,07;108,07;108,07;108,07;108,07;108,07;108,07;108,07;108,07;108,07;108,07;108,07;108,07;108,07;108,07;108,07;108,07;108,07;108,07;108,07;108,07;108,07
riskDamage-%-soc-light;0,0000;0,0000;0,5070;0,5684;0,5684;0,6037;0,6037;0,4698;0,4716;0,4716;0,4731;0,4731;0,4731;0,4731;0,4731;0,4731;0,4731;0,4731;0,4731;0,4731;0,4731;0,4731;0,4731;0,4731;0,4054;0,4054;0,4054;0,4054;0,4054;0,4054;0,4054;0,4054;0,4054;0,4054;0,4054;0,4054;0,4054;0,4054;0,4054;0,4054;0,4054;0,4054;0,4054;0,4054;0,4054;0,4054;0,4054;0,4054;0,4054;0,4054
riskDamage-soc-custom-23;0,00;0,00;297,40;218,32;218,32;139,03;139,03;108,07;108,07;108,07;108,07;108,07;108,07;108,07;108,07;108,07;108,07;108,07;108,07;108,07;108,07;108,07;108,07;108,07;108,07;108,07;108,07;108,07;108,07;108,07;108,07;108,07;108,07;108,07;108,07;108,07;108,07;108,07;108,07;108,07;108,07;108,07;108,07;108,07;108,07;108,07;108,07;108,07;108,07;108,07
riskDamage-%-soc-custom-23;0,0000;0,0000;0,5070;0,5684;0,5684;0,6037;0,6037;0,4698;0,4716;0,4716;0,4731;0,4731;0,4731;0,4731;0,4731;0,4731;0,4731;0,4731;0,4731;0,4731;0,4731;0,4731;0,4731;0,4731;0,4054;0,4054;0,4054;0,4054;0,4054;0,4054;0,4054;0,4054;0,4054;0,4054;0,4054;0,4054;0,4054;0,4054;0,4054;0,4054;0,4054;0,4054;0,4054;0,4054;0,4054;0,4054;0,4054;0,4054;0,4054;0,4054
riskDamage-soc-custom-24;0,00;83,60;297,40;218,32;218,32;139,03;139,03;108,07;108,07;108,07;108,07;108,07;108,07;108,07;108,07;108,07;108,07;108,07;108,07;108,07;108,07;108,07;108,07;108,07;108,07;108,07;108,07;108,07;108,07;108,07;108,07;108,07;108,07;108,07;108,07;108,07;108,07;108,07;108,07;108,07;108,07;108,07;108,07;108,07;108,07;108,07;108,07;108,07;108,07;108,07
riskDamage-%-soc-custom-24;0,0000;0,1315;0,5070;0,5684;0,5684;0,6037;0,6037;0,4698;0,4716;0,4716;0,4731;0,4731;0,4731;0,4731;0,4731;0,4731;0,4731;0,4731;0,4731;0,4731;0,4731;0,4731;0,4731;0,4731;0,4054;0,4054;0,4054;0,4054;0,4054;0,4054;0,4054;0,4054;0,4054;0,4054;0,4054;0,4054;0,4054;0,4054;0,4054;0,4054;0,4054;0,4054;0,4054;0,4054;0,4054;0,4054;0,4054;0,4054;0,4054;0,4054
riskDamage-soc-custom-21;0,00;0,00;297,40;218,32;218,32;139,03;139,03;108,07;108,07;108,07;108,07;108,07;108,07;108,07;108,07;108,07;108,07;108,07;108,07;108,07;108,07;108,07;108,07;108,07;108,07;108,07;108,07;108,07;108,07;108,07;108,07;108,07;108,07;108,07;108,07;108,07;108,07;108,07;108,07;108,07;108,07;108,07;108,07;108,07;108,07;108,07;108,07;108,07;108,07;108,07
riskDamage-%-soc-custom-21;0,0000;0,0000;0,5070;0,5684;0,5684;0,6037;0,6037;0,4698;0,4716;0,4716;0,4731;0,4731;0,4731;0,4731;0,4731;0,4731;0,4731;0,4731;0,4731;0,4731;0,4731;0,4731;0,4731;0,4731;0,4054;0,4054;0,4054;0,4054;0,4054;0,4054;0,4054;0,4054;0,4054;0,4054;0,4054;0,4054;0,4054;0,4054;0,4054;0,4054;0,4054;0,4054;0,4054;0,4054;0,4054;0,4054;0,4054;0,4054;0,4054;0,4054
riskDamage-soc-custom-22;0,00;83,60;297,40;218,32;218,32;139,03;139,03;108,07;108,07;108,07;108,07;108,07;108,07;108,07;108,07;108,07;108,07;108,07;108,07;108,07;108,07;108,07;108,07;108,07;108,07;108,07;108,07;108,07;108,07;108,07;108,07;108,07;108,07;108,07;108,07;108,07;108,07;108,07;108,07;108,07;108,07;108,07;108,07;108,07;108,07;108,07;108,07;108,07;108,07;108,07
riskDamage-%-soc-custom-22;0,0000;0,1315;0,5070;0,5684;0,5684;0,6037;0,6037;0,4698;0,4716;0,4716;0,4731;0,4731;0,4731;0,4731;0,4731;0,4731;0,4731;0,4731;0,4731;0,4731;0,4731;0,4731;0,4731;0,4731;0,4054;0,4054;0,4054;0,4054;0,4054;0,4054;0,4054;0,4054;0,4054;0,4054;0,4054;0,4054;0,4054;0,4054;0,4054;0,4054;0,4054;0,4054;0,4054;0,4054;0,4054;0,4054;0,4054;0,4054;0,4054;0,4054
riskDamage-soc-motion;0,00;83,59;294,04;294,04;294,04;139,03;139,03;108,07;108,07;108,07;108,07;108,07;108,07;108,07;108,07;108,07;108,07;108,07;108,07;108,07;108,07;108,07;108,07;108,07;108,07;108,07;108,07;108,07;108,07;108,07;108,07;108,07;108,07;108,07;108,07;108,07;108,07;108,07;108,07;108,07;108,07;108,07;108,07;108,07;108,07;108,07;108,07;108,07;108,07;108,07
riskDamage-%-soc-motion;0,0000;0,1314;0,5013;0,7656;0,7656;0,6037;0,6037;0,4698;0,4716;0,4716;0,4731;0,4731;0,4731;0,4731;0,4731;0,4731;0,4731;0,4731;0,4731;0,4731;0,4731;0,4731;0,4731;0,4731;0,4054;0,4054;0,4054;0,4054;0,4054;0,4054;0,4054;0,4054;0,4054;0,4054;0,4054;0,4054;0,4054;0,4054;0,4054;0,4054;0,4054;0,4054;0,4054;0,4054;0,4054;0,4054;0,4054;0,4054;0,4054;0,4054
riskDamage-soc-humidity;0,00;0,00;297,21;216,13;216,13;138,37;138,37;108,07;108,07;108,07;108,07;108,07;108,07;108,07;108,07;108,07;108,07;108,07;108,07;108,07;108,07;108,07;108,07;108,07;108,07;108,07;108,07;108,07;108,07;108,07;108,07;108,07;108,07;108,07;108,07;108,07;108,07;108,07;108,07;108,07;108,07;108,07;108,07;108,07;108,07;108,07;108,07;108,07;108,07;108,07
riskDamage-%-soc-humidity;0,0000;0,0000;0,5067;0,5627;0,5627;0,6008;0,6008;0,4698;0,4716;0,4716;0,4731;0,4731;0,4731;0,4731;0,4731;0,4731;0,4731;0,4731;0,4731;0,4731;0,4731;0,4731;0,4731;0,4731;0,4054;0,4054;0,4054;0,4054;0,4054;0,4054;0,4054;0,4054;0,4054;0,4054;0,4054;0,4054;0,4054;0,4054;0,4054;0,4054;0,4054;0,4054;0,4054;0,4054;0,4054;0,4054;0,4054;0,4054;0,4054;0,4054
riskDamage-server;3,98;3,98;3,98;3,98;3,98;3,98;3,97;3,53;2,12;2,12;2,12;2,12;2,12;2,12;2,12;2,12;2,12;2,12;2,12;2,12;2,12;2,12;2,12;2,12;2,12;2,12;2,12;2,12;2,12;2,12;2,12;2,12;2,12;2,12;2,12;2,12;2,12;2,12;2,12;2,12;2,12;2,12;2,12;2,12;2,12;2,12;2,12;2,12;2,12;2,12
riskDamage-%-server;0,0063;0,0063;0,0068;0,0104;0,0104;0,0173;0,0172;0,0153;0,0092;0,0092;0,0093;0,0093;0,0093;0,0093;0,0093;0,0093;0,0093;0,0093;0,0093;0,0093;0,0093;0,0093;0,0093;0,0093;0,0079;0,0079;0,0079;0,0079;0,0079;0,0079;0,0079;0,0079;0,0079;0,0079;0,0079;0,0079;0,0079;0,0079;0,0079;0,0079;0,0079;0,0079;0,0079;0,0079;0,0079;0,0079;0,0079;0,0079;0,0079;0,0079
riskDamage-soc-smoke;0,00;0,00;297,40;218,32;218,32;139,03;139,03;108,07;108,07;108,07;108,07;108,07;108,07;108,07;108,07;108,07;108,07;108,07;108,07;108,07;108,07;108,07;108,07;108,07;108,07;108,07;108,07;108,07;108,07;108,07;108,07;108,07;108,07;108,07;108,07;108,07;108,07;108,07;108,07;108,07;108,07;108,07;108,07;108,07;108,07;108,07;108,07;108,07;108,07;108,07
riskDamage-%-soc-smoke;0,0000;0,0000;0,5070;0,5684;0,5684;0,6037;0,6037;0,4698;0,4716;0,4716;0,4731;0,4731;0,4731;0,4731;0,4731;0,4731;0,4731;0,4731;0,4731;0,4731;0,4731;0,4731;0,4731;0,4731;0,4054;0,4054;0,4054;0,4054;0,4054;0,4054;0,4054;0,4054;0,4054;0,4054;0,4054;0,4054;0,4054;0,4054;0,4054;0,4054;0,4054;0,4054;0,4054;0,4054;0,4054;0,4054;0,4054;0,4054;0,4054;0,4054
riskDamage-soc-temperature;0,00;83,60;297,40;218,32;218,32;139,03;139,03;108,07;108,07;108,07;108,07;108,07;108,07;108,07;108,07;108,07;108,07;108,07;108,07;108,07;108,07;108,07;108,07;108,07;108,07;108,07;108,07;108,07;108,07;108,07;108,07;108,07;108,07;108,07;108,07;108,07;108,07;108,07;108,07;108,07;108,07;108,07;108,07;108,07;108,07;108,07;108,07;108,07;108,07;108,07
riskDamage-%-soc-temperature;0,0000;0,1315;0,5070;0,5684;0,5684;0,6037;0,6037;0,4698;0,4716;0,4716;0,4731;0,4731;0,4731;0,4731;0,4731;0,4731;0,4731;0,4731;0,4731;0,4731;0,4731;0,4731;0,4731;0,4731;0,4054;0,4054;0,4054;0,4054;0,4054;0,4054;0,4054;0,4054;0,4054;0,4054;0,4054;0,4054;0,4054;0,4054;0,4054;0,4054;0,4054;0,4054;0,4054;0,4054;0,4054;0,4054;0,4054;0,4054;0,4054;0,4054
riskDamage-soc-custom-50;0,00;83,60;297,40;218,32;218,32;139,03;139,03;108,07;108,07;108,07;108,07;108,07;108,07;108,07;108,07;108,07;108,07;108,07;108,07;108,07;108,07;108,07;108,07;108,07;108,07;108,07;108,07;108,07;108,07;108,07;108,07;108,07;108,07;108,07;108,07;108,07;108,07;108,07;108,07;108,07;108,07;108,07;108,07;108,07;108,07;108,07;108,07;108,07;108,07;108,07
riskDamage-%-soc-custom-50;0,0000;0,1315;0,5070;0,5684;0,5684;0,6037;0,6037;0,4698;0,4716;0,4716;0,4731;0,4731;0,4731;0,4731;0,4731;0,4731;0,4731;0,4731;0,4731;0,4731;0,4731;0,4731;0,4731;0,4731;0,4054;0,4054;0,4054;0,4054;0,4054;0,4054;0,4054;0,4054;0,4054;0,4054;0,4054;0,4054;0,4054;0,4054;0,4054;0,4054;0,4054;0,4054;0,4054;0,4054;0,4054;0,4054;0,4054;0,4054;0,4054;0,4054
riskDamage-iot-controller;79,64;83,36;309,89;218,32;218,32;139,03;139,03;108,07;108,07;108,07;108,07;108,07;108,07;108,07;108,07;108,07;108,07;108,07;108,07;108,07;108,07;108,07;108,07;108,07;108,07;108,07;108,07;108,07;108,07;108,07;108,07;108,07;108,07;108,07;108,07;108,07;108,07;108,07;108,07;108,07;108,07;108,07;108,07;108,07;108,07;108,07;108,07;108,07;108,07;108,07
riskDamage-%-iot-controller;0,1252;0,1311;0,5283;0,5684;0,5684;0,6037;0,6037;0,4698;0,4716;0,4716;0,4731;0,4731;0,4731;0,4731;0,4731;0,4731;0,4731;0,4731;0,4731;0,4731;0,4731;0,4731;0,4731;0,4731;0,4054;0,4054;0,4054;0,4054;0,4054;0,4054;0,4054;0,4054;0,4054;0,4054;0,4054;0,4054;0,4054;0,4054;0,4054;0,4054;0,4054;0,4054;0,4054;0,4054;0,4054;0,4054;0,4054;0,4054;0,4054;0,4054
riskDamage-soc-custom-38;0,00;0,00;297,40;218,32;218,32;139,03;139,03;108,07;108,07;108,07;108,07;108,07;108,07;108,07;108,07;108,07;108,07;108,07;108,07;108,07;108,07;108,07;108,07;108,07;108,07;108,07;108,07;108,07;108,07;108,07;108,07;108,07;108,07;108,07;108,07;108,07;108,07;108,07;108,07;108,07;108,07;108,07;108,07;108,07;108,07;108,07;108,07;108,07;108,07;108,07
riskDamage-%-soc-custom-38;0,0000;0,0000;0,5070;0,5684;0,5684;0,6037;0,6037;0,4698;0,4716;0,4716;0,4731;0,4731;0,4731;0,4731;0,4731;0,4731;0,4731;0,4731;0,4731;0,4731;0,4731;0,4731;0,4731;0,4731;0,4054;0,4054;0,4054;0,4054;0,4054;0,4054;0,4054;0,4054;0,4054;0,4054;0,4054;0,4054;0,4054;0,4054;0,4054;0,4054;0,4054;0,4054;0,4054;0,4054;0,4054;0,4054;0,4054;0,4054;0,4054;0,4054
riskDamage-soc-custom-39;0,00;0,00;297,40;218,32;218,32;139,03;139,03;108,07;108,07;108,07;108,07;108,07;108,07;108,07;108,07;108,07;108,07;108,07;108,07;108,07;108,07;108,07;108,07;108,07;108,07;108,07;108,07;108,07;108,07;108,07;108,07;108,07;108,07;108,07;108,07;108,07;108,07;108,07;108,07;108,07;108,07;108,07;108,07;108,07;108,07;108,07;108,07;108,07;108,07;108,07
riskDamage-%-soc-custom-39;0,0000;0,0000;0,5070;0,5684;0,5684;0,6037;0,6037;0,4698;0,4716;0,4716;0,4731;0,4731;0,4731;0,4731;0,4731;0,4731;0,4731;0,4731;0,4731;0,4731;0,4731;0,4731;0,4731;0,4731;0,4054;0,4054;0,4054;0,4054;0,4054;0,4054;0,4054;0,4054;0,4054;0,4054;0,4054;0,4054;0,4054;0,4054;0,4054;0,4054;0,4054;0,4054;0,4054;0,4054;0,4054;0,4054;0,4054;0,4054;0,4054;0,4054
riskDamage-soc-custom-36;0,00;0,00;297,40;218,32;218,32;139,03;139,03;108,07;108,07;108,07;108,07;108,07;108,07;108,07;108,07;108,07;108,07;108,07;108,07;108,07;108,07;108,07;108,07;108,07;108,07;108,07;108,07;108,07;108,07;108,07;108,07;108,07;108,07;108,07;108,07;108,07;108,07;108,07;108,07;108,07;108,07;108,07;108,07;108,07;108,07;108,07;108,07;108,07;108,07;108,07
riskDamage-%-soc-custom-36;0,0000;0,0000;0,5070;0,5684;0,5684;0,6037;0,6037;0,4698;0,4716;0,4716;0,4731;0,4731;0,4731;0,4731;0,4731;0,4731;0,4731;0,4731;0,4731;0,4731;0,4731;0,4731;0,4731;0,4731;0,4054;0,4054;0,4054;0,4054;0,4054;0,4054;0,4054;0,4054;0,4054;0,4054;0,4054;0,4054;0,4054;0,4054;0,4054;0,4054;0,4054;0,4054;0,4054;0,4054;0,4054;0,4054;0,4054;0,4054;0,4054;0,4054
riskDamage-soc-custom-37;0,00;0,00;297,40;218,32;218,32;139,03;139,03;108,07;108,07;108,07;108,07;108,07;108,07;108,07;108,07;108,07;108,07;108,07;108,07;108,07;108,07;108,07;108,07;108,07;108,07;108,07;108,07;108,07;108,07;108,07;108,07;108,07;108,07;108,07;108,07;108,07;108,07;108,07;108,07;108,07;108,07;108,07;108,07;108,07;108,07;108,07;108,07;108,07;108,07;108,07
riskDamage-%-soc-custom-37;0,0000;0,0000;0,5070;0,5684;0,5684;0,6037;0,6037;0,4698;0,4716;0,4716;0,4731;0,4731;0,4731;0,4731;0,4731;0,4731;0,4731;0,4731;0,4731;0,4731;0,4731;0,4731;0,4731;0,4731;0,4054;0,4054;0,4054;0,4054;0,4054;0,4054;0,4054;0,4054;0,4054;0,4054;0,4054;0,4054;0,4054;0,4054;0,4054;0,4054;0,4054;0,4054;0,4054;0,4054;0,4054;0,4054;0,4054;0,4054;0,4054;0,4054
riskDamage-soc-custom-30;0,00;0,00;297,40;218,32;218,32;139,03;139,03;108,07;108,07;108,07;108,07;108,07;108,07;108,07;108,07;108,07;108,07;108,07;108,07;108,07;108,07;108,07;108,07;108,07;108,07;108,07;108,07;108,07;108,07;108,07;108,07;108,07;108,07;108,07;108,07;108,07;108,07;108,07;108,07;108,07;108,07;108,07;108,07;108,07;108,07;108,07;108,07;108,07;108,07;108,07
riskDamage-%-soc-custom-30;0,0000;0,0000;0,5070;0,5684;0,5684;0,6037;0,6037;0,4698;0,4716;0,4716;0,4731;0,4731;0,4731;0,4731;0,4731;0,4731;0,4731;0,4731;0,4731;0,4731;0,4731;0,4731;0,4731;0,4731;0,4054;0,4054;0,4054;0,4054;0,4054;0,4054;0,4054;0,4054;0,4054;0,4054;0,4054;0,4054;0,4054;0,4054;0,4054;0,4054;0,4054;0,4054;0,4054;0,4054;0,4054;0,4054;0,4054;0,4054;0,4054;0,4054
riskDamage-soc-custom-31;0,00;83,60;297,40;218,32;218,32;139,03;139,03;108,07;108,07;108,07;108,07;108,07;108,07;108,07;108,07;108,07;108,07;108,07;108,07;108,07;108,07;108,07;108,07;108,07;108,07;108,07;108,07;108,07;108,07;108,07;108,07;108,07;108,07;108,07;108,07;108,07;108,07;108,07;108,07;108,07;108,07;108,07;108,07;108,07;108,07;108,07;108,07;108,07;108,07;108,07
riskDamage-%-soc-custom-31;0,0000;0,1315;0,5070;0,5684;0,5684;0,6037;0,6037;0,4698;0,4716;0,4716;0,4731;0,4731;0,4731;0,4731;0,4731;0,4731;0,4731;0,4731;0,4731;0,4731;0,4731;0,4731;0,4731;0,4731;0,4054;0,4054;0,4054;0,4054;0,4054;0,4054;0,4054;0,4054;0,4054;0,4054;0,4054;0,4054;0,4054;0,4054;0,4054;0,4054;0,4054;0,4054;0,4054;0,4054;0,4054;0,4054;0,4054;0,4054;0,4054;0,4054
riskDamage-soc-custom-34;0,00;83,60;297,40;218,32;218,32;139,03;139,03;108,07;108,07;108,07;108,07;108,07;108,07;108,07;108,07;108,07;108,07;108,07;108,07;108,07;108,07;108,07;108,07;108,07;108,07;108,07;108,07;108,07;108,07;108,07;108,07;108,07;108,07;108,07;108,07;108,07;108,07;108,07;108,07;108,07;108,07;108,07;108,07;108,07;108,07;108,07;108,07;108,07;108,07;108,07
riskDamage-%-soc-custom-34;0,0000;0,1315;0,5070;0,5684;0,5684;0,6037;0,6037;0,4698;0,4716;0,4716;0,4731;0,4731;0,4731;0,4731;0,4731;0,4731;0,4731;0,4731;0,4731;0,4731;0,4731;0,4731;0,4731;0,4731;0,4054;0,4054;0,4054;0,4054;0,4054;0,4054;0,4054;0,4054;0,4054;0,4054;0,4054;0,4054;0,4054;0,4054;0,4054;0,4054;0,4054;0,4054;0,4054;0,4054;0,4054;0,4054;0,4054;0,4054;0,4054;0,4054
riskDamage-soc-custom-35;0,00;83,60;297,40;218,32;218,32;139,03;139,03;108,07;108,07;108,07;108,07;108,07;108,07;108,07;108,07;108,07;108,07;108,07;108,07;108,07;108,07;108,07;108,07;108,07;108,07;108,07;108,07;108,07;108,07;108,07;108,07;108,07;108,07;108,07;108,07;108,07;108,07;108,07;108,07;108,07;108,07;108,07;108,07;108,07;108,07;108,07;108,07;108,07;108,07;108,07
riskDamage-%-soc-custom-35;0,0000;0,1315;0,5070;0,5684;0,5684;0,6037;0,6037;0,4698;0,4716;0,4716;0,4731;0,4731;0,4731;0,4731;0,4731;0,4731;0,4731;0,4731;0,4731;0,4731;0,4731;0,4731;0,4731;0,4731;0,4054;0,4054;0,4054;0,4054;0,4054;0,4054;0,4054;0,4054;0,4054;0,4054;0,4054;0,4054;0,4054;0,4054;0,4054;0,4054;0,4054;0,4054;0,4054;0,4054;0,4054;0,4054;0,4054;0,4054;0,4054;0,4054
riskDamage-soc-custom-32;0,00;83,60;297,40;218,32;218,32;139,03;139,03;108,07;108,07;108,07;108,07;108,07;108,07;108,07;108,07;108,07;108,07;108,07;108,07;108,07;108,07;108,07;108,07;108,07;108,07;108,07;108,07;108,07;108,07;108,07;108,07;108,07;108,07;108,07;108,07;108,07;108,07;108,07;108,07;108,07;108,07;108,07;108,07;108,07;108,07;108,07;108,07;108,07;108,07;108,07
riskDamage-%-soc-custom-32;0,0000;0,1315;0,5070;0,5684;0,5684;0,6037;0,6037;0,4698;0,4716;0,4716;0,4731;0,4731;0,4731;0,4731;0,4731;0,4731;0,4731;0,4731;0,4731;0,4731;0,4731;0,4731;0,4731;0,4731;0,4054;0,4054;0,4054;0,4054;0,4054;0,4054;0,4054;0,4054;0,4054;0,4054;0,4054;0,4054;0,4054;0,4054;0,4054;0,4054;0,4054;0,4054;0,4054;0,4054;0,4054;0,4054;0,4054;0,4054;0,4054;0,4054
riskDamage-soc-custom-33;0,00;0,00;297,40;218,32;218,32;139,03;139,03;108,07;108,07;108,07;108,07;108,07;108,07;108,07;108,07;108,07;108,07;108,07;108,07;108,07;108,07;108,07;108,07;108,07;108,07;108,07;108,07;108,07;108,07;108,07;108,07;108,07;108,07;108,07;108,07;108,07;108,07;108,07;108,07;108,07;108,07;108,07;108,07;108,07;108,07;108,07;108,07;108,07;108,07;108,07
riskDamage-%-soc-custom-33;0,0000;0,0000;0,5070;0,5684;0,5684;0,6037;0,6037;0,4698;0,4716;0,4716;0,4731;0,4731;0,4731;0,4731;0,4731;0,4731;0,4731;0,4731;0,4731;0,4731;0,4731;0,4731;0,4731;0,4731;0,4054;0,4054;0,4054;0,4054;0,4054;0,4054;0,4054;0,4054;0,4054;0,4054;0,4054;0,4054;0,4054;0,4054;0,4054;0,4054;0,4054;0,4054;0,4054;0,4054;0,4054;0,4054;0,4054;0,4054;0,4054;0,4054
riskDamage-soc-door-lock;0,00;0,00;295,92;288,64;288,64;128,79;128,79;128,79;108,07;108,07;108,07;108,07;108,07;108,07;108,07;108,07;108,07;108,07;108,07;108,07;108,07;108,07;108,07;108,07;108,07;108,07;108,07;108,07;108,07;108,07;108,07;108,07;108,07;108,07;108,07;108,07;108,07;108,07;108,07;108,07;108,07;108,07;108,07;108,07;108,07;108,07;108,07;108,07;108,07;108,07
riskDamage-%-soc-door-lock;0,0000;0,0000;0,5045;0,7515;0,7515;0,5593;0,5593;0,5599;0,4716;0,4716;0,4731;0,4731;0,4731;0,4731;0,4731;0,4731;0,4731;0,4731;0,4731;0,4731;0,4731;0,4731;0,4731;0,4731;0,4054;0,4054;0,4054;0,4054;0,4054;0,4054;0,4054;0,4054;0,4054;0,4054;0,4054;0,4054;0,4054;0,4054;0,4054;0,4054;0,4054;0,4054;0,4054;0,4054;0,4054;0,4054;0,4054;0,4054;0,4054;0,4054
riskDamage-soc-gate;23,89;23,89;293,10;164,61;164,61;120,18;120,18;108,07;108,07;108,07;108,07;108,07;108,07;108,07;108,07;108,07;108,07;108,07;108,07;108,07;108,07;108,07;108,07;108,07;108,07;108,07;108,07;108,07;108,07;108,07;108,07;108,07;108,07;108,07;108,07;108,07;108,07;108,07;108,07;108,07;108,07;108,07;108,07;108,07;108,07;108,07;108,07;108,07;108,07;108,07
riskDamage-%-soc-gate;0,0376;0,0376;0,4997;0,4286;0,4286;0,5219;0,5219;0,4698;0,4716;0,4716;0,4731;0,4731;0,4731;0,4731;0,4731;0,4731;0,4731;0,4731;0,4731;0,4731;0,4731;0,4731;0,4731;0,4731;0,4054;0,4054;0,4054;0,4054;0,4054;0,4054;0,4054;0,4054;0,4054;0,4054;0,4054;0,4054;0,4054;0,4054;0,4054;0,4054;0,4054;0,4054;0,4054;0,4054;0,4054;0,4054;0,4054;0,4054;0,4054;0,4054
riskDamage-soc-custom-49;0,00;83,60;297,40;218,32;218,32;139,03;139,03;108,07;108,07;108,07;108,07;108,07;108,07;108,07;108,07;108,07;108,07;108,07;108,07;108,07;108,07;108,07;108,07;108,07;108,07;108,07;108,07;108,07;108,07;108,07;108,07;108,07;108,07;108,07;108,07;108,07;108,07;108,07;108,07;108,07;108,07;108,07;108,07;108,07;108,07;108,07;108,07;108,07;108,07;108,07
riskDamage-%-soc-custom-49;0,0000;0,1315;0,5070;0,5684;0,5684;0,6037;0,6037;0,4698;0,4716;0,4716;0,4731;0,4731;0,4731;0,4731;0,4731;0,4731;0,4731;0,4731;0,4731;0,4731;0,4731;0,4731;0,4731;0,4731;0,4054;0,4054;0,4054;0,4054;0,4054;0,4054;0,4054;0,4054;0,4054;0,4054;0,4054;0,4054;0,4054;0,4054;0,4054;0,4054;0,4054;0,4054;0,4054;0,4054;0,4054;0,4054;0,4054;0,4054;0,4054;0,4054
riskDamage-soc-custom-47;0,00;83,60;297,40;218,32;218,32;139,03;139,03;108,07;108,07;108,07;108,07;108,07;108,07;108,07;108,07;108,07;108,07;108,07;108,07;108,07;108,07;108,07;108,07;108,07;108,07;108,07;108,07;108,07;108,07;108,07;108,07;108,07;108,07;108,07;108,07;108,07;108,07;108,07;108,07;108,07;108,07;108,07;108,07;108,07;108,07;108,07;108,07;108,07;108,07;108,07
riskDamage-%-soc-custom-47;0,0000;0,1315;0,5070;0,5684;0,5684;0,6037;0,6037;0,4698;0,4716;0,4716;0,4731;0,4731;0,4731;0,4731;0,4731;0,4731;0,4731;0,4731;0,4731;0,4731;0,4731;0,4731;0,4731;0,4731;0,4054;0,4054;0,4054;0,4054;0,4054;0,4054;0,4054;0,4054;0,4054;0,4054;0,4054;0,4054;0,4054;0,4054;0,4054;0,4054;0,4054;0,4054;0,4054;0,4054;0,4054;0,4054;0,4054;0,4054;0,4054;0,4054
riskDamage-soc-custom-48;0,00;83,60;297,40;218,32;218,32;139,03;139,03;108,07;108,07;108,07;108,07;108,07;108,07;108,07;108,07;108,07;108,07;108,07;108,07;108,07;108,07;108,07;108,07;108,07;108,07;108,07;108,07;108,07;108,07;108,07;108,07;108,07;108,07;108,07;108,07;108,07;108,07;108,07;108,07;108,07;108,07;108,07;108,07;108,07;108,07;108,07;108,07;108,07;108,07;108,07
riskDamage-%-soc-custom-48;0,0000;0,1315;0,5070;0,5684;0,5684;0,6037;0,6037;0,4698;0,4716;0,4716;0,4731;0,4731;0,4731;0,4731;0,4731;0,4731;0,4731;0,4731;0,4731;0,4731;0,4731;0,4731;0,4731;0,4731;0,4054;0,4054;0,4054;0,4054;0,4054;0,4054;0,4054;0,4054;0,4054;0,4054;0,4054;0,4054;0,4054;0,4054;0,4054;0,4054;0,4054;0,4054;0,4054;0,4054;0,4054;0,4054;0,4054;0,4054;0,4054;0,4054
riskDamage-desktop;0,00;83,60;297,40;218,32;218,32;139,03;139,03;108,07;108,07;108,07;108,07;108,07;108,07;108,07;108,07;108,07;108,07;108,07;108,07;108,07;108,07;108,07;108,07;108,07;108,07;108,07;108,07;108,07;108,07;108,07;108,07;108,07;108,07;108,07;108,07;108,07;108,07;108,07;108,07;108,07;108,07;108,07;108,07;108,07;108,07;108,07;108,07;108,07;108,07;108,07
riskDamage-%-desktop;0,0000;0,1315;0,5070;0,5684;0,5684;0,6037;0,6037;0,4698;0,4716;0,4716;0,4731;0,4731;0,4731;0,4731;0,4731;0,4731;0,4731;0,4731;0,4731;0,4731;0,4731;0,4731;0,4731;0,4731;0,4054;0,4054;0,4054;0,4054;0,4054;0,4054;0,4054;0,4054;0,4054;0,4054;0,4054;0,4054;0,4054;0,4054;0,4054;0,4054;0,4054;0,4054;0,4054;0,4054;0,4054;0,4054;0,4054;0,4054;0,4054;0,4054
riskDamage-soc-custom-5;0,00;83,60;297,40;218,32;218,32;139,03;139,03;108,07;108,07;108,07;108,07;108,07;108,07;108,07;108,07;108,07;108,07;108,07;108,07;108,07;108,07;108,07;108,07;108,07;108,07;108,07;108,07;108,07;108,07;108,07;108,07;108,07;108,07;108,07;108,07;108,07;108,07;108,07;108,07;108,07;108,07;108,07;108,07;108,07;108,07;108,07;108,07;108,07;108,07;108,07
riskDamage-%-soc-custom-5;0,0000;0,1315;0,5070;0,5684;0,5684;0,6037;0,6037;0,4698;0,4716;0,4716;0,4731;0,4731;0,4731;0,4731;0,4731;0,4731;0,4731;0,4731;0,4731;0,4731;0,4731;0,4731;0,4731;0,4731;0,4054;0,4054;0,4054;0,4054;0,4054;0,4054;0,4054;0,4054;0,4054;0,4054;0,4054;0,4054;0,4054;0,4054;0,4054;0,4054;0,4054;0,4054;0,4054;0,4054;0,4054;0,4054;0,4054;0,4054;0,4054;0,4054
riskDamage-soc-custom-41;0,00;83,60;297,40;218,32;218,32;139,03;139,03;108,07;108,07;108,07;108,07;108,07;108,07;108,07;108,07;108,07;108,07;108,07;108,07;108,07;108,07;108,07;108,07;108,07;108,07;108,07;108,07;108,07;108,07;108,07;108,07;108,07;108,07;108,07;108,07;108,07;108,07;108,07;108,07;108,07;108,07;108,07;108,07;108,07;108,07;108,07;108,07;108,07;108,07;108,07
riskDamage-%-soc-custom-41;0,0000;0,1315;0,5070;0,5684;0,5684;0,6037;0,6037;0,4698;0,4716;0,4716;0,4731;0,4731;0,4731;0,4731;0,4731;0,4731;0,4731;0,4731;0,4731;0,4731;0,4731;0,4731;0,4731;0,4731;0,4054;0,4054;0,4054;0,4054;0,4054;0,4054;0,4054;0,4054;0,4054;0,4054;0,4054;0,4054;0,4054;0,4054;0,4054;0,4054;0,4054;0,4054;0,4054;0,4054;0,4054;0,4054;0,4054;0,4054;0,4054;0,4054
riskDamage-soc-custom-42;0,00;0,00;297,40;218,32;218,32;139,03;139,03;108,07;108,07;108,07;108,07;108,07;108,07;108,07;108,07;108,07;108,07;108,07;108,07;108,07;108,07;108,07;108,07;108,07;108,07;108,07;108,07;108,07;108,07;108,07;108,07;108,07;108,07;108,07;108,07;108,07;108,07;108,07;108,07;108,07;108,07;108,07;108,07;108,07;108,07;108,07;108,07;108,07;108,07;108,07
riskDamage-%-soc-custom-42;0,0000;0,0000;0,5070;0,5684;0,5684;0,6037;0,6037;0,4698;0,4716;0,4716;0,4731;0,4731;0,4731;0,4731;0,4731;0,4731;0,4731;0,4731;0,4731;0,4731;0,4731;0,4731;0,4731;0,4731;0,4054;0,4054;0,4054;0,4054;0,4054;0,4054;0,4054;0,4054;0,4054;0,4054;0,4054;0,4054;0,4054;0,4054;0,4054;0,4054;0,4054;0,4054;0,4054;0,4054;0,4054;0,4054;0,4054;0,4054;0,4054;0,4054
riskDamage-soc-custom-6;0,00;0,00;297,40;218,32;218,32;139,03;139,03;108,07;108,07;108,07;108,07;108,07;108,07;108,07;108,07;108,07;108,07;108,07;108,07;108,07;108,07;108,07;108,07;108,07;108,07;108,07;108,07;108,07;108,07;108,07;108,07;108,07;108,07;108,07;108,07;108,07;108,07;108,07;108,07;108,07;108,07;108,07;108,07;108,07;108,07;108,07;108,07;108,07;108,07;108,07
riskDamage-%-soc-custom-6;0,0000;0,0000;0,5070;0,5684;0,5684;0,6037;0,6037;0,4698;0,4716;0,4716;0,4731;0,4731;0,4731;0,4731;0,4731;0,4731;0,4731;0,4731;0,4731;0,4731;0,4731;0,4731;0,4731;0,4731;0,4054;0,4054;0,4054;0,4054;0,4054;0,4054;0,4054;0,4054;0,4054;0,4054;0,4054;0,4054;0,4054;0,4054;0,4054;0,4054;0,4054;0,4054;0,4054;0,4054;0,4054;0,4054;0,4054;0,4054;0,4054;0,4054
riskDamage-soc-custom-3;0,00;83,60;291,81;218,32;218,32;139,03;139,03;108,07;108,07;108,07;108,07;108,07;108,07;108,07;108,07;108,07;108,07;108,07;108,07;108,07;108,07;108,07;108,07;108,07;108,07;108,07;108,07;108,07;108,07;108,07;108,07;108,07;108,07;108,07;108,07;108,07;108,07;108,07;108,07;108,07;108,07;108,07;108,07;108,07;108,07;108,07;108,07;108,07;108,07;108,07
riskDamage-%-soc-custom-3;0,0000;0,1315;0,4975;0,5684;0,5684;0,6037;0,6037;0,4698;0,4716;0,4716;0,4731;0,4731;0,4731;0,4731;0,4731;0,4731;0,4731;0,4731;0,4731;0,4731;0,4731;0,4731;0,4731;0,4731;0,4054;0,4054;0,4054;0,4054;0,4054;0,4054;0,4054;0,4054;0,4054;0,4054;0,4054;0,4054;0,4054;0,4054;0,4054;0,4054;0,4054;0,4054;0,4054;0,4054;0,4054;0,4054;0,4054;0,4054;0,4054;0,4054
riskDamage-soc-custom-4;0,00;0,00;291,81;218,32;218,32;139,03;139,03;108,07;108,07;108,07;108,07;108,07;108,07;108,07;108,07;108,07;108,07;108,07;108,07;108,07;108,07;108,07;108,07;108,07;108,07;108,07;108,07;108,07;108,07;108,07;108,07;108,07;108,07;108,07;108,07;108,07;108,07;108,07;108,07;108,07;108,07;108,07;108,07;108,07;108,07;108,07;108,07;108,07;108,07;108,07
riskDamage-%-soc-custom-4;0,0000;0,0000;0,4975;0,5684;0,5684;0,6037;0,6037;0,4698;0,4716;0,4716;0,4731;0,4731;0,4731;0,4731;0,4731;0,4731;0,4731;0,4731;0,4731;0,4731;0,4731;0,4731;0,4731;0,4731;0,4054;0,4054;0,4054;0,4054;0,4054;0,4054;0,4054;0,4054;0,4054;0,4054;0,4054;0,4054;0,4054;0,4054;0,4054;0,4054;0,4054;0,4054;0,4054;0,4054;0,4054;0,4054;0,4054;0,4054;0,4054;0,4054
riskDamage-soc-custom-40;0,00;0,00;291,81;218,32;218,32;139,03;139,03;108,07;108,07;108,07;108,07;108,07;108,07;108,07;108,07;108,07;108,07;108,07;108,07;108,07;108,07;108,07;108,07;108,07;108,07;108,07;108,07;108,07;108,07;108,07;108,07;108,07;108,07;108,07;108,07;108,07;108,07;108,07;108,07;108,07;108,07;108,07;108,07;108,07;108,07;108,07;108,07;108,07;108,07;108,07
riskDamage-%-soc-custom-40;0,0000;0,0000;0,4975;0,5684;0,5684;0,6037;0,6037;0,4698;0,4716;0,4716;0,4731;0,4731;0,4731;0,4731;0,4731;0,4731;0,4731;0,4731;0,4731;0,4731;0,4731;0,4731;0,4731;0,4731;0,4054;0,4054;0,4054;0,4054;0,4054;0,4054;0,4054;0,4054;0,4054;0,4054;0,4054;0,4054;0,4054;0,4054;0,4054;0,4054;0,4054;0,4054;0,4054;0,4054;0,4054;0,4054;0,4054;0,4054;0,4054;0,4054
riskDamage-soc-custom-1;0,00;0,00;291,81;218,32;218,32;139,03;139,03;108,07;108,07;108,07;108,07;108,07;108,07;108,07;108,07;108,07;108,07;108,07;108,07;108,07;108,07;108,07;108,07;108,07;108,07;108,07;108,07;108,07;108,07;108,07;108,07;108,07;108,07;108,07;108,07;108,07;108,07;108,07;108,07;108,07;108,07;108,07;108,07;108,07;108,07;108,07;108,07;108,07;108,07;108,07
riskDamage-%-soc-custom-1;0,0000;0,0000;0,4975;0,5684;0,5684;0,6037;0,6037;0,4698;0,4716;0,4716;0,4731;0,4731;0,4731;0,4731;0,4731;0,4731;0,4731;0,4731;0,4731;0,4731;0,4731;0,4731;0,4731;0,4731;0,4054;0,4054;0,4054;0,4054;0,4054;0,4054;0,4054;0,4054;0,4054;0,4054;0,4054;0,4054;0,4054;0,4054;0,4054;0,4054;0,4054;0,4054;0,4054;0,4054;0,4054;0,4054;0,4054;0,4054;0,4054;0,4054
riskDamage-soc-custom-45;0,00;83,60;291,81;218,32;218,32;139,03;139,03;108,07;108,07;108,07;108,07;108,07;108,07;108,07;108,07;108,07;108,07;108,07;108,07;108,07;108,07;108,07;108,07;108,07;108,07;108,07;108,07;108,07;108,07;108,07;108,07;108,07;108,07;108,07;108,07;108,07;108,07;108,07;108,07;108,07;108,07;108,07;108,07;108,07;108,07;108,07;108,07;108,07;108,07;108,07
riskDamage-%-soc-custom-45;0,0000;0,1315;0,4975;0,5684;0,5684;0,6037;0,6037;0,4698;0,4716;0,4716;0,4731;0,4731;0,4731;0,4731;0,4731;0,4731;0,4731;0,4731;0,4731;0,4731;0,4731;0,4731;0,4731;0,4731;0,4054;0,4054;0,4054;0,4054;0,4054;0,4054;0,4054;0,4054;0,4054;0,4054;0,4054;0,4054;0,4054;0,4054;0,4054;0,4054;0,4054;0,4054;0,4054;0,4054;0,4054;0,4054;0,4054;0,4054;0,4054;0,4054
riskDamage-soc-custom-2;0,00;0,00;291,81;218,32;218,32;139,03;139,03;108,07;108,07;108,07;108,07;108,07;108,07;108,07;108,07;108,07;108,07;108,07;108,07;108,07;108,07;108,07;108,07;108,07;108,07;108,07;108,07;108,07;108,07;108,07;108,07;108,07;108,07;108,07;108,07;108,07;108,07;108,07;108,07;108,07;108,07;108,07;108,07;108,07;108,07;108,07;108,07;108,07;108,07;108,07
riskDamage-%-soc-custom-2;0,0000;0,0000;0,4975;0,5684;0,5684;0,6037;0,6037;0,4698;0,4716;0,4716;0,4731;0,4731;0,4731;0,4731;0,4731;0,4731;0,4731;0,4731;0,4731;0,4731;0,4731;0,4731;0,4731;0,4731;0,4054;0,4054;0,4054;0,4054;0,4054;0,4054;0,4054;0,4054;0,4054;0,4054;0,4054;0,4054;0,4054;0,4054;0,4054;0,4054;0,4054;0,4054;0,4054;0,4054;0,4054;0,4054;0,4054;0,4054;0,4054;0,4054
riskDamage-soc-custom-46;0,00;83,60;291,81;218,32;218,32;139,03;139,03;108,07;108,07;108,07;108,07;108,07;108,07;108,07;108,07;108,07;108,07;108,07;108,07;108,07;108,07;108,07;108,07;108,07;108,07;108,07;108,07;108,07;108,07;108,07;108,07;108,07;108,07;108,07;108,07;108,07;108,07;108,07;108,07;108,07;108,07;108,07;108,07;108,07;108,07;108,07;108,07;108,07;108,07;108,07
riskDamage-%-soc-custom-46;0,0000;0,1315;0,4975;0,5684;0,5684;0,6037;0,6037;0,4698;0,4716;0,4716;0,4731;0,4731;0,4731;0,4731;0,4731;0,4731;0,4731;0,4731;0,4731;0,4731;0,4731;0,4731;0,4731;0,4731;0,4054;0,4054;0,4054;0,4054;0,4054;0,4054;0,4054;0,4054;0,4054;0,4054;0,4054;0,4054;0,4054;0,4054;0,4054;0,4054;0,4054;0,4054;0,4054;0,4054;0,4054;0,4054;0,4054;0,4054;0,4054;0,4054
riskDamage-soc-custom-43;0,00;0,00;291,81;218,32;218,32;139,03;139,03;108,07;108,07;108,07;108,07;108,07;108,07;108,07;108,07;108,07;108,07;108,07;108,07;108,07;108,07;108,07;108,07;108,07;108,07;108,07;108,07;108,07;108,07;108,07;108,07;108,07;108,07;108,07;108,07;108,07;108,07;108,07;108,07;108,07;108,07;108,07;108,07;108,07;108,07;108,07;108,07;108,07;108,07;108,07
riskDamage-%-soc-custom-43;0,0000;0,0000;0,4975;0,5684;0,5684;0,6037;0,6037;0,4698;0,4716;0,4716;0,4731;0,4731;0,4731;0,4731;0,4731;0,4731;0,4731;0,4731;0,4731;0,4731;0,4731;0,4731;0,4731;0,4731;0,4054;0,4054;0,4054;0,4054;0,4054;0,4054;0,4054;0,4054;0,4054;0,4054;0,4054;0,4054;0,4054;0,4054;0,4054;0,4054;0,4054;0,4054;0,4054;0,4054;0,4054;0,4054;0,4054;0,4054;0,4054;0,4054
riskDamage-soc-custom-44;0,00;83,60;291,81;218,32;218,32;139,03;139,03;108,07;108,07;108,07;108,07;108,07;108,07;108,07;108,07;108,07;108,07;108,07;108,07;108,07;108,07;108,07;108,07;108,07;108,07;108,07;108,07;108,07;108,07;108,07;108,07;108,07;108,07;108,07;108,07;108,07;108,07;108,07;108,07;108,07;108,07;108,07;108,07;108,07;108,07;108,07;108,07;108,07;108,07;108,07
riskDamage-%-soc-custom-44;0,0000;0,1315;0,4975;0,5684;0,5684;0,6037;0,6037;0,4698;0,4716;0,4716;0,4731;0,4731;0,4731;0,4731;0,4731;0,4731;0,4731;0,4731;0,4731;0,4731;0,4731;0,4731;0,4731;0,4731;0,4054;0,4054;0,4054;0,4054;0,4054;0,4054;0,4054;0,4054;0,4054;0,4054;0,4054;0,4054;0,4054;0,4054;0,4054;0,4054;0,4054;0,4054;0,4054;0,4054;0,4054;0,4054;0,4054;0,4054;0,4054;0,4054
riskDamage-node-z;0;0;0;0;0;0;0;108,07;108,07;108,07;108,07;108,07;108,07;108,07;108,07;108,07;108,07;108,07;108,07;108,07;108,07;108,07;108,07;108,07;108,07;108,07;108,07;108,07;108,07;108,07;108,07;108,07;108,07;108,07;108,07;108,07;108,07;108,07;108,07;108,07;108,07;108,07;108,07;108,07;108,07;108,07;108,07;108,07;108,07;108,07
riskDamage-%-node-z;0;0;0;0;0;0;0;0,4698;0,4716;0,4716;0,4731;0,4731;0,4731;0,4731;0,4731;0,4731;0,4731;0,4731;0,4731;0,4731;0,4731;0,4731;0,4731;0,4731;0,4054;0,4054;0,4054;0,4054;0,4054;0,4054;0,4054;0,4054;0,4054;0,4054;0,4054;0,4054;0,4054;0,4054;0,4054;0,4054;0,4054;0,4054;0,4054;0,4054;0,4054;0,4054;0,4054;0,4054;0,4054;0,4054
riskDamage-node-y;0;0;0;0;0;0;0;0;0;0;0;0;0;0,00;0,00;0,00;0,00;0,00;0,00;0,00;0,00;0,00;0,00;0,00;0,00;0,00;0,00;0,00;0,00;0,00;0,00;0,00;0,00;0,00;0,00;0,00;0,00;0,00;0,00;0,00;0,00;0,00;0,00;0,00;0,00;0,00;0,00;0,00;0,00;0,00
riskDamage-%-node-y;0;0;0;0;0;0;0;0;0;0;0;0;0;0,0000;0,0000;0,0000;0,0000;0,0000;0,0000;0,0000;0,0000;0,0000;0,0000;0,0000;0,0000;0,0000;0,0000;0,0000;0,0000;0,0000;0,0000;0,0000;0,0000;0,0000;0,0000;0,0000;0,0000;0,0000;0,0000;0,0000;0,0000;0,0000;0,0000;0,0000;0,0000;0,0000;0,0000;0,0000;0,0000;0,0000
riskDamage-node-x;0;0;0;0;0;0;0;0;0;0;0;0;0;0;0;0;0;0;0;0,00;0,00;0,00;0,00;0,00;0,00;0,00;0,00;0,00;0,00;0,00;0,00;0,00;0,00;0,00;0,00;0,00;0,00;0,00;0,00;0,00;0,00;0,00;0,00;0,00;0,00;0,00;0,00;0,00;0,00;0,00
riskDamage-%-node-x;0;0;0;0;0;0;0;0;0;0;0;0;0;0;0;0;0;0;0;0,0000;0,0000;0,0000;0,0000;0,0000;0,0000;0,0000;0,0000;0,0000;0,0000;0,0000;0,0000;0,0000;0,0000;0,0000;0,0000;0,0000;0,0000;0,0000;0,0000;0,0000;0,0000;0,0000;0,0000;0,0000;0,0000;0,0000;0,0000;0,0000;0,0000;0,0000
riskDamage-node-w;0;0;0;0;0;0;0;0;0;0;0;0;0;0;0;0;0;0;0;0;0;0;0;0;0;0,00;0,00;0,00;0,00;0,00;0,00;0,00;0,00;0,00;0,00;0,00;0,00;0,00;0,00;0,00;0,00;0,00;0,00;0,00;0,00;0,00;0,00;0,00;0,00;0,00
riskDamage-%-node-w;0;0;0;0;0;0;0;0;0;0;0;0;0;0;0;0;0;0;0;0;0;0;0;0;0;0,0000;0,0000;0,0000;0,0000;0,0000;0,0000;0,0000;0,0000;0,0000;0,0000;0,0000;0,0000;0,0000;0,0000;0,0000;0,0000;0,0000;0,0000;0,0000;0,0000;0,0000;0,0000;0,0000;0,0000;0,0000
riskDamage-node-v;0;0;0;0;0;0;0;0;0;0;0;0;0;0;0;0;0;0;0;0;0;0;0;0;0;0;0;0;0;0;0;0,00;0,00;0,00;0,00;0,00;0,00;0,00;0,00;0,00;0,00;0,00;0,00;0,00;0,00;0,00;0,00;0,00;0,00;0,00
riskDamage-%-node-v;0;0;0;0;0;0;0;0;0;0;0;0;0;0;0;0;0;0;0;0;0;0;0;0;0;0;0;0;0;0;0;0,0000;0,0000;0,0000;0,0000;0,0000;0,0000;0,0000;0,0000;0,0000;0,0000;0,0000;0,0000;0,0000;0,0000;0,0000;0,0000;0,0000;0,0000;0,0000
auctioning-time-global;0;0;0;0;0;0;0;0;0;0;0;0;0;0;0;0;0;0;0;0;0;0;0;0;0;0;0;0;0;0;0;0;0;0;0;0;0;0;0;0;0;0;0;0;0;0;0;0;0;0
migrating-time-global;0;0;16006;36016;36016;98072;100073;114076;126078;126078;136079;136079;136079;136079;136079;136079;136079;136079;136079;136079;136079;136079;136079;136079;136079;136079;136079;136079;136079;136079;136079;136079;136079;136079;136079;136079;136079;136079;136079;136079;136079;136079;136079;136079;136079;136079;136079;136079;136079;136079
auctioning-time-printer;0;0;0;0;0;0;0;0;0;0;0;0;0;0;0;0;0;0;0;0;0;0;0;0;0;0;0;0;0;0;0;0;0;0;0;0;0;0;0;0;0;0;0;0;0;0;0;0;0;0
migrating-time-printer;0;0;0;0;0;0;0;0;0;0;0;0;0;0;0;0;0;0;0;0;0;0;0;0;0;0;0;0;0;0;0;0;0;0;0;0;0;0;0;0;0;0;0;0;0;0;0;0;0;0
auctioning-time-soc-custom-9;0;0;0;0;0;0;0;0;0;0;0;0;0;0;0;0;0;0;0;0;0;0;0;0;0;0;0;0;0;0;0;0;0;0;0;0;0;0;0;0;0;0;0;0;0;0;0;0;0;0
migrating-time-soc-custom-9;0;0;0;0;0;0;0;0;0;0;0;0;0;0;0;0;0;0;0;0;0;0;0;0;0;0;0;0;0;0;0;0;0;0;0;0;0;0;0;0;0;0;0;0;0;0;0;0;0;0
auctioning-time-soc-custom-7;0;0;0;0;0;0;0;0;0;0;0;0;0;0;0;0;0;0;0;0;0;0;0;0;0;0;0;0;0;0;0;0;0;0;0;0;0;0;0;0;0;0;0;0;0;0;0;0;0;0
migrating-time-soc-custom-7;0;0;0;0;0;0;0;0;0;0;0;0;0;0;0;0;0;0;0;0;0;0;0;0;0;0;0;0;0;0;0;0;0;0;0;0;0;0;0;0;0;0;0;0;0;0;0;0;0;0
auctioning-time-soc-custom-8;0;0;0;0;0;0;0;0;0;0;0;0;0;0;0;0;0;0;0;0;0;0;0;0;0;0;0;0;0;0;0;0;0;0;0;0;0;0;0;0;0;0;0;0;0;0;0;0;0;0
migrating-time-soc-custom-8;0;0;0;0;0;0;0;0;0;0;0;0;0;0;0;0;0;0;0;0;0;0;0;0;0;0;0;0;0;0;0;0;0;0;0;0;0;0;0;0;0;0;0;0;0;0;0;0;0;0
auctioning-time-soc-custom-16;0;0;0;0;0;0;0;0;0;0;0;0;0;0;0;0;0;0;0;0;0;0;0;0;0;0;0;0;0;0;0;0;0;0;0;0;0;0;0;0;0;0;0;0;0;0;0;0;0;0
migrating-time-soc-custom-16;0;0;0;0;0;0;0;0;0;0;0;0;0;0;0;0;0;0;0;0;0;0;0;0;0;0;0;0;0;0;0;0;0;0;0;0;0;0;0;0;0;0;0;0;0;0;0;0;0;0
auctioning-time-soc-custom-17;0;0;0;0;0;0;0;0;0;0;0;0;0;0;0;0;0;0;0;0;0;0;0;0;0;0;0;0;0;0;0;0;0;0;0;0;0;0;0;0;0;0;0;0;0;0;0;0;0;0
migrating-time-soc-custom-17;0;0;0;0;0;0;0;0;0;0;0;0;0;0;0;0;0;0;0;0;0;0;0;0;0;0;0;0;0;0;0;0;0;0;0;0;0;0;0;0;0;0;0;0;0;0;0;0;0;0
auctioning-time-soc-custom-14;0;0;0;0;0;0;0;0;0;0;0;0;0;0;0;0;0;0;0;0;0;0;0;0;0;0;0;0;0;0;0;0;0;0;0;0;0;0;0;0;0;0;0;0;0;0;0;0;0;0
migrating-time-soc-custom-14;0;0;0;0;0;0;0;0;0;0;0;0;0;0;0;0;0;0;0;0;0;0;0;0;0;0;0;0;0;0;0;0;0;0;0;0;0;0;0;0;0;0;0;0;0;0;0;0;0;0
auctioning-time-soc-custom-15;0;0;0;0;0;0;0;0;0;0;0;0;0;0;0;0;0;0;0;0;0;0;0;0;0;0;0;0;0;0;0;0;0;0;0;0;0;0;0;0;0;0;0;0;0;0;0;0;0;0
migrating-time-soc-custom-15;0;0;0;0;0;0;0;0;0;0;0;0;0;0;0;0;0;0;0;0;0;0;0;0;0;0;0;0;0;0;0;0;0;0;0;0;0;0;0;0;0;0;0;0;0;0;0;0;0;0
auctioning-time-soc-alarm;0;0;0;0;0;0;0;0;0;0;0;0;0;0;0;0;0;0;0;0;0;0;0;0;0;0;0;0;0;0;0;0;0;0;0;0;0;0;0;0;0;0;0;0;0;0;0;0;0;0
migrating-time-soc-alarm;0;0;2001;6003;6003;16004;16004;16004;16004;16004;16004;16004;16004;16004;16004;16004;16004;16004;16004;16004;16004;16004;16004;16004;16004;16004;16004;16004;16004;16004;16004;16004;16004;16004;16004;16004;16004;16004;16004;16004;16004;16004;16004;16004;16004;16004;16004;16004;16004;16004
auctioning-time-soc-custom-18;0;0;0;0;0;0;0;0;0;0;0;0;0;0;0;0;0;0;0;0;0;0;0;0;0;0;0;0;0;0;0;0;0;0;0;0;0;0;0;0;0;0;0;0;0;0;0;0;0;0
migrating-time-soc-custom-18;0;0;0;0;0;0;0;0;0;0;0;0;0;0;0;0;0;0;0;0;0;0;0;0;0;0;0;0;0;0;0;0;0;0;0;0;0;0;0;0;0;0;0;0;0;0;0;0;0;0
auctioning-time-soc-custom-19;0;0;0;0;0;0;0;0;0;0;0;0;0;0;0;0;0;0;0;0;0;0;0;0;0;0;0;0;0;0;0;0;0;0;0;0;0;0;0;0;0;0;0;0;0;0;0;0;0;0
migrating-time-soc-custom-19;0;0;0;0;0;0;0;0;0;0;0;0;0;0;0;0;0;0;0;0;0;0;0;0;0;0;0;0;0;0;0;0;0;0;0;0;0;0;0;0;0;0;0;0;0;0;0;0;0;0
auctioning-time-soc-custom-12;0;0;0;0;0;0;0;0;0;0;0;0;0;0;0;0;0;0;0;0;0;0;0;0;0;0;0;0;0;0;0;0;0;0;0;0;0;0;0;0;0;0;0;0;0;0;0;0;0;0
migrating-time-soc-custom-12;0;0;0;0;0;0;0;0;0;0;0;0;0;0;0;0;0;0;0;0;0;0;0;0;0;0;0;0;0;0;0;0;0;0;0;0;0;0;0;0;0;0;0;0;0;0;0;0;0;0
auctioning-time-soc-custom-13;0;0;0;0;0;0;0;0;0;0;0;0;0;0;0;0;0;0;0;0;0;0;0;0;0;0;0;0;0;0;0;0;0;0;0;0;0;0;0;0;0;0;0;0;0;0;0;0;0;0
migrating-time-soc-custom-13;0;0;0;0;0;0;0;0;0;0;0;0;0;0;0;0;0;0;0;0;0;0;0;0;0;0;0;0;0;0;0;0;0;0;0;0;0;0;0;0;0;0;0;0;0;0;0;0;0;0
auctioning-time-soc-custom-10;0;0;0;0;0;0;0;0;0;0;0;0;0;0;0;0;0;0;0;0;0;0;0;0;0;0;0;0;0;0;0;0;0;0;0;0;0;0;0;0;0;0;0;0;0;0;0;0;0;0
migrating-time-soc-custom-10;0;0;0;0;0;0;0;0;0;0;0;0;0;0;0;0;0;0;0;0;0;0;0;0;0;0;0;0;0;0;0;0;0;0;0;0;0;0;0;0;0;0;0;0;0;0;0;0;0;0
auctioning-time-soc-custom-11;0;0;0;0;0;0;0;0;0;0;0;0;0;0;0;0;0;0;0;0;0;0;0;0;0;0;0;0;0;0;0;0;0;0;0;0;0;0;0;0;0;0;0;0;0;0;0;0;0;0
migrating-time-soc-custom-11;0;0;0;0;0;0;0;0;0;0;0;0;0;0;0;0;0;0;0;0;0;0;0;0;0;0;0;0;0;0;0;0;0;0;0;0;0;0;0;0;0;0;0;0;0;0;0;0;0;0
auctioning-time-soc-custom-27;0;0;0;0;0;0;0;0;0;0;0;0;0;0;0;0;0;0;0;0;0;0;0;0;0;0;0;0;0;0;0;0;0;0;0;0;0;0;0;0;0;0;0;0;0;0;0;0;0;0
migrating-time-soc-custom-27;0;0;0;0;0;0;0;0;0;0;0;0;0;0;0;0;0;0;0;0;0;0;0;0;0;0;0;0;0;0;0;0;0;0;0;0;0;0;0;0;0;0;0;0;0;0;0;0;0;0
auctioning-time-soc-custom-28;0;0;0;0;0;0;0;0;0;0;0;0;0;0;0;0;0;0;0;0;0;0;0;0;0;0;0;0;0;0;0;0;0;0;0;0;0;0;0;0;0;0;0;0;0;0;0;0;0;0
migrating-time-soc-custom-28;0;0;0;0;0;0;0;0;0;0;0;0;0;0;0;0;0;0;0;0;0;0;0;0;0;0;0;0;0;0;0;0;0;0;0;0;0;0;0;0;0;0;0;0;0;0;0;0;0;0
auctioning-time-soc-custom-25;0;0;0;0;0;0;0;0;0;0;0;0;0;0;0;0;0;0;0;0;0;0;0;0;0;0;0;0;0;0;0;0;0;0;0;0;0;0;0;0;0;0;0;0;0;0;0;0;0;0
migrating-time-soc-custom-25;0;0;0;0;0;0;0;0;0;0;0;0;0;0;0;0;0;0;0;0;0;0;0;0;0;0;0;0;0;0;0;0;0;0;0;0;0;0;0;0;0;0;0;0;0;0;0;0;0;0
auctioning-time-soc-custom-26;0;0;0;0;0;0;0;0;0;0;0;0;0;0;0;0;0;0;0;0;0;0;0;0;0;0;0;0;0;0;0;0;0;0;0;0;0;0;0;0;0;0;0;0;0;0;0;0;0;0
migrating-time-soc-custom-26;0;0;0;0;0;0;0;0;0;0;0;0;0;0;0;0;0;0;0;0;0;0;0;0;0;0;0;0;0;0;0;0;0;0;0;0;0;0;0;0;0;0;0;0;0;0;0;0;0;0
auctioning-time-soc-custom-29;0;0;0;0;0;0;0;0;0;0;0;0;0;0;0;0;0;0;0;0;0;0;0;0;0;0;0;0;0;0;0;0;0;0;0;0;0;0;0;0;0;0;0;0;0;0;0;0;0;0
migrating-time-soc-custom-29;0;0;0;0;0;0;0;0;0;0;0;0;0;0;0;0;0;0;0;0;0;0;0;0;0;0;0;0;0;0;0;0;0;0;0;0;0;0;0;0;0;0;0;0;0;0;0;0;0;0
auctioning-time-soc-custom-20;0;0;0;0;0;0;0;0;0;0;0;0;0;0;0;0;0;0;0;0;0;0;0;0;0;0;0;0;0;0;0;0;0;0;0;0;0;0;0;0;0;0;0;0;0;0;0;0;0;0
migrating-time-soc-custom-20;0;0;0;0;0;0;0;0;0;0;0;0;0;0;0;0;0;0;0;0;0;0;0;0;0;0;0;0;0;0;0;0;0;0;0;0;0;0;0;0;0;0;0;0;0;0;0;0;0;0
auctioning-time-soc-light;0;0;0;0;0;0;0;0;0;0;0;0;0;0;0;0;0;0;0;0;0;0;0;0;0;0;0;0;0;0;0;0;0;0;0;0;0;0;0;0;0;0;0;0;0;0;0;0;0;0
migrating-time-soc-light;0;0;0;0;0;0;0;0;0;0;0;0;0;0;0;0;0;0;0;0;0;0;0;0;0;0;0;0;0;0;0;0;0;0;0;0;0;0;0;0;0;0;0;0;0;0;0;0;0;0
auctioning-time-soc-custom-23;0;0;0;0;0;0;0;0;0;0;0;0;0;0;0;0;0;0;0;0;0;0;0;0;0;0;0;0;0;0;0;0;0;0;0;0;0;0;0;0;0;0;0;0;0;0;0;0;0;0
migrating-time-soc-custom-23;0;0;0;0;0;0;0;0;0;0;0;0;0;0;0;0;0;0;0;0;0;0;0;0;0;0;0;0;0;0;0;0;0;0;0;0;0;0;0;0;0;0;0;0;0;0;0;0;0;0
auctioning-time-soc-custom-24;0;0;0;0;0;0;0;0;0;0;0;0;0;0;0;0;0;0;0;0;0;0;0;0;0;0;0;0;0;0;0;0;0;0;0;0;0;0;0;0;0;0;0;0;0;0;0;0;0;0
migrating-time-soc-custom-24;0;0;0;0;0;0;0;0;0;0;0;0;0;0;0;0;0;0;0;0;0;0;0;0;0;0;0;0;0;0;0;0;0;0;0;0;0;0;0;0;0;0;0;0;0;0;0;0;0;0
auctioning-time-soc-custom-21;0;0;0;0;0;0;0;0;0;0;0;0;0;0;0;0;0;0;0;0;0;0;0;0;0;0;0;0;0;0;0;0;0;0;0;0;0;0;0;0;0;0;0;0;0;0;0;0;0;0
migrating-time-soc-custom-21;0;0;0;0;0;0;0;0;0;0;0;0;0;0;0;0;0;0;0;0;0;0;0;0;0;0;0;0;0;0;0;0;0;0;0;0;0;0;0;0;0;0;0;0;0;0;0;0;0;0
auctioning-time-soc-custom-22;0;0;0;0;0;0;0;0;0;0;0;0;0;0;0;0;0;0;0;0;0;0;0;0;0;0;0;0;0;0;0;0;0;0;0;0;0;0;0;0;0;0;0;0;0;0;0;0;0;0
migrating-time-soc-custom-22;0;0;0;0;0;0;0;0;0;0;0;0;0;0;0;0;0;0;0;0;0;0;0;0;0;0;0;0;0;0;0;0;0;0;0;0;0;0;0;0;0;0;0;0;0;0;0;0;0;0
auctioning-time-soc-motion;0;0;0;0;0;0;0;0;0;0;0;0;0;0;0;0;0;0;0;0;0;0;0;0;0;0;0;0;0;0;0;0;0;0;0;0;0;0;0;0;0;0;0;0;0;0;0;0;0;0
migrating-time-soc-motion;0;0;6003;6003;16004;16004;16004;16004;16004;16004;16004;16004;16004;16004;16004;16004;16004;16004;16004;16004;16004;16004;16004;16004;16004;16004;16004;16004;16004;16004;16004;16004;16004;16004;16004;16004;16004;16004;16004;16004;16004;16004;16004;16004;16004;16004;16004;16004;16004;16004
auctioning-time-soc-humidity;0;0;0;0;0;0;0;0;0;0;0;0;0;0;0;0;0;0;0;0;0;0;0;0;0;0;0;0;0;0;0;0;0;0;0;0;0;0;0;0;0;0;0;0;0;0;0;0;0;0
migrating-time-soc-humidity;0;0;2000;6002;6002;16003;16003;16003;16003;16003;16003;16003;16003;16003;16003;16003;16003;16003;16003;16003;16003;16003;16003;16003;16003;16003;16003;16003;16003;16003;16003;16003;16003;16003;16003;16003;16003;16003;16003;16003;16003;16003;16003;16003;16003;16003;16003;16003;16003;16003
auctioning-time-server;0;0;0;0;0;0;0;0;0;0;0;0;0;0;0;0;0;0;0;0;0;0;0;0;0;0;0;0;0;0;0;0;0;0;0;0;0;0;0;0;0;0;0;0;0;0;0;0;0;0
migrating-time-server;0;0;0;0;0;0;0;4001;6002;6002;16003;16003;16003;16003;16003;16003;16003;16003;16003;16003;16003;16003;16003;16003;16003;16003;16003;16003;16003;16003;16003;16003;16003;16003;16003;16003;16003;16003;16003;16003;16003;16003;16003;16003;16003;16003;16003;16003;16003;16003
auctioning-time-soc-smoke;0;0;0;0;0;0;0;0;0;0;0;0;0;0;0;0;0;0;0;0;0;0;0;0;0;0;0;0;0;0;0;0;0;0;0;0;0;0;0;0;0;0;0;0;0;0;0;0;0;0
migrating-time-soc-smoke;0;0;0;0;0;0;0;0;0;0;0;0;0;0;0;0;0;0;0;0;0;0;0;0;0;0;0;0;0;0;0;0;0;0;0;0;0;0;0;0;0;0;0;0;0;0;0;0;0;0
auctioning-time-soc-temperature;0;0;0;0;0;0;0;0;0;0;0;0;0;0;0;0;0;0;0;0;0;0;0;0;0;0;0;0;0;0;0;0;0;0;0;0;0;0;0;0;0;0;0;0;0;0;0;0;0;0
migrating-time-soc-temperature;0;0;0;0;0;0;0;0;0;0;0;0;0;0;0;0;0;0;0;0;0;0;0;0;0;0;0;0;0;0;0;0;0;0;0;0;0;0;0;0;0;0;0;0;0;0;0;0;0;0
auctioning-time-soc-custom-50;0;0;0;0;0;0;0;0;0;0;0;0;0;0;0;0;0;0;0;0;0;0;0;0;0;0;0;0;0;0;0;0;0;0;0;0;0;0;0;0;0;0;0;0;0;0;0;0;0;0
migrating-time-soc-custom-50;0;0;0;0;0;0;0;0;0;0;0;0;0;0;0;0;0;0;0;0;0;0;0;0;0;0;0;0;0;0;0;0;0;0;0;0;0;0;0;0;0;0;0;0;0;0;0;0;0;0
auctioning-time-iot-controller;0;0;0;0;0;0;0;0;0;0;0;0;0;0;0;0;0;0;0;0;0;0;0;0;0;0;0;0;0;0;0;0;0;0;0;0;0;0;0;0;0;0;0;0;0;0;0;0;0;0
migrating-time-iot-controller;0;0;4002;8004;8004;18007;18007;28009;28009;28009;28009;28009;28009;28009;28009;28009;28009;28009;28009;28009;28009;28009;28009;28009;28009;28009;28009;28009;28009;28009;28009;28009;28009;28009;28009;28009;28009;28009;28009;28009;28009;28009;28009;28009;28009;28009;28009;28009;28009;28009
auctioning-time-soc-custom-38;0;0;0;0;0;0;0;0;0;0;0;0;0;0;0;0;0;0;0;0;0;0;0;0;0;0;0;0;0;0;0;0;0;0;0;0;0;0;0;0;0;0;0;0;0;0;0;0;0;0
migrating-time-soc-custom-38;0;0;0;0;0;0;0;0;0;0;0;0;0;0;0;0;0;0;0;0;0;0;0;0;0;0;0;0;0;0;0;0;0;0;0;0;0;0;0;0;0;0;0;0;0;0;0;0;0;0
auctioning-time-soc-custom-39;0;0;0;0;0;0;0;0;0;0;0;0;0;0;0;0;0;0;0;0;0;0;0;0;0;0;0;0;0;0;0;0;0;0;0;0;0;0;0;0;0;0;0;0;0;0;0;0;0;0
migrating-time-soc-custom-39;0;0;0;0;0;0;0;0;0;0;0;0;0;0;0;0;0;0;0;0;0;0;0;0;0;0;0;0;0;0;0;0;0;0;0;0;0;0;0;0;0;0;0;0;0;0;0;0;0;0
auctioning-time-soc-custom-36;0;0;0;0;0;0;0;0;0;0;0;0;0;0;0;0;0;0;0;0;0;0;0;0;0;0;0;0;0;0;0;0;0;0;0;0;0;0;0;0;0;0;0;0;0;0;0;0;0;0
migrating-time-soc-custom-36;0;0;0;0;0;0;0;0;0;0;0;0;0;0;0;0;0;0;0;0;0;0;0;0;0;0;0;0;0;0;0;0;0;0;0;0;0;0;0;0;0;0;0;0;0;0;0;0;0;0
auctioning-time-soc-custom-37;0;0;0;0;0;0;0;0;0;0;0;0;0;0;0;0;0;0;0;0;0;0;0;0;0;0;0;0;0;0;0;0;0;0;0;0;0;0;0;0;0;0;0;0;0;0;0;0;0;0
migrating-time-soc-custom-37;0;0;0;0;0;0;0;0;0;0;0;0;0;0;0;0;0;0;0;0;0;0;0;0;0;0;0;0;0;0;0;0;0;0;0;0;0;0;0;0;0;0;0;0;0;0;0;0;0;0
auctioning-time-soc-custom-30;0;0;0;0;0;0;0;0;0;0;0;0;0;0;0;0;0;0;0;0;0;0;0;0;0;0;0;0;0;0;0;0;0;0;0;0;0;0;0;0;0;0;0;0;0;0;0;0;0;0
migrating-time-soc-custom-30;0;0;0;0;0;0;0;0;0;0;0;0;0;0;0;0;0;0;0;0;0;0;0;0;0;0;0;0;0;0;0;0;0;0;0;0;0;0;0;0;0;0;0;0;0;0;0;0;0;0
auctioning-time-soc-custom-31;0;0;0;0;0;0;0;0;0;0;0;0;0;0;0;0;0;0;0;0;0;0;0;0;0;0;0;0;0;0;0;0;0;0;0;0;0;0;0;0;0;0;0;0;0;0;0;0;0;0
migrating-time-soc-custom-31;0;0;0;0;0;0;0;0;0;0;0;0;0;0;0;0;0;0;0;0;0;0;0;0;0;0;0;0;0;0;0;0;0;0;0;0;0;0;0;0;0;0;0;0;0;0;0;0;0;0
auctioning-time-soc-custom-34;0;0;0;0;0;0;0;0;0;0;0;0;0;0;0;0;0;0;0;0;0;0;0;0;0;0;0;0;0;0;0;0;0;0;0;0;0;0;0;0;0;0;0;0;0;0;0;0;0;0
migrating-time-soc-custom-34;0;0;0;0;0;0;0;0;0;0;0;0;0;0;0;0;0;0;0;0;0;0;0;0;0;0;0;0;0;0;0;0;0;0;0;0;0;0;0;0;0;0;0;0;0;0;0;0;0;0
auctioning-time-soc-custom-35;0;0;0;0;0;0;0;0;0;0;0;0;0;0;0;0;0;0;0;0;0;0;0;0;0;0;0;0;0;0;0;0;0;0;0;0;0;0;0;0;0;0;0;0;0;0;0;0;0;0
migrating-time-soc-custom-35;0;0;0;0;0;0;0;0;0;0;0;0;0;0;0;0;0;0;0;0;0;0;0;0;0;0;0;0;0;0;0;0;0;0;0;0;0;0;0;0;0;0;0;0;0;0;0;0;0;0
auctioning-time-soc-custom-32;0;0;0;0;0;0;0;0;0;0;0;0;0;0;0;0;0;0;0;0;0;0;0;0;0;0;0;0;0;0;0;0;0;0;0;0;0;0;0;0;0;0;0;0;0;0;0;0;0;0
migrating-time-soc-custom-32;0;0;0;0;0;0;0;0;0;0;0;0;0;0;0;0;0;0;0;0;0;0;0;0;0;0;0;0;0;0;0;0;0;0;0;0;0;0;0;0;0;0;0;0;0;0;0;0;0;0
auctioning-time-soc-custom-33;0;0;0;0;0;0;0;0;0;0;0;0;0;0;0;0;0;0;0;0;0;0;0;0;0;0;0;0;0;0;0;0;0;0;0;0;0;0;0;0;0;0;0;0;0;0;0;0;0;0
migrating-time-soc-custom-33;0;0;0;0;0;0;0;0;0;0;0;0;0;0;0;0;0;0;0;0;0;0;0;0;0;0;0;0;0;0;0;0;0;0;0;0;0;0;0;0;0;0;0;0;0;0;0;0;0;0
auctioning-time-soc-door-lock;0;0;0;0;0;0;0;0;0;0;0;0;0;0;0;0;0;0;0;0;0;0;0;0;0;0;0;0;0;0;0;0;0;0;0;0;0;0;0;0;0;0;0;0;0;0;0;0;0;0
migrating-time-soc-door-lock;0;0;2001;4002;4002;16051;18052;18052;28053;28053;28053;28053;28053;28053;28053;28053;28053;28053;28053;28053;28053;28053;28053;28053;28053;28053;28053;28053;28053;28053;28053;28053;28053;28053;28053;28053;28053;28053;28053;28053;28053;28053;28053;28053;28053;28053;28053;28053;28053;28053
auctioning-time-soc-gate;0;0;0;0;0;0;0;0;0;0;0;0;0;0;0;0;0;0;0;0;0;0;0;0;0;0;0;0;0;0;0;0;0;0;0;0;0;0;0;0;0;0;0;0;0;0;0;0;0;0
migrating-time-soc-gate;0;0;2000;6002;6002;16003;16003;16003;16003;16003;16003;16003;16003;16003;16003;16003;16003;16003;16003;16003;16003;16003;16003;16003;16003;16003;16003;16003;16003;16003;16003;16003;16003;16003;16003;16003;16003;16003;16003;16003;16003;16003;16003;16003;16003;16003;16003;16003;16003;16003
auctioning-time-soc-custom-49;0;0;0;0;0;0;0;0;0;0;0;0;0;0;0;0;0;0;0;0;0;0;0;0;0;0;0;0;0;0;0;0;0;0;0;0;0;0;0;0;0;0;0;0;0;0;0;0;0;0
migrating-time-soc-custom-49;0;0;0;0;0;0;0;0;0;0;0;0;0;0;0;0;0;0;0;0;0;0;0;0;0;0;0;0;0;0;0;0;0;0;0;0;0;0;0;0;0;0;0;0;0;0;0;0;0;0
auctioning-time-soc-custom-47;0;0;0;0;0;0;0;0;0;0;0;0;0;0;0;0;0;0;0;0;0;0;0;0;0;0;0;0;0;0;0;0;0;0;0;0;0;0;0;0;0;0;0;0;0;0;0;0;0;0
migrating-time-soc-custom-47;0;0;0;0;0;0;0;0;0;0;0;0;0;0;0;0;0;0;0;0;0;0;0;0;0;0;0;0;0;0;0;0;0;0;0;0;0;0;0;0;0;0;0;0;0;0;0;0;0;0
auctioning-time-soc-custom-48;0;0;0;0;0;0;0;0;0;0;0;0;0;0;0;0;0;0;0;0;0;0;0;0;0;0;0;0;0;0;0;0;0;0;0;0;0;0;0;0;0;0;0;0;0;0;0;0;0;0
migrating-time-soc-custom-48;0;0;0;0;0;0;0;0;0;0;0;0;0;0;0;0;0;0;0;0;0;0;0;0;0;0;0;0;0;0;0;0;0;0;0;0;0;0;0;0;0;0;0;0;0;0;0;0;0;0
auctioning-time-desktop;0;0;0;0;0;0;0;0;0;0;0;0;0;0;0;0;0;0;0;0;0;0;0;0;0;0;0;0;0;0;0;0;0;0;0;0;0;0;0;0;0;0;0;0;0;0;0;0;0;0
migrating-time-desktop;0;0;0;0;0;0;0;0;0;0;0;0;0;0;0;0;0;0;0;0;0;0;0;0;0;0;0;0;0;0;0;0;0;0;0;0;0;0;0;0;0;0;0;0;0;0;0;0;0;0
auctioning-time-soc-custom-5;0;0;0;0;0;0;0;0;0;0;0;0;0;0;0;0;0;0;0;0;0;0;0;0;0;0;0;0;0;0;0;0;0;0;0;0;0;0;0;0;0;0;0;0;0;0;0;0;0;0
migrating-time-soc-custom-5;0;0;0;0;0;0;0;0;0;0;0;0;0;0;0;0;0;0;0;0;0;0;0;0;0;0;0;0;0;0;0;0;0;0;0;0;0;0;0;0;0;0;0;0;0;0;0;0;0;0
auctioning-time-soc-custom-41;0;0;0;0;0;0;0;0;0;0;0;0;0;0;0;0;0;0;0;0;0;0;0;0;0;0;0;0;0;0;0;0;0;0;0;0;0;0;0;0;0;0;0;0;0;0;0;0;0;0
migrating-time-soc-custom-41;0;0;0;0;0;0;0;0;0;0;0;0;0;0;0;0;0;0;0;0;0;0;0;0;0;0;0;0;0;0;0;0;0;0;0;0;0;0;0;0;0;0;0;0;0;0;0;0;0;0
auctioning-time-soc-custom-42;0;0;0;0;0;0;0;0;0;0;0;0;0;0;0;0;0;0;0;0;0;0;0;0;0;0;0;0;0;0;0;0;0;0;0;0;0;0;0;0;0;0;0;0;0;0;0;0;0;0
migrating-time-soc-custom-42;0;0;0;0;0;0;0;0;0;0;0;0;0;0;0;0;0;0;0;0;0;0;0;0;0;0;0;0;0;0;0;0;0;0;0;0;0;0;0;0;0;0;0;0;0;0;0;0;0;0
auctioning-time-soc-custom-6;0;0;0;0;0;0;0;0;0;0;0;0;0;0;0;0;0;0;0;0;0;0;0;0;0;0;0;0;0;0;0;0;0;0;0;0;0;0;0;0;0;0;0;0;0;0;0;0;0;0
migrating-time-soc-custom-6;0;0;0;0;0;0;0;0;0;0;0;0;0;0;0;0;0;0;0;0;0;0;0;0;0;0;0;0;0;0;0;0;0;0;0;0;0;0;0;0;0;0;0;0;0;0;0;0;0;0
auctioning-time-soc-custom-3;0;0;0;0;0;0;0;0;0;0;0;0;0;0;0;0;0;0;0;0;0;0;0;0;0;0;0;0;0;0;0;0;0;0;0;0;0;0;0;0;0;0;0;0;0;0;0;0;0;0
migrating-time-soc-custom-3;0;0;0;0;0;0;0;0;0;0;0;0;0;0;0;0;0;0;0;0;0;0;0;0;0;0;0;0;0;0;0;0;0;0;0;0;0;0;0;0;0;0;0;0;0;0;0;0;0;0
auctioning-time-soc-custom-4;0;0;0;0;0;0;0;0;0;0;0;0;0;0;0;0;0;0;0;0;0;0;0;0;0;0;0;0;0;0;0;0;0;0;0;0;0;0;0;0;0;0;0;0;0;0;0;0;0;0
migrating-time-soc-custom-4;0;0;0;0;0;0;0;0;0;0;0;0;0;0;0;0;0;0;0;0;0;0;0;0;0;0;0;0;0;0;0;0;0;0;0;0;0;0;0;0;0;0;0;0;0;0;0;0;0;0
auctioning-time-soc-custom-40;0;0;0;0;0;0;0;0;0;0;0;0;0;0;0;0;0;0;0;0;0;0;0;0;0;0;0;0;0;0;0;0;0;0;0;0;0;0;0;0;0;0;0;0;0;0;0;0;0;0
migrating-time-soc-custom-40;0;0;0;0;0;0;0;0;0;0;0;0;0;0;0;0;0;0;0;0;0;0;0;0;0;0;0;0;0;0;0;0;0;0;0;0;0;0;0;0;0;0;0;0;0;0;0;0;0;0
auctioning-time-soc-custom-1;0;0;0;0;0;0;0;0;0;0;0;0;0;0;0;0;0;0;0;0;0;0;0;0;0;0;0;0;0;0;0;0;0;0;0;0;0;0;0;0;0;0;0;0;0;0;0;0;0;0
migrating-time-soc-custom-1;0;0;0;0;0;0;0;0;0;0;0;0;0;0;0;0;0;0;0;0;0;0;0;0;0;0;0;0;0;0;0;0;0;0;0;0;0;0;0;0;0;0;0;0;0;0;0;0;0;0
auctioning-time-soc-custom-45;0;0;0;0;0;0;0;0;0;0;0;0;0;0;0;0;0;0;0;0;0;0;0;0;0;0;0;0;0;0;0;0;0;0;0;0;0;0;0;0;0;0;0;0;0;0;0;0;0;0
migrating-time-soc-custom-45;0;0;0;0;0;0;0;0;0;0;0;0;0;0;0;0;0;0;0;0;0;0;0;0;0;0;0;0;0;0;0;0;0;0;0;0;0;0;0;0;0;0;0;0;0;0;0;0;0;0
auctioning-time-soc-custom-2;0;0;0;0;0;0;0;0;0;0;0;0;0;0;0;0;0;0;0;0;0;0;0;0;0;0;0;0;0;0;0;0;0;0;0;0;0;0;0;0;0;0;0;0;0;0;0;0;0;0
migrating-time-soc-custom-2;0;0;0;0;0;0;0;0;0;0;0;0;0;0;0;0;0;0;0;0;0;0;0;0;0;0;0;0;0;0;0;0;0;0;0;0;0;0;0;0;0;0;0;0;0;0;0;0;0;0
auctioning-time-soc-custom-46;0;0;0;0;0;0;0;0;0;0;0;0;0;0;0;0;0;0;0;0;0;0;0;0;0;0;0;0;0;0;0;0;0;0;0;0;0;0;0;0;0;0;0;0;0;0;0;0;0;0
migrating-time-soc-custom-46;0;0;0;0;0;0;0;0;0;0;0;0;0;0;0;0;0;0;0;0;0;0;0;0;0;0;0;0;0;0;0;0;0;0;0;0;0;0;0;0;0;0;0;0;0;0;0;0;0;0
auctioning-time-soc-custom-43;0;0;0;0;0;0;0;0;0;0;0;0;0;0;0;0;0;0;0;0;0;0;0;0;0;0;0;0;0;0;0;0;0;0;0;0;0;0;0;0;0;0;0;0;0;0;0;0;0;0
migrating-time-soc-custom-43;0;0;0;0;0;0;0;0;0;0;0;0;0;0;0;0;0;0;0;0;0;0;0;0;0;0;0;0;0;0;0;0;0;0;0;0;0;0;0;0;0;0;0;0;0;0;0;0;0;0
auctioning-time-soc-custom-44;0;0;0;0;0;0;0;0;0;0;0;0;0;0;0;0;0;0;0;0;0;0;0;0;0;0;0;0;0;0;0;0;0;0;0;0;0;0;0;0;0;0;0;0;0;0;0;0;0;0
migrating-time-soc-custom-44;0;0;0;0;0;0;0;0;0;0;0;0;0;0;0;0;0;0;0;0;0;0;0;0;0;0;0;0;0;0;0;0;0;0;0;0;0;0;0;0;0;0;0;0;0;0;0;0;0;0
auctioning-time-node-z;0;0;0;0;0;0;0;0;0;0;0;0;0;0;0;0;0;0;0;0;0;0;0;0;0;0;0;0;0;0;0;0;0;0;0;0;0;0;0;0;0;0;0;0;0;0;0;0;0;0
migrating-time-node-z;0;0;0;0;0;0;0;0;0;0;0;0;0;0;0;0;0;0;0;0;0;0;0;0;0;0;0;0;0;0;0;0;0;0;0;0;0;0;0;0;0;0;0;0;0;0;0;0;0;0
auctioning-time-node-y;0;0;0;0;0;0;0;0;0;0;0;0;0;0;0;0;0;0;0;0;0;0;0;0;0;0;0;0;0;0;0;0;0;0;0;0;0;0;0;0;0;0;0;0;0;0;0;0;0;0
migrating-time-node-y;0;0;0;0;0;0;0;0;0;0;0;0;0;0;0;0;0;0;0;0;0;0;0;0;0;0;0;0;0;0;0;0;0;0;0;0;0;0;0;0;0;0;0;0;0;0;0;0;0;0
auctioning-time-node-x;0;0;0;0;0;0;0;0;0;0;0;0;0;0;0;0;0;0;0;0;0;0;0;0;0;0;0;0;0;0;0;0;0;0;0;0;0;0;0;0;0;0;0;0;0;0;0;0;0;0
migrating-time-node-x;0;0;0;0;0;0;0;0;0;0;0;0;0;0;0;0;0;0;0;0;0;0;0;0;0;0;0;0;0;0;0;0;0;0;0;0;0;0;0;0;0;0;0;0;0;0;0;0;0;0
auctioning-time-node-w;0;0;0;0;0;0;0;0;0;0;0;0;0;0;0;0;0;0;0;0;0;0;0;0;0;0;0;0;0;0;0;0;0;0;0;0;0;0;0;0;0;0;0;0;0;0;0;0;0;0
migrating-time-node-w;0;0;0;0;0;0;0;0;0;0;0;0;0;0;0;0;0;0;0;0;0;0;0;0;0;0;0;0;0;0;0;0;0;0;0;0;0;0;0;0;0;0;0;0;0;0;0;0;0;0
auctioning-time-node-v;0;0;0;0;0;0;0;0;0;0;0;0;0;0;0;0;0;0;0;0;0;0;0;0;0;0;0;0;0;0;0;0;0;0;0;0;0;0;0;0;0;0;0;0;0;0;0;0;0;0
migrating-time-node-v;0;0;0;0;0;0;0;0;0;0;0;0;0;0;0;0;0;0;0;0;0;0;0;0;0;0;0;0;0;0;0;0;0;0;0;0;0;0;0;0;0;0;0;0;0;0;0;0;0;0
