timestamps;0;5000;10000;15000;20000;25000;30000;35000;40000;45000;50000;55000;60000;65000;70000;75000;80000;85000;90000;95000;100000;105000;110000;115000;120000;125000;130000;135000;140000;145000;150000;155000;160000;165000;170000;175000;180000;182219
messages-total;0;295;319;324;324;328;328;351;356;356;360;360;360;368;368;368;368;368;368;380;380;380;380;380;380;388;388;388;388;388;388;400;400;400;400;400;400;408
messages-printer;0;0;0;0;0;0;0;0;0;0;0;0;0;0;0;0;0;0;0;0;0;0;0;0;0;0;0;0;0;0;0;0;0;0;0;0;0;0
messages-soc-custom-9;0;2;2;2;2;2;2;2;2;2;2;2;2;2;2;2;2;2;2;2;2;2;2;2;2;2;2;2;2;2;2;2;2;2;2;2;2;2
messages-soc-custom-7;0;2;2;2;2;2;2;2;2;2;2;2;2;2;2;2;2;2;2;2;2;2;2;2;2;2;2;2;2;2;2;2;2;2;2;2;2;2
messages-soc-custom-8;0;2;2;2;2;2;2;2;2;2;2;2;2;2;2;2;2;2;2;2;2;2;2;2;2;2;2;2;2;2;2;2;2;2;2;2;2;2
messages-soc-custom-16;0;2;2;2;2;2;2;2;2;2;2;2;2;2;2;2;2;2;2;2;2;2;2;2;2;2;2;2;2;2;2;2;2;2;2;2;2;2
messages-soc-custom-17;0;2;2;2;2;2;2;2;2;2;2;2;2;2;2;2;2;2;2;2;2;2;2;2;2;2;2;2;2;2;2;2;2;2;2;2;2;2
messages-soc-custom-14;0;2;2;2;2;2;2;2;2;2;2;2;2;2;2;2;2;2;2;2;2;2;2;2;2;2;2;2;2;2;2;2;2;2;2;2;2;2
messages-soc-custom-15;0;2;2;2;2;2;2;2;2;2;2;2;2;2;2;2;2;2;2;2;2;2;2;2;2;2;2;2;2;2;2;2;2;2;2;2;2;2
messages-soc-alarm;0;2;2;2;2;2;2;2;2;2;2;2;2;2;2;2;2;2;2;2;2;2;2;2;2;2;2;2;2;2;2;2;2;2;2;2;2;2
messages-soc-custom-18;0;2;2;2;2;2;2;2;2;2;2;2;2;2;2;2;2;2;2;2;2;2;2;2;2;2;2;2;2;2;2;2;2;2;2;2;2;2
messages-soc-custom-19;0;2;2;2;2;2;2;2;2;2;2;2;2;2;2;2;2;2;2;2;2;2;2;2;2;2;2;2;2;2;2;2;2;2;2;2;2;2
messages-soc-custom-12;0;2;2;2;2;2;2;2;2;2;2;2;2;2;2;2;2;2;2;2;2;2;2;2;2;2;2;2;2;2;2;2;2;2;2;2;2;2
messages-soc-custom-13;0;2;2;2;2;2;2;2;2;2;2;2;2;2;2;2;2;2;2;2;2;2;2;2;2;2;2;2;2;2;2;2;2;2;2;2;2;2
messages-soc-custom-10;0;2;2;2;2;2;2;2;2;2;2;2;2;2;2;2;2;2;2;2;2;2;2;2;2;2;2;2;2;2;2;2;2;2;2;2;2;2
messages-soc-custom-11;0;2;2;2;2;2;2;2;2;2;2;2;2;2;2;2;2;2;2;2;2;2;2;2;2;2;2;2;2;2;2;2;2;2;2;2;2;2
messages-soc-custom-27;0;2;2;2;2;2;2;2;2;2;2;2;2;2;2;2;2;2;2;2;2;2;2;2;2;2;2;2;2;2;2;2;2;2;2;2;2;2
messages-soc-custom-28;0;2;2;2;2;2;2;2;2;2;2;2;2;2;2;2;2;2;2;2;2;2;2;2;2;2;2;2;2;2;2;2;2;2;2;2;2;2
messages-soc-custom-25;0;2;2;2;2;2;2;2;2;2;2;2;2;2;2;2;2;2;2;2;2;2;2;2;2;2;2;2;2;2;2;2;2;2;2;2;2;2
messages-soc-custom-26;0;2;2;2;2;2;2;2;2;2;2;2;2;2;2;2;2;2;2;2;2;2;2;2;2;2;2;2;2;2;2;2;2;2;2;2;2;2
messages-soc-custom-29;0;2;2;2;2;2;2;2;2;2;2;2;2;2;2;2;2;2;2;2;2;2;2;2;2;2;2;2;2;2;2;2;2;2;2;2;2;2
messages-soc-custom-20;0;2;2;2;2;2;2;2;2;2;2;2;2;2;2;2;2;2;2;2;2;2;2;2;2;2;2;2;2;2;2;2;2;2;2;2;2;2
messages-soc-light;0;2;2;2;2;2;2;2;2;2;2;2;2;2;2;2;2;2;2;2;2;2;2;2;2;2;2;2;2;2;2;2;2;2;2;2;2;2
messages-soc-custom-23;0;2;2;2;2;2;2;2;2;2;2;2;2;2;2;2;2;2;2;2;2;2;2;2;2;2;2;2;2;2;2;2;2;2;2;2;2;2
messages-soc-custom-24;0;2;2;2;2;2;2;2;2;2;2;2;2;2;2;2;2;2;2;2;2;2;2;2;2;2;2;2;2;2;2;2;2;2;2;2;2;2
messages-soc-custom-21;0;2;2;2;2;2;2;2;2;2;2;2;2;2;2;2;2;2;2;2;2;2;2;2;2;2;2;2;2;2;2;2;2;2;2;2;2;2
messages-soc-custom-22;0;2;2;2;2;2;2;2;2;2;2;2;2;2;2;2;2;2;2;2;2;2;2;2;2;2;2;2;2;2;2;2;2;2;2;2;2;2
messages-soc-motion;0;5;5;5;5;5;9;9;9;9;9;9;12;12;12;12;12;12;16;16;16;16;16;16;19;19;19;19;19;19;23;23;23;23;23;23;26;26
messages-soc-humidity;0;5;5;5;5;5;9;9;9;9;9;9;12;12;12;12;12;12;16;16;16;16;16;16;19;19;19;19;19;19;23;23;23;23;23;23;26;26
messages-server;0;0;0;0;0;0;2;2;2;2;2;2;2;2;2;2;2;2;2;2;2;2;2;2;2;2;2;2;2;2;2;2;2;2;2;2;2;2
messages-soc-smoke;0;2;2;2;2;2;2;2;2;2;2;2;2;2;2;2;2;2;2;2;2;2;2;2;2;2;2;2;2;2;2;2;2;2;2;2;2;2
messages-soc-temperature;0;2;2;2;2;2;2;2;2;2;2;2;2;2;2;2;2;2;2;2;2;2;2;2;2;2;2;2;2;2;2;2;2;2;2;2;2;2
messages-soc-custom-50;0;2;2;2;2;2;2;2;2;2;2;2;2;2;2;2;2;2;2;2;2;2;2;2;2;2;2;2;2;2;2;2;2;2;2;2;2;2
messages-iot-controller;0;176;184;185;185;187;190;194;194;194;196;196;198;198;198;198;198;198;200;200;200;200;200;200;202;202;202;202;202;202;204;204;204;204;204;204;206;206
messages-soc-custom-38;0;2;2;2;2;2;2;2;2;2;2;2;2;2;2;2;2;2;2;2;2;2;2;2;2;2;2;2;2;2;2;2;2;2;2;2;2;2
messages-soc-custom-39;0;2;2;2;2;2;2;2;2;2;2;2;2;2;2;2;2;2;2;2;2;2;2;2;2;2;2;2;2;2;2;2;2;2;2;2;2;2
messages-soc-custom-36;0;2;2;2;2;2;2;2;2;2;2;2;2;2;2;2;2;2;2;2;2;2;2;2;2;2;2;2;2;2;2;2;2;2;2;2;2;2
messages-soc-custom-37;0;2;2;2;2;2;2;2;2;2;2;2;2;2;2;2;2;2;2;2;2;2;2;2;2;2;2;2;2;2;2;2;2;2;2;2;2;2
messages-soc-custom-30;0;2;2;2;2;2;2;2;2;2;2;2;2;2;2;2;2;2;2;2;2;2;2;2;2;2;2;2;2;2;2;2;2;2;2;2;2;2
messages-soc-custom-31;0;2;2;2;2;2;2;2;2;2;2;2;2;2;2;2;2;2;2;2;2;2;2;2;2;2;2;2;2;2;2;2;2;2;2;2;2;2
messages-soc-custom-34;0;2;2;2;2;2;2;2;2;2;2;2;2;2;2;2;2;2;2;2;2;2;2;2;2;2;2;2;2;2;2;2;2;2;2;2;2;2
messages-soc-custom-35;0;2;2;2;2;2;2;2;2;2;2;2;2;2;2;2;2;2;2;2;2;2;2;2;2;2;2;2;2;2;2;2;2;2;2;2;2;2
messages-soc-custom-32;0;2;2;2;2;2;2;2;2;2;2;2;2;2;2;2;2;2;2;2;2;2;2;2;2;2;2;2;2;2;2;2;2;2;2;2;2;2
messages-soc-custom-33;0;2;2;2;2;2;2;2;2;2;2;2;2;2;2;2;2;2;2;2;2;2;2;2;2;2;2;2;2;2;2;2;2;2;2;2;2;2
messages-soc-door-lock;0;5;5;5;5;5;8;14;14;14;16;16;16;16;16;16;16;16;16;16;16;16;16;16;16;16;16;16;16;16;16;16;16;16;16;16;16;16
messages-soc-gate;0;5;12;14;14;16;18;18;18;18;18;18;18;18;18;18;18;18;20;20;20;20;20;20;20;20;20;20;20;20;22;22;22;22;22;22;22;22
messages-soc-custom-49;0;2;2;2;2;2;2;2;2;2;2;2;2;2;2;2;2;2;2;2;2;2;2;2;2;2;2;2;2;2;2;2;2;2;2;2;2;2
messages-soc-custom-47;0;2;2;2;2;2;2;2;2;2;2;2;2;2;2;2;2;2;2;2;2;2;2;2;2;2;2;2;2;2;2;2;2;2;2;2;2;2
messages-soc-custom-48;0;2;2;2;2;2;2;2;2;2;2;2;2;2;2;2;2;2;2;2;2;2;2;2;2;2;2;2;2;2;2;2;2;2;2;2;2;2
messages-desktop;0;2;2;2;2;2;2;2;2;2;2;2;2;2;2;2;2;2;2;2;2;2;2;2;2;2;2;2;2;2;2;2;2;2;2;2;2;2
messages-soc-custom-5;0;2;2;2;2;2;2;2;2;2;2;2;2;2;2;2;2;2;2;2;2;2;2;2;2;2;2;2;2;2;2;2;2;2;2;2;2;2
messages-soc-custom-41;0;2;2;2;2;2;2;2;2;2;2;2;2;2;2;2;2;2;2;2;2;2;2;2;2;2;2;2;2;2;2;2;2;2;2;2;2;2
messages-soc-custom-42;0;2;2;2;2;2;2;2;2;2;2;2;2;2;2;2;2;2;2;2;2;2;2;2;2;2;2;2;2;2;2;2;2;2;2;2;2;2
messages-soc-custom-6;0;2;2;2;2;2;2;2;2;2;2;2;2;2;2;2;2;2;2;2;2;2;2;2;2;2;2;2;2;2;2;2;2;2;2;2;2;2
messages-soc-custom-3;0;2;2;2;2;2;2;2;2;2;2;2;2;2;2;2;2;2;2;2;2;2;2;2;2;2;2;2;2;2;2;2;2;2;2;2;2;2
messages-soc-custom-4;0;2;2;2;2;2;2;2;2;2;2;2;2;2;2;2;2;2;2;2;2;2;2;2;2;2;2;2;2;2;2;2;2;2;2;2;2;2
messages-soc-custom-40;0;2;2;2;2;2;2;2;2;2;2;2;2;2;2;2;2;2;2;2;2;2;2;2;2;2;2;2;2;2;2;2;2;2;2;2;2;2
messages-soc-custom-1;0;2;2;2;2;2;2;2;2;2;2;2;2;2;2;2;2;2;2;2;2;2;2;2;2;2;2;2;2;2;2;2;2;2;2;2;2;2
messages-soc-custom-45;0;2;2;2;2;2;2;2;2;2;2;2;2;2;2;2;2;2;2;2;2;2;2;2;2;2;2;2;2;2;2;2;2;2;2;2;2;2
messages-soc-custom-2;0;2;2;2;2;2;2;2;2;2;2;2;2;2;2;2;2;2;2;2;2;2;2;2;2;2;2;2;2;2;2;2;2;2;2;2;2;2
messages-soc-custom-46;0;2;2;2;2;2;2;2;2;2;2;2;2;2;2;2;2;2;2;2;2;2;2;2;2;2;2;2;2;2;2;2;2;2;2;2;2;2
messages-soc-custom-43;0;2;2;2;2;2;2;2;2;2;2;2;2;2;2;2;2;2;2;2;2;2;2;2;2;2;2;2;2;2;2;2;2;2;2;2;2;2
messages-soc-custom-44;0;2;2;2;2;2;2;2;2;2;2;2;2;2;2;2;2;2;2;2;2;2;2;2;2;2;2;2;2;2;2;2;2;2;2;2;2;2
proposals-total;0;153;169;174;174;177;177;213;218;218;222;222;222;238;238;238;238;238;238;254;254;254;254;254;254;270;270;270;270;270;270;286;286;286;286;286;286;302
proposals-printer;0;0;0;0;0;0;0;0;0;0;0;0;0;0;0;0;0;0;0;0;0;0;0;0;0;0;0;0;0;0;0;0;0;0;0;0;0;0
proposals-soc-custom-9;0;1;1;1;1;1;1;1;1;1;1;1;1;1;1;1;1;1;1;1;1;1;1;1;1;1;1;1;1;1;1;1;1;1;1;1;1;1
proposals-soc-custom-7;0;1;1;1;1;1;1;1;1;1;1;1;1;1;1;1;1;1;1;1;1;1;1;1;1;1;1;1;1;1;1;1;1;1;1;1;1;1
proposals-soc-custom-8;0;1;1;1;1;1;1;1;1;1;1;1;1;1;1;1;1;1;1;1;1;1;1;1;1;1;1;1;1;1;1;1;1;1;1;1;1;1
proposals-soc-custom-16;0;1;1;1;1;1;1;1;1;1;1;1;1;1;1;1;1;1;1;1;1;1;1;1;1;1;1;1;1;1;1;1;1;1;1;1;1;1
proposals-soc-custom-17;0;1;1;1;1;1;1;1;1;1;1;1;1;1;1;1;1;1;1;1;1;1;1;1;1;1;1;1;1;1;1;1;1;1;1;1;1;1
proposals-soc-custom-14;0;1;1;1;1;1;1;1;1;1;1;1;1;1;1;1;1;1;1;1;1;1;1;1;1;1;1;1;1;1;1;1;1;1;1;1;1;1
proposals-soc-custom-15;0;1;1;1;1;1;1;1;1;1;1;1;1;1;1;1;1;1;1;1;1;1;1;1;1;1;1;1;1;1;1;1;1;1;1;1;1;1
proposals-soc-alarm;0;1;1;1;1;1;1;1;1;1;1;1;1;1;1;1;1;1;1;1;1;1;1;1;1;1;1;1;1;1;1;1;1;1;1;1;1;1
proposals-soc-custom-18;0;1;1;1;1;1;1;1;1;1;1;1;1;1;1;1;1;1;1;1;1;1;1;1;1;1;1;1;1;1;1;1;1;1;1;1;1;1
proposals-soc-custom-19;0;1;1;1;1;1;1;1;1;1;1;1;1;1;1;1;1;1;1;1;1;1;1;1;1;1;1;1;1;1;1;1;1;1;1;1;1;1
proposals-soc-custom-12;0;1;1;1;1;1;1;1;1;1;1;1;1;1;1;1;1;1;1;1;1;1;1;1;1;1;1;1;1;1;1;1;1;1;1;1;1;1
proposals-soc-custom-13;0;1;1;1;1;1;1;1;1;1;1;1;1;1;1;1;1;1;1;1;1;1;1;1;1;1;1;1;1;1;1;1;1;1;1;1;1;1
proposals-soc-custom-10;0;1;1;1;1;1;1;1;1;1;1;1;1;1;1;1;1;1;1;1;1;1;1;1;1;1;1;1;1;1;1;1;1;1;1;1;1;1
proposals-soc-custom-11;0;1;1;1;1;1;1;1;1;1;1;1;1;1;1;1;1;1;1;1;1;1;1;1;1;1;1;1;1;1;1;1;1;1;1;1;1;1
proposals-soc-custom-27;0;1;1;1;1;1;1;1;1;1;1;1;1;1;1;1;1;1;1;1;1;1;1;1;1;1;1;1;1;1;1;1;1;1;1;1;1;1
proposals-soc-custom-28;0;1;1;1;1;1;1;1;1;1;1;1;1;1;1;1;1;1;1;1;1;1;1;1;1;1;1;1;1;1;1;1;1;1;1;1;1;1
proposals-soc-custom-25;0;1;1;1;1;1;1;1;1;1;1;1;1;1;1;1;1;1;1;1;1;1;1;1;1;1;1;1;1;1;1;1;1;1;1;1;1;1
proposals-soc-custom-26;0;1;1;1;1;1;1;1;1;1;1;1;1;1;1;1;1;1;1;1;1;1;1;1;1;1;1;1;1;1;1;1;1;1;1;1;1;1
proposals-soc-custom-29;0;1;1;1;1;1;1;1;1;1;1;1;1;1;1;1;1;1;1;1;1;1;1;1;1;1;1;1;1;1;1;1;1;1;1;1;1;1
proposals-soc-custom-20;0;1;1;1;1;1;1;1;1;1;1;1;1;1;1;1;1;1;1;1;1;1;1;1;1;1;1;1;1;1;1;1;1;1;1;1;1;1
proposals-soc-light;0;1;1;1;1;1;1;1;1;1;1;1;1;1;1;1;1;1;1;1;1;1;1;1;1;1;1;1;1;1;1;1;1;1;1;1;1;1
proposals-soc-custom-23;0;1;1;1;1;1;1;1;1;1;1;1;1;1;1;1;1;1;1;1;1;1;1;1;1;1;1;1;1;1;1;1;1;1;1;1;1;1
proposals-soc-custom-24;0;1;1;1;1;1;1;1;1;1;1;1;1;1;1;1;1;1;1;1;1;1;1;1;1;1;1;1;1;1;1;1;1;1;1;1;1;1
proposals-soc-custom-21;0;1;1;1;1;1;1;1;1;1;1;1;1;1;1;1;1;1;1;1;1;1;1;1;1;1;1;1;1;1;1;1;1;1;1;1;1;1
proposals-soc-custom-22;0;1;1;1;1;1;1;1;1;1;1;1;1;1;1;1;1;1;1;1;1;1;1;1;1;1;1;1;1;1;1;1;1;1;1;1;1;1
proposals-soc-motion;0;8;8;8;8;8;16;16;16;16;16;16;24;24;24;24;24;24;32;32;32;32;32;32;40;40;40;40;40;40;48;48;48;48;48;48;56;56
proposals-soc-humidity;0;8;8;8;8;8;16;16;16;16;16;16;24;24;24;24;24;24;32;32;32;32;32;32;40;40;40;40;40;40;48;48;48;48;48;48;56;56
proposals-server;0;0;0;0;0;0;7;7;7;7;7;7;7;7;7;7;7;7;7;7;7;7;7;7;7;7;7;7;7;7;7;7;7;7;7;7;7;7
proposals-soc-smoke;0;1;1;1;1;1;1;1;1;1;1;1;1;1;1;1;1;1;1;1;1;1;1;1;1;1;1;1;1;1;1;1;1;1;1;1;1;1
proposals-soc-temperature;0;1;1;1;1;1;1;1;1;1;1;1;1;1;1;1;1;1;1;1;1;1;1;1;1;1;1;1;1;1;1;1;1;1;1;1;1;1
proposals-soc-custom-50;0;1;1;1;1;1;1;1;1;1;1;1;1;1;1;1;1;1;1;1;1;1;1;1;1;1;1;1;1;1;1;1;1;1;1;1;1;1
proposals-iot-controller;0;62;62;62;62;62;62;62;62;62;62;62;62;62;62;62;62;62;62;62;62;62;62;62;62;62;62;62;62;62;62;62;62;62;62;62;62;62
proposals-soc-custom-38;0;1;1;1;1;1;1;1;1;1;1;1;1;1;1;1;1;1;1;1;1;1;1;1;1;1;1;1;1;1;1;1;1;1;1;1;1;1
proposals-soc-custom-39;0;1;1;1;1;1;1;1;1;1;1;1;1;1;1;1;1;1;1;1;1;1;1;1;1;1;1;1;1;1;1;1;1;1;1;1;1;1
proposals-soc-custom-36;0;1;1;1;1;1;1;1;1;1;1;1;1;1;1;1;1;1;1;1;1;1;1;1;1;1;1;1;1;1;1;1;1;1;1;1;1;1
proposals-soc-custom-37;0;1;1;1;1;1;1;1;1;1;1;1;1;1;1;1;1;1;1;1;1;1;1;1;1;1;1;1;1;1;1;1;1;1;1;1;1;1
proposals-soc-custom-30;0;1;1;1;1;1;1;1;1;1;1;1;1;1;1;1;1;1;1;1;1;1;1;1;1;1;1;1;1;1;1;1;1;1;1;1;1;1
proposals-soc-custom-31;0;1;1;1;1;1;1;1;1;1;1;1;1;1;1;1;1;1;1;1;1;1;1;1;1;1;1;1;1;1;1;1;1;1;1;1;1;1
proposals-soc-custom-34;0;1;1;1;1;1;1;1;1;1;1;1;1;1;1;1;1;1;1;1;1;1;1;1;1;1;1;1;1;1;1;1;1;1;1;1;1;1
proposals-soc-custom-35;0;1;1;1;1;1;1;1;1;1;1;1;1;1;1;1;1;1;1;1;1;1;1;1;1;1;1;1;1;1;1;1;1;1;1;1;1;1
proposals-soc-custom-32;0;1;1;1;1;1;1;1;1;1;1;1;1;1;1;1;1;1;1;1;1;1;1;1;1;1;1;1;1;1;1;1;1;1;1;1;1;1
proposals-soc-custom-33;0;1;1;1;1;1;1;1;1;1;1;1;1;1;1;1;1;1;1;1;1;1;1;1;1;1;1;1;1;1;1;1;1;1;1;1;1;1
proposals-soc-door-lock;0;8;8;8;8;8;15;26;26;26;30;30;30;30;30;30;30;30;30;30;30;30;30;30;30;30;30;30;30;30;30;30;30;30;30;30;30;30
proposals-soc-gate;0;11;27;32;32;35;35;35;35;35;35;35;35;35;35;35;35;35;35;35;35;35;35;35;35;35;35;35;35;35;35;35;35;35;35;35;35;35
proposals-soc-custom-49;0;1;1;1;1;1;1;1;1;1;1;1;1;1;1;1;1;1;1;1;1;1;1;1;1;1;1;1;1;1;1;1;1;1;1;1;1;1
proposals-soc-custom-47;0;1;1;1;1;1;1;1;1;1;1;1;1;1;1;1;1;1;1;1;1;1;1;1;1;1;1;1;1;1;1;1;1;1;1;1;1;1
proposals-soc-custom-48;0;1;1;1;1;1;1;1;1;1;1;1;1;1;1;1;1;1;1;1;1;1;1;1;1;1;1;1;1;1;1;1;1;1;1;1;1;1
proposals-desktop;0;2;2;2;2;2;2;2;2;2;2;2;2;2;2;2;2;2;2;2;2;2;2;2;2;2;2;2;2;2;2;2;2;2;2;2;2;2
proposals-soc-custom-5;0;1;1;1;1;1;1;1;1;1;1;1;1;1;1;1;1;1;1;1;1;1;1;1;1;1;1;1;1;1;1;1;1;1;1;1;1;1
proposals-soc-custom-41;0;1;1;1;1;1;1;1;1;1;1;1;1;1;1;1;1;1;1;1;1;1;1;1;1;1;1;1;1;1;1;1;1;1;1;1;1;1
proposals-soc-custom-42;0;1;1;1;1;1;1;1;1;1;1;1;1;1;1;1;1;1;1;1;1;1;1;1;1;1;1;1;1;1;1;1;1;1;1;1;1;1
proposals-soc-custom-6;0;1;1;1;1;1;1;1;1;1;1;1;1;1;1;1;1;1;1;1;1;1;1;1;1;1;1;1;1;1;1;1;1;1;1;1;1;1
proposals-soc-custom-3;0;1;1;1;1;1;1;1;1;1;1;1;1;1;1;1;1;1;1;1;1;1;1;1;1;1;1;1;1;1;1;1;1;1;1;1;1;1
proposals-soc-custom-4;0;1;1;1;1;1;1;1;1;1;1;1;1;1;1;1;1;1;1;1;1;1;1;1;1;1;1;1;1;1;1;1;1;1;1;1;1;1
proposals-soc-custom-40;0;1;1;1;1;1;1;1;1;1;1;1;1;1;1;1;1;1;1;1;1;1;1;1;1;1;1;1;1;1;1;1;1;1;1;1;1;1
proposals-soc-custom-1;0;1;1;1;1;1;1;1;1;1;1;1;1;1;1;1;1;1;1;1;1;1;1;1;1;1;1;1;1;1;1;1;1;1;1;1;1;1
proposals-soc-custom-45;0;1;1;1;1;1;1;1;1;1;1;1;1;1;1;1;1;1;1;1;1;1;1;1;1;1;1;1;1;1;1;1;1;1;1;1;1;1
proposals-soc-custom-2;0;1;1;1;1;1;1;1;1;1;1;1;1;1;1;1;1;1;1;1;1;1;1;1;1;1;1;1;1;1;1;1;1;1;1;1;1;1
proposals-soc-custom-46;0;1;1;1;1;1;1;1;1;1;1;1;1;1;1;1;1;1;1;1;1;1;1;1;1;1;1;1;1;1;1;1;1;1;1;1;1;1
proposals-soc-custom-43;0;1;1;1;1;1;1;1;1;1;1;1;1;1;1;1;1;1;1;1;1;1;1;1;1;1;1;1;1;1;1;1;1;1;1;1;1;1
proposals-soc-custom-44;0;1;1;1;1;1;1;1;1;1;1;1;1;1;1;1;1;1;1;1;1;1;1;1;1;1;1;1;1;1;1;1;1;1;1;1;1;1
riskCount-global;8;8;8;7;7;7;7;4;4;4;4;4;4;4;4;4;4;4;4;4;4;4;4;4;4;4;4;4;4;4;4;4;4;4;4;4;4;4
riskCount-total;0;23;36;42;42;48;48;55;57;57;59;59;59;61;61;61;61;61;61;63;63;63;63;63;63;65;65;65;65;65;65;67;67;67;67;67;67;69
riskCount-printer;0;0;0;0;0;0;0;0;0;0;0;0;0;0;0;0;0;0;0;0;0;0;0;0;0;0;0;0;0;0;0;0;0;0;0;0;0;0
riskCount-soc-custom-9;0;10;10;10;10;10;10;10;10;10;10;10;10;10;10;10;10;10;10;10;10;10;10;10;10;10;10;10;10;10;10;10;10;10;10;10;10;10
riskCount-soc-custom-7;0;10;10;10;10;10;10;10;10;10;10;10;10;10;10;10;10;10;10;10;10;10;10;10;10;10;10;10;10;10;10;10;10;10;10;10;10;10
riskCount-soc-custom-8;0;10;10;10;10;10;10;10;10;10;10;10;10;10;10;10;10;10;10;10;10;10;10;10;10;10;10;10;10;10;10;10;10;10;10;10;10;10
riskCount-soc-custom-16;0;10;10;10;10;10;10;10;10;10;10;10;10;10;10;10;10;10;10;10;10;10;10;10;10;10;10;10;10;10;10;10;10;10;10;10;10;10
riskCount-soc-custom-17;0;10;10;10;10;10;10;10;10;10;10;10;10;10;10;10;10;10;10;10;10;10;10;10;10;10;10;10;10;10;10;10;10;10;10;10;10;10
riskCount-soc-custom-14;0;10;10;10;10;10;10;10;10;10;10;10;10;10;10;10;10;10;10;10;10;10;10;10;10;10;10;10;10;10;10;10;10;10;10;10;10;10
riskCount-soc-custom-15;0;10;10;10;10;10;10;10;10;10;10;10;10;10;10;10;10;10;10;10;10;10;10;10;10;10;10;10;10;10;10;10;10;10;10;10;10;10
riskCount-soc-alarm;0;12;12;12;12;12;12;12;12;12;12;12;12;12;12;12;12;12;12;12;12;12;12;12;12;12;12;12;12;12;12;12;12;12;12;12;12;12
riskCount-soc-custom-18;0;10;10;10;10;10;10;10;10;10;10;10;10;10;10;10;10;10;10;10;10;10;10;10;10;10;10;10;10;10;10;10;10;10;10;10;10;10
riskCount-soc-custom-19;0;10;10;10;10;10;10;10;10;10;10;10;10;10;10;10;10;10;10;10;10;10;10;10;10;10;10;10;10;10;10;10;10;10;10;10;10;10
riskCount-soc-custom-12;0;10;10;10;10;10;10;10;10;10;10;10;10;10;10;10;10;10;10;10;10;10;10;10;10;10;10;10;10;10;10;10;10;10;10;10;10;10
riskCount-soc-custom-13;0;10;10;10;10;10;10;10;10;10;10;10;10;10;10;10;10;10;10;10;10;10;10;10;10;10;10;10;10;10;10;10;10;10;10;10;10;10
riskCount-soc-custom-10;0;10;10;10;10;10;10;10;10;10;10;10;10;10;10;10;10;10;10;10;10;10;10;10;10;10;10;10;10;10;10;10;10;10;10;10;10;10
riskCount-soc-custom-11;0;10;10;10;10;10;10;10;10;10;10;10;10;10;10;10;10;10;10;10;10;10;10;10;10;10;10;10;10;10;10;10;10;10;10;10;10;10
riskCount-soc-custom-27;0;10;10;10;10;10;10;10;10;10;10;10;10;10;10;10;10;10;10;10;10;10;10;10;10;10;10;10;10;10;10;10;10;10;10;10;10;10
riskCount-soc-custom-28;0;10;10;10;10;10;10;10;10;10;10;10;10;10;10;10;10;10;10;10;10;10;10;10;10;10;10;10;10;10;10;10;10;10;10;10;10;10
riskCount-soc-custom-25;0;10;10;10;10;10;10;10;10;10;10;10;10;10;10;10;10;10;10;10;10;10;10;10;10;10;10;10;10;10;10;10;10;10;10;10;10;10
riskCount-soc-custom-26;0;10;10;10;10;10;10;10;10;10;10;10;10;10;10;10;10;10;10;10;10;10;10;10;10;10;10;10;10;10;10;10;10;10;10;10;10;10
riskCount-soc-custom-29;0;10;10;10;10;10;10;10;10;10;10;10;10;10;10;10;10;10;10;10;10;10;10;10;10;10;10;10;10;10;10;10;10;10;10;10;10;10
riskCount-soc-custom-20;0;10;10;10;10;10;10;10;10;10;10;10;10;10;10;10;10;10;10;10;10;10;10;10;10;10;10;10;10;10;10;10;10;10;10;10;10;10
riskCount-soc-light;0;10;10;10;10;10;10;10;10;10;10;10;10;10;10;10;10;10;10;10;10;10;10;10;10;10;10;10;10;10;10;10;10;10;10;10;10;10
riskCount-soc-custom-23;0;10;10;10;10;10;10;10;10;10;10;10;10;10;10;10;10;10;10;10;10;10;10;10;10;10;10;10;10;10;10;10;10;10;10;10;10;10
riskCount-soc-custom-24;0;10;10;10;10;10;10;10;10;10;10;10;10;10;10;10;10;10;10;10;10;10;10;10;10;10;10;10;10;10;10;10;10;10;10;10;10;10
riskCount-soc-custom-21;0;10;10;10;10;10;10;10;10;10;10;10;10;10;10;10;10;10;10;10;10;10;10;10;10;10;10;10;10;10;10;10;10;10;10;10;10;10
riskCount-soc-custom-22;0;10;10;10;10;10;10;10;10;10;10;10;10;10;10;10;10;10;10;10;10;10;10;10;10;10;10;10;10;10;10;10;10;10;10;10;10;10
riskCount-soc-motion;0;10;10;10;10;10;10;10;10;10;10;10;10;10;10;10;10;10;10;10;10;10;10;10;10;10;10;10;10;10;10;10;10;10;10;10;10;10
riskCount-soc-humidity;0;10;10;10;10;10;10;10;10;10;10;10;10;10;10;10;10;10;10;10;10;10;10;10;10;10;10;10;10;10;10;10;10;10;10;10;10;10
riskCount-server;1;1;1;1;1;1;1;1;1;1;1;1;1;1;1;1;1;1;1;1;1;1;1;1;1;1;1;1;1;1;1;1;1;1;1;1;1;1
riskCount-soc-smoke;0;10;10;10;10;10;10;10;10;10;10;10;10;10;10;10;10;10;10;10;10;10;10;10;10;10;10;10;10;10;10;10;10;10;10;10;10;10
riskCount-soc-temperature;0;10;10;10;10;10;10;10;10;10;10;10;10;10;10;10;10;10;10;10;10;10;10;10;10;10;10;10;10;10;10;10;10;10;10;10;10;10
riskCount-soc-custom-50;0;10;10;10;10;10;10;10;10;10;10;10;10;10;10;10;10;10;10;10;10;10;10;10;10;10;10;10;10;10;10;10;10;10;10;10;10;10
riskCount-iot-controller;1;12;12;12;12;12;12;12;12;12;12;12;12;12;12;12;12;12;12;12;12;12;12;12;12;12;12;12;12;12;12;12;12;12;12;12;12;12
riskCount-soc-custom-38;0;10;10;10;10;10;10;10;10;10;10;10;10;10;10;10;10;10;10;10;10;10;10;10;10;10;10;10;10;10;10;10;10;10;10;10;10;10
riskCount-soc-custom-39;0;10;10;10;10;10;10;10;10;10;10;10;10;10;10;10;10;10;10;10;10;10;10;10;10;10;10;10;10;10;10;10;10;10;10;10;10;10
riskCount-soc-custom-36;0;10;10;10;10;10;10;10;10;10;10;10;10;10;10;10;10;10;10;10;10;10;10;10;10;10;10;10;10;10;10;10;10;10;10;10;10;10
riskCount-soc-custom-37;0;10;10;10;10;10;10;10;10;10;10;10;10;10;10;10;10;10;10;10;10;10;10;10;10;10;10;10;10;10;10;10;10;10;10;10;10;10
riskCount-soc-custom-30;0;10;10;10;10;10;10;10;10;10;10;10;10;10;10;10;10;10;10;10;10;10;10;10;10;10;10;10;10;10;10;10;10;10;10;10;10;10
riskCount-soc-custom-31;0;10;10;10;10;10;10;10;10;10;10;10;10;10;10;10;10;10;10;10;10;10;10;10;10;10;10;10;10;10;10;10;10;10;10;10;10;10
riskCount-soc-custom-34;0;10;10;10;10;10;10;10;10;10;10;10;10;10;10;10;10;10;10;10;10;10;10;10;10;10;10;10;10;10;10;10;10;10;10;10;10;10
riskCount-soc-custom-35;0;10;10;10;10;10;10;10;10;10;10;10;10;10;10;10;10;10;10;10;10;10;10;10;10;10;10;10;10;10;10;10;10;10;10;10;10;10
riskCount-soc-custom-32;0;10;10;10;10;10;10;10;10;10;10;10;10;10;10;10;10;10;10;10;10;10;10;10;10;10;10;10;10;10;10;10;10;10;10;10;10;10
riskCount-soc-custom-33;0;10;10;10;10;10;10;10;10;10;10;10;10;10;10;10;10;10;10;10;10;10;10;10;10;10;10;10;10;10;10;10;10;10;10;10;10;10
riskCount-soc-door-lock;0;10;10;10;10;10;10;10;10;10;10;10;10;10;10;10;10;10;10;10;10;10;10;10;10;10;10;10;10;10;10;10;10;10;10;10;10;10
riskCount-soc-gate;1;10;10;10;10;10;10;10;10;10;10;10;10;10;10;10;10;10;10;10;10;10;10;10;10;10;10;10;10;10;10;10;10;10;10;10;10;10
riskCount-soc-custom-49;0;10;10;10;10;10;10;10;10;10;10;10;10;10;10;10;10;10;10;10;10;10;10;10;10;10;10;10;10;10;10;10;10;10;10;10;10;10
riskCount-soc-custom-47;0;10;10;10;10;10;10;10;10;10;10;10;10;10;10;10;10;10;10;10;10;10;10;10;10;10;10;10;10;10;10;10;10;10;10;10;10;10
riskCount-soc-custom-48;0;10;10;10;10;10;10;10;10;10;10;10;10;10;10;10;10;10;10;10;10;10;10;10;10;10;10;10;10;10;10;10;10;10;10;10;10;10
riskCount-desktop;0;8;8;8;8;8;10;10;10;10;10;10;10;10;10;10;10;10;10;10;10;10;10;10;10;10;10;10;10;10;10;10;10;10;10;10;10;10
riskCount-soc-custom-5;0;10;10;10;10;10;10;10;10;10;10;10;10;10;10;10;10;10;10;10;10;10;10;10;10;10;10;10;10;10;10;10;10;10;10;10;10;10
riskCount-soc-custom-41;0;10;10;10;10;10;10;10;10;10;10;10;10;10;10;10;10;10;10;10;10;10;10;10;10;10;10;10;10;10;10;10;10;10;10;10;10;10
riskCount-soc-custom-42;0;10;10;10;10;10;10;10;10;10;10;10;10;10;10;10;10;10;10;10;10;10;10;10;10;10;10;10;10;10;10;10;10;10;10;10;10;10
riskCount-soc-custom-6;0;10;10;10;10;10;10;10;10;10;10;10;10;10;10;10;10;10;10;10;10;10;10;10;10;10;10;10;10;10;10;10;10;10;10;10;10;10
riskCount-soc-custom-3;0;10;10;10;10;10;10;10;10;10;10;10;10;10;10;10;10;10;10;10;10;10;10;10;10;10;10;10;10;10;10;10;10;10;10;10;10;10
riskCount-soc-custom-4;0;10;10;10;10;10;10;10;10;10;10;10;10;10;10;10;10;10;10;10;10;10;10;10;10;10;10;10;10;10;10;10;10;10;10;10;10;10
riskCount-soc-custom-40;0;10;10;10;10;10;10;10;10;10;10;10;10;10;10;10;10;10;10;10;10;10;10;10;10;10;10;10;10;10;10;10;10;10;10;10;10;10
riskCount-soc-custom-1;0;10;10;10;10;10;10;10;10;10;10;10;10;10;10;10;10;10;10;10;10;10;10;10;10;10;10;10;10;10;10;10;10;10;10;10;10;10
riskCount-soc-custom-45;0;10;10;10;10;10;10;10;10;10;10;10;10;10;10;10;10;10;10;10;10;10;10;10;10;10;10;10;10;10;10;10;10;10;10;10;10;10
riskCount-soc-custom-2;0;10;10;10;10;10;10;10;10;10;10;10;10;10;10;10;10;10;10;10;10;10;10;10;10;10;10;10;10;10;10;10;10;10;10;10;10;10
riskCount-soc-custom-46;0;10;10;10;10;10;10;10;10;10;10;10;10;10;10;10;10;10;10;10;10;10;10;10;10;10;10;10;10;10;10;10;10;10;10;10;10;10
riskCount-soc-custom-43;0;10;10;10;10;10;10;10;10;10;10;10;10;10;10;10;10;10;10;10;10;10;10;10;10;10;10;10;10;10;10;10;10;10;10;10;10;10
riskCount-soc-custom-44;0;10;10;10;10;10;10;10;10;10;10;10;10;10;10;10;10;10;10;10;10;10;10;10;10;10;10;10;10;10;10;10;10;10;10;10;10;10
riskUnique-global;25;25;25;25;25;25;25;25;25;25;25;25;25;25;25;25;25;25;25;25;25;25;25;25;25;25;25;25;25;25;25;25;25;25;25;25;25;25
riskUnique-total;0;12;25;31;31;37;37;40;42;42;44;44;44;44;44;44;44;44;44;44;44;44;44;44;44;44;44;44;44;44;44;44;44;44;44;44;44;44
riskDamage-global;636,01;636,01;618,82;569,27;569,27;527,04;527,04;496,93;496,93;496,93;476,39;476,39;476,39;476,39;476,39;476,39;476,39;476,39;476,39;476,39;476,39;476,39;476,39;476,39;476,39;476,39;476,39;476,39;476,39;476,39;476,39;476,39;476,39;476,39;476,39;476,39;476,39;476,39
riskDamage-printer;0,00;0,00;0,00;0,00;0,00;0,00;0,00;0,00;0,00;0,00;0,00;0,00;0,00;0,00;0,00;0,00;0,00;0,00;0,00;0,00;0,00;0,00;0,00;0,00;0,00;0,00;0,00;0,00;0,00;0,00;0,00;0,00;0,00;0,00;0,00;0,00;0,00;0,00
riskDamage-%-printer;0,0000;0,0000;0,0000;0,0000;0,0000;0,0000;0,0000;0,0000;0,0000;0,0000;0,0000;0,0000;0,0000;0,0000;0,0000;0,0000;0,0000;0,0000;0,0000;0,0000;0,0000;0,0000;0,0000;0,0000;0,0000;0,0000;0,0000;0,0000;0,0000;0,0000;0,0000;0,0000;0,0000;0,0000;0,0000;0,0000;0,0000;0,0000
riskDamage-soc-custom-9;0,00;285,71;285,71;285,71;285,71;285,71;285,71;285,71;285,71;285,71;285,71;285,71;285,71;285,71;285,71;285,71;285,71;285,71;285,71;285,71;285,71;285,71;285,71;285,71;285,71;285,71;285,71;285,71;285,71;285,71;285,71;285,71;285,71;285,71;285,71;285,71;285,71;285,71
riskDamage-%-soc-custom-9;0,0000;0,4492;0,4617;0,5019;0,5019;0,5421;0,5421;0,5749;0,5749;0,5749;0,5997;0,5997;0,5997;0,5997;0,5997;0,5997;0,5997;0,5997;0,5997;0,5997;0,5997;0,5997;0,5997;0,5997;0,5997;0,5997;0,5997;0,5997;0,5997;0,5997;0,5997;0,5997;0,5997;0,5997;0,5997;0,5997;0,5997;0,5997
riskDamage-soc-custom-7;0,00;285,71;285,71;285,71;285,71;285,71;207,06;207,06;207,06;207,06;207,06;207,06;184,99;184,99;184,99;184,99;184,99;184,99;184,99;184,99;184,99;184,99;184,99;184,99;184,99;184,99;184,99;184,99;184,99;184,99;184,99;184,99;184,99;184,99;184,99;184,99;184,99;184,99
riskDamage-%-soc-custom-7;0,0000;0,4492;0,4617;0,5019;0,5019;0,5421;0,3929;0,4167;0,4167;0,4167;0,4346;0,4346;0,3883;0,3883;0,3883;0,3883;0,3883;0,3883;0,3883;0,3883;0,3883;0,3883;0,3883;0,3883;0,3883;0,3883;0,3883;0,3883;0,3883;0,3883;0,3883;0,3883;0,3883;0,3883;0,3883;0,3883;0,3883;0,3883
riskDamage-soc-custom-8;0,00;285,71;285,71;285,71;285,71;285,71;207,06;207,06;207,06;207,06;207,06;207,06;184,99;184,99;184,99;184,99;184,99;184,99;184,99;184,99;184,99;184,99;184,99;184,99;184,99;184,99;184,99;184,99;184,99;184,99;184,99;184,99;184,99;184,99;184,99;184,99;184,99;184,99
riskDamage-%-soc-custom-8;0,0000;0,4492;0,4617;0,5019;0,5019;0,5421;0,3929;0,4167;0,4167;0,4167;0,4346;0,4346;0,3883;0,3883;0,3883;0,3883;0,3883;0,3883;0,3883;0,3883;0,3883;0,3883;0,3883;0,3883;0,3883;0,3883;0,3883;0,3883;0,3883;0,3883;0,3883;0,3883;0,3883;0,3883;0,3883;0,3883;0,3883;0,3883
riskDamage-soc-custom-16;0,00;285,71;285,71;285,71;285,71;285,71;285,71;285,71;285,71;285,71;285,71;285,71;285,71;285,71;285,71;285,71;285,71;285,71;285,71;285,71;285,71;285,71;285,71;285,71;285,71;285,71;285,71;285,71;285,71;285,71;285,71;285,71;285,71;285,71;285,71;285,71;285,71;285,71
riskDamage-%-soc-custom-16;0,0000;0,4492;0,4617;0,5019;0,5019;0,5421;0,5421;0,5749;0,5749;0,5749;0,5997;0,5997;0,5997;0,5997;0,5997;0,5997;0,5997;0,5997;0,5997;0,5997;0,5997;0,5997;0,5997;0,5997;0,5997;0,5997;0,5997;0,5997;0,5997;0,5997;0,5997;0,5997;0,5997;0,5997;0,5997;0,5997;0,5997;0,5997
riskDamage-soc-custom-17;0,00;285,71;285,71;285,71;285,71;285,71;285,71;285,71;285,71;285,71;285,71;285,71;285,71;285,71;285,71;285,71;285,71;285,71;285,71;285,71;285,71;285,71;285,71;285,71;285,71;285,71;285,71;285,71;285,71;285,71;285,71;285,71;285,71;285,71;285,71;285,71;285,71;285,71
riskDamage-%-soc-custom-17;0,0000;0,4492;0,4617;0,5019;0,5019;0,5421;0,5421;0,5749;0,5749;0,5749;0,5997;0,5997;0,5997;0,5997;0,5997;0,5997;0,5997;0,5997;0,5997;0,5997;0,5997;0,5997;0,5997;0,5997;0,5997;0,5997;0,5997;0,5997;0,5997;0,5997;0,5997;0,5997;0,5997;0,5997;0,5997;0,5997;0,5997;0,5997
riskDamage-soc-custom-14;0,00;285,71;285,71;285,71;285,71;285,71;285,71;285,71;285,71;285,71;285,71;285,71;285,71;285,71;285,71;285,71;285,71;285,71;285,71;285,71;285,71;285,71;285,71;285,71;285,71;285,71;285,71;285,71;285,71;285,71;285,71;285,71;285,71;285,71;285,71;285,71;285,71;285,71
riskDamage-%-soc-custom-14;0,0000;0,4492;0,4617;0,5019;0,5019;0,5421;0,5421;0,5749;0,5749;0,5749;0,5997;0,5997;0,5997;0,5997;0,5997;0,5997;0,5997;0,5997;0,5997;0,5997;0,5997;0,5997;0,5997;0,5997;0,5997;0,5997;0,5997;0,5997;0,5997;0,5997;0,5997;0,5997;0,5997;0,5997;0,5997;0,5997;0,5997;0,5997
riskDamage-soc-custom-15;0,00;285,71;285,71;285,71;285,71;285,71;207,06;207,06;207,06;207,06;207,06;207,06;184,99;184,99;184,99;184,99;184,99;184,99;184,99;184,99;184,99;184,99;184,99;184,99;184,99;184,99;184,99;184,99;184,99;184,99;184,99;184,99;184,99;184,99;184,99;184,99;184,99;184,99
riskDamage-%-soc-custom-15;0,0000;0,4492;0,4617;0,5019;0,5019;0,5421;0,3929;0,4167;0,4167;0,4167;0,4346;0,4346;0,3883;0,3883;0,3883;0,3883;0,3883;0,3883;0,3883;0,3883;0,3883;0,3883;0,3883;0,3883;0,3883;0,3883;0,3883;0,3883;0,3883;0,3883;0,3883;0,3883;0,3883;0,3883;0,3883;0,3883;0,3883;0,3883
riskDamage-soc-alarm;0,00;317,35;317,35;317,35;317,35;317,35;317,35;317,35;317,35;317,35;317,35;317,35;317,35;317,35;317,35;317,35;317,35;317,35;317,35;317,35;317,35;317,35;317,35;317,35;317,35;317,35;317,35;317,35;317,35;317,35;317,35;317,35;317,35;317,35;317,35;317,35;317,35;317,35
riskDamage-%-soc-alarm;0,0000;0,4990;0,5128;0,5575;0,5575;0,6021;0,6021;0,6386;0,6386;0,6386;0,6662;0,6662;0,6662;0,6662;0,6662;0,6662;0,6662;0,6662;0,6662;0,6662;0,6662;0,6662;0,6662;0,6662;0,6662;0,6662;0,6662;0,6662;0,6662;0,6662;0,6662;0,6662;0,6662;0,6662;0,6662;0,6662;0,6662;0,6662
riskDamage-soc-custom-18;0,00;285,71;285,71;285,71;285,71;285,71;285,71;285,71;285,71;285,71;285,71;285,71;285,71;285,71;285,71;285,71;285,71;285,71;285,71;285,71;285,71;285,71;285,71;285,71;285,71;285,71;285,71;285,71;285,71;285,71;285,71;285,71;285,71;285,71;285,71;285,71;285,71;285,71
riskDamage-%-soc-custom-18;0,0000;0,4492;0,4617;0,5019;0,5019;0,5421;0,5421;0,5749;0,5749;0,5749;0,5997;0,5997;0,5997;0,5997;0,5997;0,5997;0,5997;0,5997;0,5997;0,5997;0,5997;0,5997;0,5997;0,5997;0,5997;0,5997;0,5997;0,5997;0,5997;0,5997;0,5997;0,5997;0,5997;0,5997;0,5997;0,5997;0,5997;0,5997
riskDamage-soc-custom-19;0,00;285,71;285,71;285,71;285,71;285,71;207,06;207,06;207,06;207,06;207,06;207,06;184,99;184,99;184,99;184,99;184,99;184,99;184,99;184,99;184,99;184,99;184,99;184,99;184,99;184,99;184,99;184,99;184,99;184,99;184,99;184,99;184,99;184,99;184,99;184,99;184,99;184,99
riskDamage-%-soc-custom-19;0,0000;0,4492;0,4617;0,5019;0,5019;0,5421;0,3929;0,4167;0,4167;0,4167;0,4346;0,4346;0,3883;0,3883;0,3883;0,3883;0,3883;0,3883;0,3883;0,3883;0,3883;0,3883;0,3883;0,3883;0,3883;0,3883;0,3883;0,3883;0,3883;0,3883;0,3883;0,3883;0,3883;0,3883;0,3883;0,3883;0,3883;0,3883
riskDamage-soc-custom-12;0,00;285,71;285,71;285,71;285,71;285,71;207,06;207,06;207,06;207,06;207,06;207,06;184,99;184,99;184,99;184,99;184,99;184,99;184,99;184,99;184,99;184,99;184,99;184,99;184,99;184,99;184,99;184,99;184,99;184,99;184,99;184,99;184,99;184,99;184,99;184,99;184,99;184,99
riskDamage-%-soc-custom-12;0,0000;0,4492;0,4617;0,5019;0,5019;0,5421;0,3929;0,4167;0,4167;0,4167;0,4346;0,4346;0,3883;0,3883;0,3883;0,3883;0,3883;0,3883;0,3883;0,3883;0,3883;0,3883;0,3883;0,3883;0,3883;0,3883;0,3883;0,3883;0,3883;0,3883;0,3883;0,3883;0,3883;0,3883;0,3883;0,3883;0,3883;0,3883
riskDamage-soc-custom-13;0,00;285,71;285,71;285,71;285,71;285,71;207,06;207,06;207,06;207,06;207,06;207,06;184,99;184,99;184,99;184,99;184,99;184,99;184,99;184,99;184,99;184,99;184,99;184,99;184,99;184,99;184,99;184,99;184,99;184,99;184,99;184,99;184,99;184,99;184,99;184,99;184,99;184,99
riskDamage-%-soc-custom-13;0,0000;0,4492;0,4617;0,5019;0,5019;0,5421;0,3929;0,4167;0,4167;0,4167;0,4346;0,4346;0,3883;0,3883;0,3883;0,3883;0,3883;0,3883;0,3883;0,3883;0,3883;0,3883;0,3883;0,3883;0,3883;0,3883;0,3883;0,3883;0,3883;0,3883;0,3883;0,3883;0,3883;0,3883;0,3883;0,3883;0,3883;0,3883
riskDamage-soc-custom-10;0,00;285,71;285,71;285,71;285,71;285,71;207,06;207,06;207,06;207,06;207,06;207,06;184,99;184,99;184,99;184,99;184,99;184,99;184,99;184,99;184,99;184,99;184,99;184,99;184,99;184,99;184,99;184,99;184,99;184,99;184,99;184,99;184,99;184,99;184,99;184,99;184,99;184,99
riskDamage-%-soc-custom-10;0,0000;0,4492;0,4617;0,5019;0,5019;0,5421;0,3929;0,4167;0,4167;0,4167;0,4346;0,4346;0,3883;0,3883;0,3883;0,3883;0,3883;0,3883;0,3883;0,3883;0,3883;0,3883;0,3883;0,3883;0,3883;0,3883;0,3883;0,3883;0,3883;0,3883;0,3883;0,3883;0,3883;0,3883;0,3883;0,3883;0,3883;0,3883
riskDamage-soc-custom-11;0,00;285,71;285,71;285,71;285,71;285,71;285,71;285,71;285,71;285,71;285,71;285,71;285,71;285,71;285,71;285,71;285,71;285,71;285,71;285,71;285,71;285,71;285,71;285,71;285,71;285,71;285,71;285,71;285,71;285,71;285,71;285,71;285,71;285,71;285,71;285,71;285,71;285,71
riskDamage-%-soc-custom-11;0,0000;0,4492;0,4617;0,5019;0,5019;0,5421;0,5421;0,5749;0,5749;0,5749;0,5997;0,5997;0,5997;0,5997;0,5997;0,5997;0,5997;0,5997;0,5997;0,5997;0,5997;0,5997;0,5997;0,5997;0,5997;0,5997;0,5997;0,5997;0,5997;0,5997;0,5997;0,5997;0,5997;0,5997;0,5997;0,5997;0,5997;0,5997
riskDamage-soc-custom-27;0,00;285,71;285,71;285,71;285,71;285,71;285,71;285,71;285,71;285,71;285,71;285,71;285,71;285,71;285,71;285,71;285,71;285,71;285,71;285,71;285,71;285,71;285,71;285,71;285,71;285,71;285,71;285,71;285,71;285,71;285,71;285,71;285,71;285,71;285,71;285,71;285,71;285,71
riskDamage-%-soc-custom-27;0,0000;0,4492;0,4617;0,5019;0,5019;0,5421;0,5421;0,5749;0,5749;0,5749;0,5997;0,5997;0,5997;0,5997;0,5997;0,5997;0,5997;0,5997;0,5997;0,5997;0,5997;0,5997;0,5997;0,5997;0,5997;0,5997;0,5997;0,5997;0,5997;0,5997;0,5997;0,5997;0,5997;0,5997;0,5997;0,5997;0,5997;0,5997
riskDamage-soc-custom-28;0,00;285,71;285,71;285,71;285,71;285,71;207,06;207,06;207,06;207,06;207,06;207,06;184,99;184,99;184,99;184,99;184,99;184,99;184,99;184,99;184,99;184,99;184,99;184,99;184,99;184,99;184,99;184,99;184,99;184,99;184,99;184,99;184,99;184,99;184,99;184,99;184,99;184,99
riskDamage-%-soc-custom-28;0,0000;0,4492;0,4617;0,5019;0,5019;0,5421;0,3929;0,4167;0,4167;0,4167;0,4346;0,4346;0,3883;0,3883;0,3883;0,3883;0,3883;0,3883;0,3883;0,3883;0,3883;0,3883;0,3883;0,3883;0,3883;0,3883;0,3883;0,3883;0,3883;0,3883;0,3883;0,3883;0,3883;0,3883;0,3883;0,3883;0,3883;0,3883
riskDamage-soc-custom-25;0,00;285,71;285,71;285,71;285,71;285,71;285,71;285,71;285,71;285,71;285,71;285,71;285,71;285,71;285,71;285,71;285,71;285,71;285,71;285,71;285,71;285,71;285,71;285,71;285,71;285,71;285,71;285,71;285,71;285,71;285,71;285,71;285,71;285,71;285,71;285,71;285,71;285,71
riskDamage-%-soc-custom-25;0,0000;0,4492;0,4617;0,5019;0,5019;0,5421;0,5421;0,5749;0,5749;0,5749;0,5997;0,5997;0,5997;0,5997;0,5997;0,5997;0,5997;0,5997;0,5997;0,5997;0,5997;0,5997;0,5997;0,5997;0,5997;0,5997;0,5997;0,5997;0,5997;0,5997;0,5997;0,5997;0,5997;0,5997;0,5997;0,5997;0,5997;0,5997
riskDamage-soc-custom-26;0,00;285,71;285,71;285,71;285,71;285,71;207,06;207,06;207,06;207,06;207,06;207,06;184,99;184,99;184,99;184,99;184,99;184,99;184,99;184,99;184,99;184,99;184,99;184,99;184,99;184,99;184,99;184,99;184,99;184,99;184,99;184,99;184,99;184,99;184,99;184,99;184,99;184,99
riskDamage-%-soc-custom-26;0,0000;0,4492;0,4617;0,5019;0,5019;0,5421;0,3929;0,4167;0,4167;0,4167;0,4346;0,4346;0,3883;0,3883;0,3883;0,3883;0,3883;0,3883;0,3883;0,3883;0,3883;0,3883;0,3883;0,3883;0,3883;0,3883;0,3883;0,3883;0,3883;0,3883;0,3883;0,3883;0,3883;0,3883;0,3883;0,3883;0,3883;0,3883
riskDamage-soc-custom-29;0,00;285,71;285,71;285,71;285,71;285,71;207,06;207,06;207,06;207,06;207,06;207,06;184,99;184,99;184,99;184,99;184,99;184,99;184,99;184,99;184,99;184,99;184,99;184,99;184,99;184,99;184,99;184,99;184,99;184,99;184,99;184,99;184,99;184,99;184,99;184,99;184,99;184,99
riskDamage-%-soc-custom-29;0,0000;0,4492;0,4617;0,5019;0,5019;0,5421;0,3929;0,4167;0,4167;0,4167;0,4346;0,4346;0,3883;0,3883;0,3883;0,3883;0,3883;0,3883;0,3883;0,3883;0,3883;0,3883;0,3883;0,3883;0,3883;0,3883;0,3883;0,3883;0,3883;0,3883;0,3883;0,3883;0,3883;0,3883;0,3883;0,3883;0,3883;0,3883
riskDamage-soc-custom-20;0,00;285,71;285,71;285,71;285,71;285,71;285,71;285,71;285,71;285,71;285,71;285,71;285,71;285,71;285,71;285,71;285,71;285,71;285,71;285,71;285,71;285,71;285,71;285,71;285,71;285,71;285,71;285,71;285,71;285,71;285,71;285,71;285,71;285,71;285,71;285,71;285,71;285,71
riskDamage-%-soc-custom-20;0,0000;0,4492;0,4617;0,5019;0,5019;0,5421;0,5421;0,5749;0,5749;0,5749;0,5997;0,5997;0,5997;0,5997;0,5997;0,5997;0,5997;0,5997;0,5997;0,5997;0,5997;0,5997;0,5997;0,5997;0,5997;0,5997;0,5997;0,5997;0,5997;0,5997;0,5997;0,5997;0,5997;0,5997;0,5997;0,5997;0,5997;0,5997
riskDamage-soc-light;0,00;285,71;285,71;285,71;285,71;285,71;285,71;285,71;285,71;285,71;285,71;285,71;285,71;285,71;285,71;285,71;285,71;285,71;285,71;285,71;285,71;285,71;285,71;285,71;285,71;285,71;285,71;285,71;285,71;285,71;285,71;285,71;285,71;285,71;285,71;285,71;285,71;285,71
riskDamage-%-soc-light;0,0000;0,4492;0,4617;0,5019;0,5019;0,5421;0,5421;0,5749;0,5749;0,5749;0,5997;0,5997;0,5997;0,5997;0,5997;0,5997;0,5997;0,5997;0,5997;0,5997;0,5997;0,5997;0,5997;0,5997;0,5997;0,5997;0,5997;0,5997;0,5997;0,5997;0,5997;0,5997;0,5997;0,5997;0,5997;0,5997;0,5997;0,5997
riskDamage-soc-custom-23;0,00;285,71;285,71;285,71;285,71;285,71;207,06;207,06;207,06;207,06;207,06;207,06;184,99;184,99;184,99;184,99;184,99;184,99;184,99;184,99;184,99;184,99;184,99;184,99;184,99;184,99;184,99;184,99;184,99;184,99;184,99;184,99;184,99;184,99;184,99;184,99;184,99;184,99
riskDamage-%-soc-custom-23;0,0000;0,4492;0,4617;0,5019;0,5019;0,5421;0,3929;0,4167;0,4167;0,4167;0,4346;0,4346;0,3883;0,3883;0,3883;0,3883;0,3883;0,3883;0,3883;0,3883;0,3883;0,3883;0,3883;0,3883;0,3883;0,3883;0,3883;0,3883;0,3883;0,3883;0,3883;0,3883;0,3883;0,3883;0,3883;0,3883;0,3883;0,3883
riskDamage-soc-custom-24;0,00;285,71;285,71;285,71;285,71;285,71;207,06;207,06;207,06;207,06;207,06;207,06;184,99;184,99;184,99;184,99;184,99;184,99;184,99;184,99;184,99;184,99;184,99;184,99;184,99;184,99;184,99;184,99;184,99;184,99;184,99;184,99;184,99;184,99;184,99;184,99;184,99;184,99
riskDamage-%-soc-custom-24;0,0000;0,4492;0,4617;0,5019;0,5019;0,5421;0,3929;0,4167;0,4167;0,4167;0,4346;0,4346;0,3883;0,3883;0,3883;0,3883;0,3883;0,3883;0,3883;0,3883;0,3883;0,3883;0,3883;0,3883;0,3883;0,3883;0,3883;0,3883;0,3883;0,3883;0,3883;0,3883;0,3883;0,3883;0,3883;0,3883;0,3883;0,3883
riskDamage-soc-custom-21;0,00;285,71;285,71;285,71;285,71;285,71;285,71;285,71;285,71;285,71;285,71;285,71;285,71;285,71;285,71;285,71;285,71;285,71;285,71;285,71;285,71;285,71;285,71;285,71;285,71;285,71;285,71;285,71;285,71;285,71;285,71;285,71;285,71;285,71;285,71;285,71;285,71;285,71
riskDamage-%-soc-custom-21;0,0000;0,4492;0,4617;0,5019;0,5019;0,5421;0,5421;0,5749;0,5749;0,5749;0,5997;0,5997;0,5997;0,5997;0,5997;0,5997;0,5997;0,5997;0,5997;0,5997;0,5997;0,5997;0,5997;0,5997;0,5997;0,5997;0,5997;0,5997;0,5997;0,5997;0,5997;0,5997;0,5997;0,5997;0,5997;0,5997;0,5997;0,5997
riskDamage-soc-custom-22;0,00;285,71;285,71;285,71;285,71;285,71;207,06;207,06;207,06;207,06;207,06;207,06;184,99;184,99;184,99;184,99;184,99;184,99;184,99;184,99;184,99;184,99;184,99;184,99;184,99;184,99;184,99;184,99;184,99;184,99;184,99;184,99;184,99;184,99;184,99;184,99;184,99;184,99
riskDamage-%-soc-custom-22;0,0000;0,4492;0,4617;0,5019;0,5019;0,5421;0,3929;0,4167;0,4167;0,4167;0,4346;0,4346;0,3883;0,3883;0,3883;0,3883;0,3883;0,3883;0,3883;0,3883;0,3883;0,3883;0,3883;0,3883;0,3883;0,3883;0,3883;0,3883;0,3883;0,3883;0,3883;0,3883;0,3883;0,3883;0,3883;0,3883;0,3883;0,3883
riskDamage-soc-motion;0,00;285,68;285,68;285,68;285,68;285,68;207,04;207,04;207,04;207,04;207,04;207,04;184,97;184,97;184,97;184,97;184,97;184,97;184,97;184,97;184,97;184,97;184,97;184,97;184,97;184,97;184,97;184,97;184,97;184,97;184,97;184,97;184,97;184,97;184,97;184,97;184,97;184,97
riskDamage-%-soc-motion;0,0000;0,4492;0,4617;0,5018;0,5018;0,5421;0,3928;0,4166;0,4166;0,4166;0,4346;0,4346;0,3883;0,3883;0,3883;0,3883;0,3883;0,3883;0,3883;0,3883;0,3883;0,3883;0,3883;0,3883;0,3883;0,3883;0,3883;0,3883;0,3883;0,3883;0,3883;0,3883;0,3883;0,3883;0,3883;0,3883;0,3883;0,3883
riskDamage-soc-humidity;0,00;285,68;285,68;285,68;285,68;285,68;207,04;207,04;207,04;207,04;207,04;207,04;184,97;184,97;184,97;184,97;184,97;184,97;184,97;184,97;184,97;184,97;184,97;184,97;184,97;184,97;184,97;184,97;184,97;184,97;184,97;184,97;184,97;184,97;184,97;184,97;184,97;184,97
riskDamage-%-soc-humidity;0,0000;0,4492;0,4617;0,5018;0,5018;0,5421;0,3928;0,4166;0,4166;0,4166;0,4346;0,4346;0,3883;0,3883;0,3883;0,3883;0,3883;0,3883;0,3883;0,3883;0,3883;0,3883;0,3883;0,3883;0,3883;0,3883;0,3883;0,3883;0,3883;0,3883;0,3883;0,3883;0,3883;0,3883;0,3883;0,3883;0,3883;0,3883
riskDamage-server;3,98;3,98;3,98;3,98;3,98;3,98;3,97;3,97;3,97;3,97;3,97;3,97;3,98;3,98;3,98;3,98;3,98;3,98;3,98;3,98;3,98;3,98;3,98;3,98;3,98;3,98;3,98;3,98;3,98;3,98;3,98;3,98;3,98;3,98;3,98;3,98;3,98;3,98
riskDamage-%-server;0,0063;0,0063;0,0064;0,0070;0,0070;0,0076;0,0075;0,0080;0,0080;0,0080;0,0083;0,0083;0,0084;0,0084;0,0084;0,0084;0,0084;0,0084;0,0084;0,0084;0,0084;0,0084;0,0084;0,0084;0,0084;0,0084;0,0084;0,0084;0,0084;0,0084;0,0084;0,0084;0,0084;0,0084;0,0084;0,0084;0,0084;0,0084
riskDamage-soc-smoke;0,00;285,71;285,71;285,71;285,71;285,71;285,71;285,71;285,71;285,71;285,71;285,71;285,71;285,71;285,71;285,71;285,71;285,71;285,71;285,71;285,71;285,71;285,71;285,71;285,71;285,71;285,71;285,71;285,71;285,71;285,71;285,71;285,71;285,71;285,71;285,71;285,71;285,71
riskDamage-%-soc-smoke;0,0000;0,4492;0,4617;0,5019;0,5019;0,5421;0,5421;0,5749;0,5749;0,5749;0,5997;0,5997;0,5997;0,5997;0,5997;0,5997;0,5997;0,5997;0,5997;0,5997;0,5997;0,5997;0,5997;0,5997;0,5997;0,5997;0,5997;0,5997;0,5997;0,5997;0,5997;0,5997;0,5997;0,5997;0,5997;0,5997;0,5997;0,5997
riskDamage-soc-temperature;0,00;285,71;285,71;285,71;285,71;285,71;207,06;207,06;207,06;207,06;207,06;207,06;184,99;184,99;184,99;184,99;184,99;184,99;184,99;184,99;184,99;184,99;184,99;184,99;184,99;184,99;184,99;184,99;184,99;184,99;184,99;184,99;184,99;184,99;184,99;184,99;184,99;184,99
riskDamage-%-soc-temperature;0,0000;0,4492;0,4617;0,5019;0,5019;0,5421;0,3929;0,4167;0,4167;0,4167;0,4346;0,4346;0,3883;0,3883;0,3883;0,3883;0,3883;0,3883;0,3883;0,3883;0,3883;0,3883;0,3883;0,3883;0,3883;0,3883;0,3883;0,3883;0,3883;0,3883;0,3883;0,3883;0,3883;0,3883;0,3883;0,3883;0,3883;0,3883
riskDamage-soc-custom-50;0,00;285,71;285,71;285,71;285,71;285,71;207,06;207,06;207,06;207,06;207,06;207,06;184,99;184,99;184,99;184,99;184,99;184,99;184,99;184,99;184,99;184,99;184,99;184,99;184,99;184,99;184,99;184,99;184,99;184,99;184,99;184,99;184,99;184,99;184,99;184,99;184,99;184,99
riskDamage-%-soc-custom-50;0,0000;0,4492;0,4617;0,5019;0,5019;0,5421;0,3929;0,4167;0,4167;0,4167;0,4346;0,4346;0,3883;0,3883;0,3883;0,3883;0,3883;0,3883;0,3883;0,3883;0,3883;0,3883;0,3883;0,3883;0,3883;0,3883;0,3883;0,3883;0,3883;0,3883;0,3883;0,3883;0,3883;0,3883;0,3883;0,3883;0,3883;0,3883
riskDamage-iot-controller;79,64;316,50;316,50;316,50;316,50;316,50;316,50;316,50;316,50;316,50;316,50;316,50;316,50;316,50;316,50;316,50;316,50;316,50;316,50;316,50;316,50;316,50;316,50;316,50;316,50;316,50;316,50;316,50;316,50;316,50;316,50;316,50;316,50;316,50;316,50;316,50;316,50;316,50
riskDamage-%-iot-controller;0,1252;0,4976;0,5115;0,5560;0,5560;0,6005;0,6005;0,6369;0,6369;0,6369;0,6644;0,6644;0,6644;0,6644;0,6644;0,6644;0,6644;0,6644;0,6644;0,6644;0,6644;0,6644;0,6644;0,6644;0,6644;0,6644;0,6644;0,6644;0,6644;0,6644;0,6644;0,6644;0,6644;0,6644;0,6644;0,6644;0,6644;0,6644
riskDamage-soc-custom-38;0,00;285,71;285,71;285,71;285,71;285,71;285,71;285,71;285,71;285,71;285,71;285,71;285,71;285,71;285,71;285,71;285,71;285,71;285,71;285,71;285,71;285,71;285,71;285,71;285,71;285,71;285,71;285,71;285,71;285,71;285,71;285,71;285,71;285,71;285,71;285,71;285,71;285,71
riskDamage-%-soc-custom-38;0,0000;0,4492;0,4617;0,5019;0,5019;0,5421;0,5421;0,5749;0,5749;0,5749;0,5997;0,5997;0,5997;0,5997;0,5997;0,5997;0,5997;0,5997;0,5997;0,5997;0,5997;0,5997;0,5997;0,5997;0,5997;0,5997;0,5997;0,5997;0,5997;0,5997;0,5997;0,5997;0,5997;0,5997;0,5997;0,5997;0,5997;0,5997
riskDamage-soc-custom-39;0,00;285,71;285,71;285,71;285,71;285,71;207,06;207,06;207,06;207,06;207,06;207,06;184,99;184,99;184,99;184,99;184,99;184,99;184,99;184,99;184,99;184,99;184,99;184,99;184,99;184,99;184,99;184,99;184,99;184,99;184,99;184,99;184,99;184,99;184,99;184,99;184,99;184,99
riskDamage-%-soc-custom-39;0,0000;0,4492;0,4617;0,5019;0,5019;0,5421;0,3929;0,4167;0,4167;0,4167;0,4346;0,4346;0,3883;0,3883;0,3883;0,3883;0,3883;0,3883;0,3883;0,3883;0,3883;0,3883;0,3883;0,3883;0,3883;0,3883;0,3883;0,3883;0,3883;0,3883;0,3883;0,3883;0,3883;0,3883;0,3883;0,3883;0,3883;0,3883
riskDamage-soc-custom-36;0,00;285,71;285,71;285,71;285,71;285,71;285,71;285,71;285,71;285,71;285,71;285,71;285,71;285,71;285,71;285,71;285,71;285,71;285,71;285,71;285,71;285,71;285,71;285,71;285,71;285,71;285,71;285,71;285,71;285,71;285,71;285,71;285,71;285,71;285,71;285,71;285,71;285,71
riskDamage-%-soc-custom-36;0,0000;0,4492;0,4617;0,5019;0,5019;0,5421;0,5421;0,5749;0,5749;0,5749;0,5997;0,5997;0,5997;0,5997;0,5997;0,5997;0,5997;0,5997;0,5997;0,5997;0,5997;0,5997;0,5997;0,5997;0,5997;0,5997;0,5997;0,5997;0,5997;0,5997;0,5997;0,5997;0,5997;0,5997;0,5997;0,5997;0,5997;0,5997
riskDamage-soc-custom-37;0,00;285,71;285,71;285,71;285,71;285,71;207,06;207,06;207,06;207,06;207,06;207,06;184,99;184,99;184,99;184,99;184,99;184,99;184,99;184,99;184,99;184,99;184,99;184,99;184,99;184,99;184,99;184,99;184,99;184,99;184,99;184,99;184,99;184,99;184,99;184,99;184,99;184,99
riskDamage-%-soc-custom-37;0,0000;0,4492;0,4617;0,5019;0,5019;0,5421;0,3929;0,4167;0,4167;0,4167;0,4346;0,4346;0,3883;0,3883;0,3883;0,3883;0,3883;0,3883;0,3883;0,3883;0,3883;0,3883;0,3883;0,3883;0,3883;0,3883;0,3883;0,3883;0,3883;0,3883;0,3883;0,3883;0,3883;0,3883;0,3883;0,3883;0,3883;0,3883
riskDamage-soc-custom-30;0,00;285,71;285,71;285,71;285,71;285,71;207,06;207,06;207,06;207,06;207,06;207,06;184,99;184,99;184,99;184,99;184,99;184,99;184,99;184,99;184,99;184,99;184,99;184,99;184,99;184,99;184,99;184,99;184,99;184,99;184,99;184,99;184,99;184,99;184,99;184,99;184,99;184,99
riskDamage-%-soc-custom-30;0,0000;0,4492;0,4617;0,5019;0,5019;0,5421;0,3929;0,4167;0,4167;0,4167;0,4346;0,4346;0,3883;0,3883;0,3883;0,3883;0,3883;0,3883;0,3883;0,3883;0,3883;0,3883;0,3883;0,3883;0,3883;0,3883;0,3883;0,3883;0,3883;0,3883;0,3883;0,3883;0,3883;0,3883;0,3883;0,3883;0,3883;0,3883
riskDamage-soc-custom-31;0,00;285,71;285,71;285,71;285,71;285,71;285,71;285,71;285,71;285,71;285,71;285,71;285,71;285,71;285,71;285,71;285,71;285,71;285,71;285,71;285,71;285,71;285,71;285,71;285,71;285,71;285,71;285,71;285,71;285,71;285,71;285,71;285,71;285,71;285,71;285,71;285,71;285,71
riskDamage-%-soc-custom-31;0,0000;0,4492;0,4617;0,5019;0,5019;0,5421;0,5421;0,5749;0,5749;0,5749;0,5997;0,5997;0,5997;0,5997;0,5997;0,5997;0,5997;0,5997;0,5997;0,5997;0,5997;0,5997;0,5997;0,5997;0,5997;0,5997;0,5997;0,5997;0,5997;0,5997;0,5997;0,5997;0,5997;0,5997;0,5997;0,5997;0,5997;0,5997
riskDamage-soc-custom-34;0,00;285,71;285,71;285,71;285,71;285,71;207,06;207,06;207,06;207,06;207,06;207,06;184,99;184,99;184,99;184,99;184,99;184,99;184,99;184,99;184,99;184,99;184,99;184,99;184,99;184,99;184,99;184,99;184,99;184,99;184,99;184,99;184,99;184,99;184,99;184,99;184,99;184,99
riskDamage-%-soc-custom-34;0,0000;0,4492;0,4617;0,5019;0,5019;0,5421;0,3929;0,4167;0,4167;0,4167;0,4346;0,4346;0,3883;0,3883;0,3883;0,3883;0,3883;0,3883;0,3883;0,3883;0,3883;0,3883;0,3883;0,3883;0,3883;0,3883;0,3883;0,3883;0,3883;0,3883;0,3883;0,3883;0,3883;0,3883;0,3883;0,3883;0,3883;0,3883
riskDamage-soc-custom-35;0,00;285,71;285,71;285,71;285,71;285,71;285,71;285,71;285,71;285,71;285,71;285,71;285,71;285,71;285,71;285,71;285,71;285,71;285,71;285,71;285,71;285,71;285,71;285,71;285,71;285,71;285,71;285,71;285,71;285,71;285,71;285,71;285,71;285,71;285,71;285,71;285,71;285,71
riskDamage-%-soc-custom-35;0,0000;0,4492;0,4617;0,5019;0,5019;0,5421;0,5421;0,5749;0,5749;0,5749;0,5997;0,5997;0,5997;0,5997;0,5997;0,5997;0,5997;0,5997;0,5997;0,5997;0,5997;0,5997;0,5997;0,5997;0,5997;0,5997;0,5997;0,5997;0,5997;0,5997;0,5997;0,5997;0,5997;0,5997;0,5997;0,5997;0,5997;0,5997
riskDamage-soc-custom-32;0,00;285,71;285,71;285,71;285,71;285,71;285,71;285,71;285,71;285,71;285,71;285,71;285,71;285,71;285,71;285,71;285,71;285,71;285,71;285,71;285,71;285,71;285,71;285,71;285,71;285,71;285,71;285,71;285,71;285,71;285,71;285,71;285,71;285,71;285,71;285,71;285,71;285,71
riskDamage-%-soc-custom-32;0,0000;0,4492;0,4617;0,5019;0,5019;0,5421;0,5421;0,5749;0,5749;0,5749;0,5997;0,5997;0,5997;0,5997;0,5997;0,5997;0,5997;0,5997;0,5997;0,5997;0,5997;0,5997;0,5997;0,5997;0,5997;0,5997;0,5997;0,5997;0,5997;0,5997;0,5997;0,5997;0,5997;0,5997;0,5997;0,5997;0,5997;0,5997
riskDamage-soc-custom-33;0,00;285,71;285,71;285,71;285,71;285,71;285,71;285,71;285,71;285,71;285,71;285,71;285,71;285,71;285,71;285,71;285,71;285,71;285,71;285,71;285,71;285,71;285,71;285,71;285,71;285,71;285,71;285,71;285,71;285,71;285,71;285,71;285,71;285,71;285,71;285,71;285,71;285,71
riskDamage-%-soc-custom-33;0,0000;0,4492;0,4617;0,5019;0,5019;0,5421;0,5421;0,5749;0,5749;0,5749;0,5997;0,5997;0,5997;0,5997;0,5997;0,5997;0,5997;0,5997;0,5997;0,5997;0,5997;0,5997;0,5997;0,5997;0,5997;0,5997;0,5997;0,5997;0,5997;0,5997;0,5997;0,5997;0,5997;0,5997;0,5997;0,5997;0,5997;0,5997
riskDamage-soc-door-lock;0,00;282,60;282,60;282,60;282,60;282,60;206,50;184,99;184,99;184,99;184,99;184,99;184,99;184,99;184,99;184,99;184,99;184,99;184,99;184,99;184,99;184,99;184,99;184,99;184,99;184,99;184,99;184,99;184,99;184,99;184,99;184,99;184,99;184,99;184,99;184,99;184,99;184,99
riskDamage-%-soc-door-lock;0,0000;0,4443;0,4567;0,4964;0,4964;0,5362;0,3918;0,3723;0,3723;0,3723;0,3883;0,3883;0,3883;0,3883;0,3883;0,3883;0,3883;0,3883;0,3883;0,3883;0,3883;0,3883;0,3883;0,3883;0,3883;0,3883;0,3883;0,3883;0,3883;0,3883;0,3883;0,3883;0,3883;0,3883;0,3883;0,3883;0,3883;0,3883
riskDamage-soc-gate;23,89;282,60;207,06;207,06;207,06;207,06;207,06;207,06;207,06;207,06;207,06;207,06;207,06;207,06;207,06;207,06;207,06;207,06;207,06;207,06;207,06;207,06;207,06;207,06;207,06;207,06;207,06;207,06;207,06;207,06;207,06;207,06;207,06;207,06;207,06;207,06;207,06;207,06
riskDamage-%-soc-gate;0,0376;0,4443;0,3346;0,3637;0,3637;0,3929;0,3929;0,4167;0,4167;0,4167;0,4346;0,4346;0,4346;0,4346;0,4346;0,4346;0,4346;0,4346;0,4346;0,4346;0,4346;0,4346;0,4346;0,4346;0,4346;0,4346;0,4346;0,4346;0,4346;0,4346;0,4346;0,4346;0,4346;0,4346;0,4346;0,4346;0,4346;0,4346
riskDamage-soc-custom-49;0,00;285,71;285,71;285,71;285,71;285,71;285,71;285,71;285,71;285,71;285,71;285,71;285,71;285,71;285,71;285,71;285,71;285,71;285,71;285,71;285,71;285,71;285,71;285,71;285,71;285,71;285,71;285,71;285,71;285,71;285,71;285,71;285,71;285,71;285,71;285,71;285,71;285,71
riskDamage-%-soc-custom-49;0,0000;0,4492;0,4617;0,5019;0,5019;0,5421;0,5421;0,5749;0,5749;0,5749;0,5997;0,5997;0,5997;0,5997;0,5997;0,5997;0,5997;0,5997;0,5997;0,5997;0,5997;0,5997;0,5997;0,5997;0,5997;0,5997;0,5997;0,5997;0,5997;0,5997;0,5997;0,5997;0,5997;0,5997;0,5997;0,5997;0,5997;0,5997
riskDamage-soc-custom-47;0,00;285,71;285,71;285,71;285,71;285,71;207,06;207,06;207,06;207,06;207,06;207,06;184,99;184,99;184,99;184,99;184,99;184,99;184,99;184,99;184,99;184,99;184,99;184,99;184,99;184,99;184,99;184,99;184,99;184,99;184,99;184,99;184,99;184,99;184,99;184,99;184,99;184,99
riskDamage-%-soc-custom-47;0,0000;0,4492;0,4617;0,5019;0,5019;0,5421;0,3929;0,4167;0,4167;0,4167;0,4346;0,4346;0,3883;0,3883;0,3883;0,3883;0,3883;0,3883;0,3883;0,3883;0,3883;0,3883;0,3883;0,3883;0,3883;0,3883;0,3883;0,3883;0,3883;0,3883;0,3883;0,3883;0,3883;0,3883;0,3883;0,3883;0,3883;0,3883
riskDamage-soc-custom-48;0,00;285,71;285,71;285,71;285,71;285,71;207,06;207,06;207,06;207,06;207,06;207,06;184,99;184,99;184,99;184,99;184,99;184,99;184,99;184,99;184,99;184,99;184,99;184,99;184,99;184,99;184,99;184,99;184,99;184,99;184,99;184,99;184,99;184,99;184,99;184,99;184,99;184,99
riskDamage-%-soc-custom-48;0,0000;0,4492;0,4617;0,5019;0,5019;0,5421;0,3929;0,4167;0,4167;0,4167;0,4346;0,4346;0,3883;0,3883;0,3883;0,3883;0,3883;0,3883;0,3883;0,3883;0,3883;0,3883;0,3883;0,3883;0,3883;0,3883;0,3883;0,3883;0,3883;0,3883;0,3883;0,3883;0,3883;0,3883;0,3883;0,3883;0,3883;0,3883
riskDamage-desktop;0,00;126,78;126,78;126,78;126,78;126,78;207,06;207,06;207,06;207,06;207,06;207,06;184,99;184,99;184,99;184,99;184,99;184,99;184,99;184,99;184,99;184,99;184,99;184,99;184,99;184,99;184,99;184,99;184,99;184,99;184,99;184,99;184,99;184,99;184,99;184,99;184,99;184,99
riskDamage-%-desktop;0,0000;0,1993;0,2049;0,2227;0,2227;0,2406;0,3929;0,4167;0,4167;0,4167;0,4346;0,4346;0,3883;0,3883;0,3883;0,3883;0,3883;0,3883;0,3883;0,3883;0,3883;0,3883;0,3883;0,3883;0,3883;0,3883;0,3883;0,3883;0,3883;0,3883;0,3883;0,3883;0,3883;0,3883;0,3883;0,3883;0,3883;0,3883
riskDamage-soc-custom-5;0,00;285,71;285,71;285,71;285,71;285,71;207,06;207,06;207,06;207,06;207,06;207,06;184,99;184,99;184,99;184,99;184,99;184,99;184,99;184,99;184,99;184,99;184,99;184,99;184,99;184,99;184,99;184,99;184,99;184,99;184,99;184,99;184,99;184,99;184,99;184,99;184,99;184,99
riskDamage-%-soc-custom-5;0,0000;0,4492;0,4617;0,5019;0,5019;0,5421;0,3929;0,4167;0,4167;0,4167;0,4346;0,4346;0,3883;0,3883;0,3883;0,3883;0,3883;0,3883;0,3883;0,3883;0,3883;0,3883;0,3883;0,3883;0,3883;0,3883;0,3883;0,3883;0,3883;0,3883;0,3883;0,3883;0,3883;0,3883;0,3883;0,3883;0,3883;0,3883
riskDamage-soc-custom-41;0,00;285,71;285,71;285,71;285,71;285,71;285,71;285,71;285,71;285,71;285,71;285,71;285,71;285,71;285,71;285,71;285,71;285,71;285,71;285,71;285,71;285,71;285,71;285,71;285,71;285,71;285,71;285,71;285,71;285,71;285,71;285,71;285,71;285,71;285,71;285,71;285,71;285,71
riskDamage-%-soc-custom-41;0,0000;0,4492;0,4617;0,5019;0,5019;0,5421;0,5421;0,5749;0,5749;0,5749;0,5997;0,5997;0,5997;0,5997;0,5997;0,5997;0,5997;0,5997;0,5997;0,5997;0,5997;0,5997;0,5997;0,5997;0,5997;0,5997;0,5997;0,5997;0,5997;0,5997;0,5997;0,5997;0,5997;0,5997;0,5997;0,5997;0,5997;0,5997
riskDamage-soc-custom-42;0,00;285,71;285,71;285,71;285,71;285,71;207,06;207,06;207,06;207,06;207,06;207,06;184,99;184,99;184,99;184,99;184,99;184,99;184,99;184,99;184,99;184,99;184,99;184,99;184,99;184,99;184,99;184,99;184,99;184,99;184,99;184,99;184,99;184,99;184,99;184,99;184,99;184,99
riskDamage-%-soc-custom-42;0,0000;0,4492;0,4617;0,5019;0,5019;0,5421;0,3929;0,4167;0,4167;0,4167;0,4346;0,4346;0,3883;0,3883;0,3883;0,3883;0,3883;0,3883;0,3883;0,3883;0,3883;0,3883;0,3883;0,3883;0,3883;0,3883;0,3883;0,3883;0,3883;0,3883;0,3883;0,3883;0,3883;0,3883;0,3883;0,3883;0,3883;0,3883
riskDamage-soc-custom-6;0,00;285,71;285,71;285,71;285,71;285,71;207,06;207,06;207,06;207,06;207,06;207,06;184,99;184,99;184,99;184,99;184,99;184,99;184,99;184,99;184,99;184,99;184,99;184,99;184,99;184,99;184,99;184,99;184,99;184,99;184,99;184,99;184,99;184,99;184,99;184,99;184,99;184,99
riskDamage-%-soc-custom-6;0,0000;0,4492;0,4617;0,5019;0,5019;0,5421;0,3929;0,4167;0,4167;0,4167;0,4346;0,4346;0,3883;0,3883;0,3883;0,3883;0,3883;0,3883;0,3883;0,3883;0,3883;0,3883;0,3883;0,3883;0,3883;0,3883;0,3883;0,3883;0,3883;0,3883;0,3883;0,3883;0,3883;0,3883;0,3883;0,3883;0,3883;0,3883
riskDamage-soc-custom-3;0,00;285,71;285,71;285,71;285,71;285,71;207,06;207,06;207,06;207,06;207,06;207,06;184,99;184,99;184,99;184,99;184,99;184,99;184,99;184,99;184,99;184,99;184,99;184,99;184,99;184,99;184,99;184,99;184,99;184,99;184,99;184,99;184,99;184,99;184,99;184,99;184,99;184,99
riskDamage-%-soc-custom-3;0,0000;0,4492;0,4617;0,5019;0,5019;0,5421;0,3929;0,4167;0,4167;0,4167;0,4346;0,4346;0,3883;0,3883;0,3883;0,3883;0,3883;0,3883;0,3883;0,3883;0,3883;0,3883;0,3883;0,3883;0,3883;0,3883;0,3883;0,3883;0,3883;0,3883;0,3883;0,3883;0,3883;0,3883;0,3883;0,3883;0,3883;0,3883
riskDamage-soc-custom-4;0,00;285,71;285,71;285,71;285,71;285,71;285,71;285,71;285,71;285,71;285,71;285,71;285,71;285,71;285,71;285,71;285,71;285,71;285,71;285,71;285,71;285,71;285,71;285,71;285,71;285,71;285,71;285,71;285,71;285,71;285,71;285,71;285,71;285,71;285,71;285,71;285,71;285,71
riskDamage-%-soc-custom-4;0,0000;0,4492;0,4617;0,5019;0,5019;0,5421;0,5421;0,5749;0,5749;0,5749;0,5997;0,5997;0,5997;0,5997;0,5997;0,5997;0,5997;0,5997;0,5997;0,5997;0,5997;0,5997;0,5997;0,5997;0,5997;0,5997;0,5997;0,5997;0,5997;0,5997;0,5997;0,5997;0,5997;0,5997;0,5997;0,5997;0,5997;0,5997
riskDamage-soc-custom-40;0,00;285,71;285,71;285,71;285,71;285,71;285,71;285,71;285,71;285,71;285,71;285,71;285,71;285,71;285,71;285,71;285,71;285,71;285,71;285,71;285,71;285,71;285,71;285,71;285,71;285,71;285,71;285,71;285,71;285,71;285,71;285,71;285,71;285,71;285,71;285,71;285,71;285,71
riskDamage-%-soc-custom-40;0,0000;0,4492;0,4617;0,5019;0,5019;0,5421;0,5421;0,5749;0,5749;0,5749;0,5997;0,5997;0,5997;0,5997;0,5997;0,5997;0,5997;0,5997;0,5997;0,5997;0,5997;0,5997;0,5997;0,5997;0,5997;0,5997;0,5997;0,5997;0,5997;0,5997;0,5997;0,5997;0,5997;0,5997;0,5997;0,5997;0,5997;0,5997
riskDamage-soc-custom-1;0,00;285,71;285,71;285,71;285,71;285,71;285,71;285,71;285,71;285,71;285,71;285,71;285,71;285,71;285,71;285,71;285,71;285,71;285,71;285,71;285,71;285,71;285,71;285,71;285,71;285,71;285,71;285,71;285,71;285,71;285,71;285,71;285,71;285,71;285,71;285,71;285,71;285,71
riskDamage-%-soc-custom-1;0,0000;0,4492;0,4617;0,5019;0,5019;0,5421;0,5421;0,5749;0,5749;0,5749;0,5997;0,5997;0,5997;0,5997;0,5997;0,5997;0,5997;0,5997;0,5997;0,5997;0,5997;0,5997;0,5997;0,5997;0,5997;0,5997;0,5997;0,5997;0,5997;0,5997;0,5997;0,5997;0,5997;0,5997;0,5997;0,5997;0,5997;0,5997
riskDamage-soc-custom-45;0,00;285,71;285,71;285,71;285,71;285,71;207,06;207,06;207,06;207,06;207,06;207,06;184,99;184,99;184,99;184,99;184,99;184,99;184,99;184,99;184,99;184,99;184,99;184,99;184,99;184,99;184,99;184,99;184,99;184,99;184,99;184,99;184,99;184,99;184,99;184,99;184,99;184,99
riskDamage-%-soc-custom-45;0,0000;0,4492;0,4617;0,5019;0,5019;0,5421;0,3929;0,4167;0,4167;0,4167;0,4346;0,4346;0,3883;0,3883;0,3883;0,3883;0,3883;0,3883;0,3883;0,3883;0,3883;0,3883;0,3883;0,3883;0,3883;0,3883;0,3883;0,3883;0,3883;0,3883;0,3883;0,3883;0,3883;0,3883;0,3883;0,3883;0,3883;0,3883
riskDamage-soc-custom-2;0,00;285,71;285,71;285,71;285,71;285,71;285,71;285,71;285,71;285,71;285,71;285,71;285,71;285,71;285,71;285,71;285,71;285,71;285,71;285,71;285,71;285,71;285,71;285,71;285,71;285,71;285,71;285,71;285,71;285,71;285,71;285,71;285,71;285,71;285,71;285,71;285,71;285,71
riskDamage-%-soc-custom-2;0,0000;0,4492;0,4617;0,5019;0,5019;0,5421;0,5421;0,5749;0,5749;0,5749;0,5997;0,5997;0,5997;0,5997;0,5997;0,5997;0,5997;0,5997;0,5997;0,5997;0,5997;0,5997;0,5997;0,5997;0,5997;0,5997;0,5997;0,5997;0,5997;0,5997;0,5997;0,5997;0,5997;0,5997;0,5997;0,5997;0,5997;0,5997
riskDamage-soc-custom-46;0,00;285,71;285,71;285,71;285,71;285,71;207,06;207,06;207,06;207,06;207,06;207,06;184,99;184,99;184,99;184,99;184,99;184,99;184,99;184,99;184,99;184,99;184,99;184,99;184,99;184,99;184,99;184,99;184,99;184,99;184,99;184,99;184,99;184,99;184,99;184,99;184,99;184,99
riskDamage-%-soc-custom-46;0,0000;0,4492;0,4617;0,5019;0,5019;0,5421;0,3929;0,4167;0,4167;0,4167;0,4346;0,4346;0,3883;0,3883;0,3883;0,3883;0,3883;0,3883;0,3883;0,3883;0,3883;0,3883;0,3883;0,3883;0,3883;0,3883;0,3883;0,3883;0,3883;0,3883;0,3883;0,3883;0,3883;0,3883;0,3883;0,3883;0,3883;0,3883
riskDamage-soc-custom-43;0,00;285,71;285,71;285,71;285,71;285,71;207,06;207,06;207,06;207,06;207,06;207,06;184,99;184,99;184,99;184,99;184,99;184,99;184,99;184,99;184,99;184,99;184,99;184,99;184,99;184,99;184,99;184,99;184,99;184,99;184,99;184,99;184,99;184,99;184,99;184,99;184,99;184,99
riskDamage-%-soc-custom-43;0,0000;0,4492;0,4617;0,5019;0,5019;0,5421;0,3929;0,4167;0,4167;0,4167;0,4346;0,4346;0,3883;0,3883;0,3883;0,3883;0,3883;0,3883;0,3883;0,3883;0,3883;0,3883;0,3883;0,3883;0,3883;0,3883;0,3883;0,3883;0,3883;0,3883;0,3883;0,3883;0,3883;0,3883;0,3883;0,3883;0,3883;0,3883
riskDamage-soc-custom-44;0,00;285,71;285,71;285,71;285,71;285,71;207,06;207,06;207,06;207,06;207,06;207,06;184,99;184,99;184,99;184,99;184,99;184,99;184,99;184,99;184,99;184,99;184,99;184,99;184,99;184,99;184,99;184,99;184,99;184,99;184,99;184,99;184,99;184,99;184,99;184,99;184,99;184,99
riskDamage-%-soc-custom-44;0,0000;0,4492;0,4617;0,5019;0,5019;0,5421;0,3929;0,4167;0,4167;0,4167;0,4346;0,4346;0,3883;0,3883;0,3883;0,3883;0,3883;0,3883;0,3883;0,3883;0,3883;0,3883;0,3883;0,3883;0,3883;0,3883;0,3883;0,3883;0,3883;0,3883;0,3883;0,3883;0,3883;0,3883;0,3883;0,3883;0,3883;0,3883
auctioning-time-global;0;20114;53140;53237;53237;53237;53237;53797;53886;53886;53886;53886;53886;54201;54201;54201;54201;54201;54201;54496;54496;54496;54496;54496;54496;54815;54815;54815;54815;54815;54815;55118;55118;55118;55118;55118;55118;55411
migrating-time-global;0;0;6004;8005;8005;18007;18007;22009;22009;22009;32010;32010;32010;32010;32010;32010;32010;32010;32010;32010;32010;32010;32010;32010;32010;32010;32010;32010;32010;32010;32010;32010;32010;32010;32010;32010;32010;32010
auctioning-time-printer;0;0;0;0;0;0;0;0;0;0;0;0;0;0;0;0;0;0;0;0;0;0;0;0;0;0;0;0;0;0;0;0;0;0;0;0;0;0
migrating-time-printer;0;0;0;0;0;0;0;0;0;0;0;0;0;0;0;0;0;0;0;0;0;0;0;0;0;0;0;0;0;0;0;0;0;0;0;0;0;0
auctioning-time-soc-custom-9;0;0;0;0;0;0;0;0;0;0;0;0;0;0;0;0;0;0;0;0;0;0;0;0;0;0;0;0;0;0;0;0;0;0;0;0;0;0
migrating-time-soc-custom-9;0;0;0;0;0;0;0;0;0;0;0;0;0;0;0;0;0;0;0;0;0;0;0;0;0;0;0;0;0;0;0;0;0;0;0;0;0;0
auctioning-time-soc-custom-7;0;849;849;849;849;849;849;849;849;849;849;849;849;849;849;849;849;849;849;849;849;849;849;849;849;849;849;849;849;849;849;849;849;849;849;849;849;849
migrating-time-soc-custom-7;0;0;0;0;0;0;0;0;0;0;0;0;0;0;0;0;0;0;0;0;0;0;0;0;0;0;0;0;0;0;0;0;0;0;0;0;0;0
auctioning-time-soc-custom-8;0;1598;1598;1598;1598;1598;1598;1598;1598;1598;1598;1598;1598;1598;1598;1598;1598;1598;1598;1598;1598;1598;1598;1598;1598;1598;1598;1598;1598;1598;1598;1598;1598;1598;1598;1598;1598;1598
migrating-time-soc-custom-8;0;0;0;0;0;0;0;0;0;0;0;0;0;0;0;0;0;0;0;0;0;0;0;0;0;0;0;0;0;0;0;0;0;0;0;0;0;0
auctioning-time-soc-custom-16;0;0;0;0;0;0;0;0;0;0;0;0;0;0;0;0;0;0;0;0;0;0;0;0;0;0;0;0;0;0;0;0;0;0;0;0;0;0
migrating-time-soc-custom-16;0;0;0;0;0;0;0;0;0;0;0;0;0;0;0;0;0;0;0;0;0;0;0;0;0;0;0;0;0;0;0;0;0;0;0;0;0;0
auctioning-time-soc-custom-17;0;0;0;0;0;0;0;0;0;0;0;0;0;0;0;0;0;0;0;0;0;0;0;0;0;0;0;0;0;0;0;0;0;0;0;0;0;0
migrating-time-soc-custom-17;0;0;0;0;0;0;0;0;0;0;0;0;0;0;0;0;0;0;0;0;0;0;0;0;0;0;0;0;0;0;0;0;0;0;0;0;0;0
auctioning-time-soc-custom-14;0;0;0;0;0;0;0;0;0;0;0;0;0;0;0;0;0;0;0;0;0;0;0;0;0;0;0;0;0;0;0;0;0;0;0;0;0;0
migrating-time-soc-custom-14;0;0;0;0;0;0;0;0;0;0;0;0;0;0;0;0;0;0;0;0;0;0;0;0;0;0;0;0;0;0;0;0;0;0;0;0;0;0
auctioning-time-soc-custom-15;0;0;2706;2706;2706;2706;2706;2706;2706;2706;2706;2706;2706;2706;2706;2706;2706;2706;2706;2706;2706;2706;2706;2706;2706;2706;2706;2706;2706;2706;2706;2706;2706;2706;2706;2706;2706;2706
migrating-time-soc-custom-15;0;0;0;0;0;0;0;0;0;0;0;0;0;0;0;0;0;0;0;0;0;0;0;0;0;0;0;0;0;0;0;0;0;0;0;0;0;0
auctioning-time-soc-alarm;0;0;0;0;0;0;0;0;0;0;0;0;0;0;0;0;0;0;0;0;0;0;0;0;0;0;0;0;0;0;0;0;0;0;0;0;0;0
migrating-time-soc-alarm;0;0;0;0;0;0;0;0;0;0;0;0;0;0;0;0;0;0;0;0;0;0;0;0;0;0;0;0;0;0;0;0;0;0;0;0;0;0
auctioning-time-soc-custom-18;0;0;0;0;0;0;0;0;0;0;0;0;0;0;0;0;0;0;0;0;0;0;0;0;0;0;0;0;0;0;0;0;0;0;0;0;0;0
migrating-time-soc-custom-18;0;0;0;0;0;0;0;0;0;0;0;0;0;0;0;0;0;0;0;0;0;0;0;0;0;0;0;0;0;0;0;0;0;0;0;0;0;0
auctioning-time-soc-custom-19;0;0;3250;3250;3250;3250;3250;3250;3250;3250;3250;3250;3250;3250;3250;3250;3250;3250;3250;3250;3250;3250;3250;3250;3250;3250;3250;3250;3250;3250;3250;3250;3250;3250;3250;3250;3250;3250
migrating-time-soc-custom-19;0;0;0;0;0;0;0;0;0;0;0;0;0;0;0;0;0;0;0;0;0;0;0;0;0;0;0;0;0;0;0;0;0;0;0;0;0;0
auctioning-time-soc-custom-12;0;2349;2349;2349;2349;2349;2349;2349;2349;2349;2349;2349;2349;2349;2349;2349;2349;2349;2349;2349;2349;2349;2349;2349;2349;2349;2349;2349;2349;2349;2349;2349;2349;2349;2349;2349;2349;2349
migrating-time-soc-custom-12;0;0;0;0;0;0;0;0;0;0;0;0;0;0;0;0;0;0;0;0;0;0;0;0;0;0;0;0;0;0;0;0;0;0;0;0;0;0
auctioning-time-soc-custom-13;0;1347;1347;1347;1347;1347;1347;1347;1347;1347;1347;1347;1347;1347;1347;1347;1347;1347;1347;1347;1347;1347;1347;1347;1347;1347;1347;1347;1347;1347;1347;1347;1347;1347;1347;1347;1347;1347
migrating-time-soc-custom-13;0;0;0;0;0;0;0;0;0;0;0;0;0;0;0;0;0;0;0;0;0;0;0;0;0;0;0;0;0;0;0;0;0;0;0;0;0;0
auctioning-time-soc-custom-10;0;1895;1895;1895;1895;1895;1895;1895;1895;1895;1895;1895;1895;1895;1895;1895;1895;1895;1895;1895;1895;1895;1895;1895;1895;1895;1895;1895;1895;1895;1895;1895;1895;1895;1895;1895;1895;1895
migrating-time-soc-custom-10;0;0;0;0;0;0;0;0;0;0;0;0;0;0;0;0;0;0;0;0;0;0;0;0;0;0;0;0;0;0;0;0;0;0;0;0;0;0
auctioning-time-soc-custom-11;0;0;0;0;0;0;0;0;0;0;0;0;0;0;0;0;0;0;0;0;0;0;0;0;0;0;0;0;0;0;0;0;0;0;0;0;0;0
migrating-time-soc-custom-11;0;0;0;0;0;0;0;0;0;0;0;0;0;0;0;0;0;0;0;0;0;0;0;0;0;0;0;0;0;0;0;0;0;0;0;0;0;0
auctioning-time-soc-custom-27;0;0;0;0;0;0;0;0;0;0;0;0;0;0;0;0;0;0;0;0;0;0;0;0;0;0;0;0;0;0;0;0;0;0;0;0;0;0
migrating-time-soc-custom-27;0;0;0;0;0;0;0;0;0;0;0;0;0;0;0;0;0;0;0;0;0;0;0;0;0;0;0;0;0;0;0;0;0;0;0;0;0;0
auctioning-time-soc-custom-28;0;0;2463;2463;2463;2463;2463;2463;2463;2463;2463;2463;2463;2463;2463;2463;2463;2463;2463;2463;2463;2463;2463;2463;2463;2463;2463;2463;2463;2463;2463;2463;2463;2463;2463;2463;2463;2463
migrating-time-soc-custom-28;0;0;0;0;0;0;0;0;0;0;0;0;0;0;0;0;0;0;0;0;0;0;0;0;0;0;0;0;0;0;0;0;0;0;0;0;0;0
auctioning-time-soc-custom-25;0;0;0;0;0;0;0;0;0;0;0;0;0;0;0;0;0;0;0;0;0;0;0;0;0;0;0;0;0;0;0;0;0;0;0;0;0;0
migrating-time-soc-custom-25;0;0;0;0;0;0;0;0;0;0;0;0;0;0;0;0;0;0;0;0;0;0;0;0;0;0;0;0;0;0;0;0;0;0;0;0;0;0
auctioning-time-soc-custom-26;0;221;221;221;221;221;221;221;221;221;221;221;221;221;221;221;221;221;221;221;221;221;221;221;221;221;221;221;221;221;221;221;221;221;221;221;221;221
migrating-time-soc-custom-26;0;0;0;0;0;0;0;0;0;0;0;0;0;0;0;0;0;0;0;0;0;0;0;0;0;0;0;0;0;0;0;0;0;0;0;0;0;0
auctioning-time-soc-custom-29;0;2184;2184;2184;2184;2184;2184;2184;2184;2184;2184;2184;2184;2184;2184;2184;2184;2184;2184;2184;2184;2184;2184;2184;2184;2184;2184;2184;2184;2184;2184;2184;2184;2184;2184;2184;2184;2184
migrating-time-soc-custom-29;0;0;0;0;0;0;0;0;0;0;0;0;0;0;0;0;0;0;0;0;0;0;0;0;0;0;0;0;0;0;0;0;0;0;0;0;0;0
auctioning-time-soc-custom-20;0;0;0;0;0;0;0;0;0;0;0;0;0;0;0;0;0;0;0;0;0;0;0;0;0;0;0;0;0;0;0;0;0;0;0;0;0;0
migrating-time-soc-custom-20;0;0;0;0;0;0;0;0;0;0;0;0;0;0;0;0;0;0;0;0;0;0;0;0;0;0;0;0;0;0;0;0;0;0;0;0;0;0
auctioning-time-soc-light;0;0;0;0;0;0;0;0;0;0;0;0;0;0;0;0;0;0;0;0;0;0;0;0;0;0;0;0;0;0;0;0;0;0;0;0;0;0
migrating-time-soc-light;0;0;0;0;0;0;0;0;0;0;0;0;0;0;0;0;0;0;0;0;0;0;0;0;0;0;0;0;0;0;0;0;0;0;0;0;0;0
auctioning-time-soc-custom-23;0;2345;2345;2345;2345;2345;2345;2345;2345;2345;2345;2345;2345;2345;2345;2345;2345;2345;2345;2345;2345;2345;2345;2345;2345;2345;2345;2345;2345;2345;2345;2345;2345;2345;2345;2345;2345;2345
migrating-time-soc-custom-23;0;0;0;0;0;0;0;0;0;0;0;0;0;0;0;0;0;0;0;0;0;0;0;0;0;0;0;0;0;0;0;0;0;0;0;0;0;0
auctioning-time-soc-custom-24;0;0;2797;2797;2797;2797;2797;2797;2797;2797;2797;2797;2797;2797;2797;2797;2797;2797;2797;2797;2797;2797;2797;2797;2797;2797;2797;2797;2797;2797;2797;2797;2797;2797;2797;2797;2797;2797
migrating-time-soc-custom-24;0;0;0;0;0;0;0;0;0;0;0;0;0;0;0;0;0;0;0;0;0;0;0;0;0;0;0;0;0;0;0;0;0;0;0;0;0;0
auctioning-time-soc-custom-21;0;0;0;0;0;0;0;0;0;0;0;0;0;0;0;0;0;0;0;0;0;0;0;0;0;0;0;0;0;0;0;0;0;0;0;0;0;0
migrating-time-soc-custom-21;0;0;0;0;0;0;0;0;0;0;0;0;0;0;0;0;0;0;0;0;0;0;0;0;0;0;0;0;0;0;0;0;0;0;0;0;0;0
auctioning-time-soc-custom-22;0;2332;2332;2332;2332;2332;2332;2332;2332;2332;2332;2332;2332;2332;2332;2332;2332;2332;2332;2332;2332;2332;2332;2332;2332;2332;2332;2332;2332;2332;2332;2332;2332;2332;2332;2332;2332;2332
migrating-time-soc-custom-22;0;0;0;0;0;0;0;0;0;0;0;0;0;0;0;0;0;0;0;0;0;0;0;0;0;0;0;0;0;0;0;0;0;0;0;0;0;0
auctioning-time-soc-motion;0;499;499;499;499;499;645;645;645;645;645;645;804;804;804;804;804;804;953;953;953;953;953;953;1099;1099;1099;1099;1099;1099;1243;1243;1243;1243;1243;1243;1391;1391
migrating-time-soc-motion;0;0;0;0;0;0;0;0;0;0;0;0;0;0;0;0;0;0;0;0;0;0;0;0;0;0;0;0;0;0;0;0;0;0;0;0;0;0
auctioning-time-soc-humidity;0;509;509;509;509;509;672;672;672;672;672;672;828;828;828;828;828;828;974;974;974;974;974;974;1147;1147;1147;1147;1147;1147;1306;1306;1306;1306;1306;1306;1451;1451
migrating-time-soc-humidity;0;0;0;0;0;0;0;0;0;0;0;0;0;0;0;0;0;0;0;0;0;0;0;0;0;0;0;0;0;0;0;0;0;0;0;0;0;0
auctioning-time-server;0;0;0;0;0;0;37;37;37;37;37;37;37;37;37;37;37;37;37;37;37;37;37;37;37;37;37;37;37;37;37;37;37;37;37;37;37;37
migrating-time-server;0;0;0;0;0;0;0;0;0;0;0;0;0;0;0;0;0;0;0;0;0;0;0;0;0;0;0;0;0;0;0;0;0;0;0;0;0;0
auctioning-time-soc-smoke;0;0;0;0;0;0;0;0;0;0;0;0;0;0;0;0;0;0;0;0;0;0;0;0;0;0;0;0;0;0;0;0;0;0;0;0;0;0
migrating-time-soc-smoke;0;0;0;0;0;0;0;0;0;0;0;0;0;0;0;0;0;0;0;0;0;0;0;0;0;0;0;0;0;0;0;0;0;0;0;0;0;0
auctioning-time-soc-temperature;0;0;2709;2709;2709;2709;2709;2709;2709;2709;2709;2709;2709;2709;2709;2709;2709;2709;2709;2709;2709;2709;2709;2709;2709;2709;2709;2709;2709;2709;2709;2709;2709;2709;2709;2709;2709;2709
migrating-time-soc-temperature;0;0;0;0;0;0;0;0;0;0;0;0;0;0;0;0;0;0;0;0;0;0;0;0;0;0;0;0;0;0;0;0;0;0;0;0;0;0
auctioning-time-soc-custom-50;0;2098;2098;2098;2098;2098;2098;2098;2098;2098;2098;2098;2098;2098;2098;2098;2098;2098;2098;2098;2098;2098;2098;2098;2098;2098;2098;2098;2098;2098;2098;2098;2098;2098;2098;2098;2098;2098
migrating-time-soc-custom-50;0;0;0;0;0;0;0;0;0;0;0;0;0;0;0;0;0;0;0;0;0;0;0;0;0;0;0;0;0;0;0;0;0;0;0;0;0;0
auctioning-time-iot-controller;0;0;0;0;0;0;0;0;0;0;0;0;0;0;0;0;0;0;0;0;0;0;0;0;0;0;0;0;0;0;0;0;0;0;0;0;0;0
migrating-time-iot-controller;0;0;0;0;0;0;0;0;0;0;0;0;0;0;0;0;0;0;0;0;0;0;0;0;0;0;0;0;0;0;0;0;0;0;0;0;0;0
auctioning-time-soc-custom-38;0;0;0;0;0;0;0;0;0;0;0;0;0;0;0;0;0;0;0;0;0;0;0;0;0;0;0;0;0;0;0;0;0;0;0;0;0;0
migrating-time-soc-custom-38;0;0;0;0;0;0;0;0;0;0;0;0;0;0;0;0;0;0;0;0;0;0;0;0;0;0;0;0;0;0;0;0;0;0;0;0;0;0
auctioning-time-soc-custom-39;0;2467;2467;2467;2467;2467;2467;2467;2467;2467;2467;2467;2467;2467;2467;2467;2467;2467;2467;2467;2467;2467;2467;2467;2467;2467;2467;2467;2467;2467;2467;2467;2467;2467;2467;2467;2467;2467
migrating-time-soc-custom-39;0;0;0;0;0;0;0;0;0;0;0;0;0;0;0;0;0;0;0;0;0;0;0;0;0;0;0;0;0;0;0;0;0;0;0;0;0;0
auctioning-time-soc-custom-36;0;0;0;0;0;0;0;0;0;0;0;0;0;0;0;0;0;0;0;0;0;0;0;0;0;0;0;0;0;0;0;0;0;0;0;0;0;0
migrating-time-soc-custom-36;0;0;0;0;0;0;0;0;0;0;0;0;0;0;0;0;0;0;0;0;0;0;0;0;0;0;0;0;0;0;0;0;0;0;0;0;0;0
auctioning-time-soc-custom-37;0;390;390;390;390;390;390;390;390;390;390;390;390;390;390;390;390;390;390;390;390;390;390;390;390;390;390;390;390;390;390;390;390;390;390;390;390;390
migrating-time-soc-custom-37;0;0;0;0;0;0;0;0;0;0;0;0;0;0;0;0;0;0;0;0;0;0;0;0;0;0;0;0;0;0;0;0;0;0;0;0;0;0
auctioning-time-soc-custom-30;0;2460;2460;2460;2460;2460;2460;2460;2460;2460;2460;2460;2460;2460;2460;2460;2460;2460;2460;2460;2460;2460;2460;2460;2460;2460;2460;2460;2460;2460;2460;2460;2460;2460;2460;2460;2460;2460
migrating-time-soc-custom-30;0;0;0;0;0;0;0;0;0;0;0;0;0;0;0;0;0;0;0;0;0;0;0;0;0;0;0;0;0;0;0;0;0;0;0;0;0;0
auctioning-time-soc-custom-31;0;0;0;0;0;0;0;0;0;0;0;0;0;0;0;0;0;0;0;0;0;0;0;0;0;0;0;0;0;0;0;0;0;0;0;0;0;0
migrating-time-soc-custom-31;0;0;0;0;0;0;0;0;0;0;0;0;0;0;0;0;0;0;0;0;0;0;0;0;0;0;0;0;0;0;0;0;0;0;0;0;0;0
auctioning-time-soc-custom-34;0;1293;1293;1293;1293;1293;1293;1293;1293;1293;1293;1293;1293;1293;1293;1293;1293;1293;1293;1293;1293;1293;1293;1293;1293;1293;1293;1293;1293;1293;1293;1293;1293;1293;1293;1293;1293;1293
migrating-time-soc-custom-34;0;0;0;0;0;0;0;0;0;0;0;0;0;0;0;0;0;0;0;0;0;0;0;0;0;0;0;0;0;0;0;0;0;0;0;0;0;0
auctioning-time-soc-custom-35;0;0;0;0;0;0;0;0;0;0;0;0;0;0;0;0;0;0;0;0;0;0;0;0;0;0;0;0;0;0;0;0;0;0;0;0;0;0
migrating-time-soc-custom-35;0;0;0;0;0;0;0;0;0;0;0;0;0;0;0;0;0;0;0;0;0;0;0;0;0;0;0;0;0;0;0;0;0;0;0;0;0;0
auctioning-time-soc-custom-32;0;0;0;0;0;0;0;0;0;0;0;0;0;0;0;0;0;0;0;0;0;0;0;0;0;0;0;0;0;0;0;0;0;0;0;0;0;0
migrating-time-soc-custom-32;0;0;0;0;0;0;0;0;0;0;0;0;0;0;0;0;0;0;0;0;0;0;0;0;0;0;0;0;0;0;0;0;0;0;0;0;0;0
auctioning-time-soc-custom-33;0;0;0;0;0;0;0;0;0;0;0;0;0;0;0;0;0;0;0;0;0;0;0;0;0;0;0;0;0;0;0;0;0;0;0;0;0;0
migrating-time-soc-custom-33;0;0;0;0;0;0;0;0;0;0;0;0;0;0;0;0;0;0;0;0;0;0;0;0;0;0;0;0;0;0;0;0;0;0;0;0;0;0
auctioning-time-soc-door-lock;0;528;528;528;528;528;656;831;831;831;831;831;831;831;831;831;831;831;831;831;831;831;831;831;831;831;831;831;831;831;831;831;831;831;831;831;831;831
migrating-time-soc-door-lock;0;2002;2002;2002;2002;2002;2002;6004;6004;16005;16005;16005;16005;16005;16005;16005;16005;16005;16005;16005;16005;16005;16005;16005;16005;16005;16005;16005;16005;16005;16005;16005;16005;16005;16005;16005;16005;16005
auctioning-time-soc-gate;0;501;762;859;859;859;859;859;859;859;859;859;859;859;859;859;859;859;859;859;859;859;859;859;859;859;859;859;859;859;859;859;859;859;859;859;859;859
migrating-time-soc-gate;0;2001;6003;6003;6003;16005;16005;16005;16005;16005;16005;16005;16005;16005;16005;16005;16005;16005;16005;16005;16005;16005;16005;16005;16005;16005;16005;16005;16005;16005;16005;16005;16005;16005;16005;16005;16005;16005
auctioning-time-soc-custom-49;0;0;0;0;0;0;0;0;0;0;0;0;0;0;0;0;0;0;0;0;0;0;0;0;0;0;0;0;0;0;0;0;0;0;0;0;0;0
migrating-time-soc-custom-49;0;0;0;0;0;0;0;0;0;0;0;0;0;0;0;0;0;0;0;0;0;0;0;0;0;0;0;0;0;0;0;0;0;0;0;0;0;0
auctioning-time-soc-custom-47;0;934;934;934;934;934;934;934;934;934;934;934;934;934;934;934;934;934;934;934;934;934;934;934;934;934;934;934;934;934;934;934;934;934;934;934;934;934
migrating-time-soc-custom-47;0;0;0;0;0;0;0;0;0;0;0;0;0;0;0;0;0;0;0;0;0;0;0;0;0;0;0;0;0;0;0;0;0;0;0;0;0;0
auctioning-time-soc-custom-48;0;584;584;584;584;584;584;584;584;584;584;584;584;584;584;584;584;584;584;584;584;584;584;584;584;584;584;584;584;584;584;584;584;584;584;584;584;584
migrating-time-soc-custom-48;0;0;0;0;0;0;0;0;0;0;0;0;0;0;0;0;0;0;0;0;0;0;0;0;0;0;0;0;0;0;0;0;0;0;0;0;0;0
auctioning-time-desktop;0;1157;1157;1157;1157;1157;1157;1157;1157;1157;1157;1157;1157;1157;1157;1157;1157;1157;1157;1157;1157;1157;1157;1157;1157;1157;1157;1157;1157;1157;1157;1157;1157;1157;1157;1157;1157;1157
migrating-time-desktop;0;0;0;0;0;0;0;0;0;0;0;0;0;0;0;0;0;0;0;0;0;0;0;0;0;0;0;0;0;0;0;0;0;0;0;0;0;0
auctioning-time-soc-custom-5;0;552;552;552;552;552;552;552;552;552;552;552;552;552;552;552;552;552;552;552;552;552;552;552;552;552;552;552;552;552;552;552;552;552;552;552;552;552
migrating-time-soc-custom-5;0;0;0;0;0;0;0;0;0;0;0;0;0;0;0;0;0;0;0;0;0;0;0;0;0;0;0;0;0;0;0;0;0;0;0;0;0;0
auctioning-time-soc-custom-41;0;0;0;0;0;0;0;0;0;0;0;0;0;0;0;0;0;0;0;0;0;0;0;0;0;0;0;0;0;0;0;0;0;0;0;0;0;0
migrating-time-soc-custom-41;0;0;0;0;0;0;0;0;0;0;0;0;0;0;0;0;0;0;0;0;0;0;0;0;0;0;0;0;0;0;0;0;0;0;0;0;0;0
auctioning-time-soc-custom-42;0;1775;1775;1775;1775;1775;1775;1775;1775;1775;1775;1775;1775;1775;1775;1775;1775;1775;1775;1775;1775;1775;1775;1775;1775;1775;1775;1775;1775;1775;1775;1775;1775;1775;1775;1775;1775;1775
migrating-time-soc-custom-42;0;0;0;0;0;0;0;0;0;0;0;0;0;0;0;0;0;0;0;0;0;0;0;0;0;0;0;0;0;0;0;0;0;0;0;0;0;0
auctioning-time-soc-custom-6;0;1504;1504;1504;1504;1504;1504;1504;1504;1504;1504;1504;1504;1504;1504;1504;1504;1504;1504;1504;1504;1504;1504;1504;1504;1504;1504;1504;1504;1504;1504;1504;1504;1504;1504;1504;1504;1504
migrating-time-soc-custom-6;0;0;0;0;0;0;0;0;0;0;0;0;0;0;0;0;0;0;0;0;0;0;0;0;0;0;0;0;0;0;0;0;0;0;0;0;0;0
auctioning-time-soc-custom-3;0;2605;2605;2605;2605;2605;2605;2605;2605;2605;2605;2605;2605;2605;2605;2605;2605;2605;2605;2605;2605;2605;2605;2605;2605;2605;2605;2605;2605;2605;2605;2605;2605;2605;2605;2605;2605;2605
migrating-time-soc-custom-3;0;0;0;0;0;0;0;0;0;0;0;0;0;0;0;0;0;0;0;0;0;0;0;0;0;0;0;0;0;0;0;0;0;0;0;0;0;0
auctioning-time-soc-custom-4;0;0;0;0;0;0;0;0;0;0;0;0;0;0;0;0;0;0;0;0;0;0;0;0;0;0;0;0;0;0;0;0;0;0;0;0;0;0
migrating-time-soc-custom-4;0;0;0;0;0;0;0;0;0;0;0;0;0;0;0;0;0;0;0;0;0;0;0;0;0;0;0;0;0;0;0;0;0;0;0;0;0;0
auctioning-time-soc-custom-40;0;0;0;0;0;0;0;0;0;0;0;0;0;0;0;0;0;0;0;0;0;0;0;0;0;0;0;0;0;0;0;0;0;0;0;0;0;0
migrating-time-soc-custom-40;0;0;0;0;0;0;0;0;0;0;0;0;0;0;0;0;0;0;0;0;0;0;0;0;0;0;0;0;0;0;0;0;0;0;0;0;0;0
auctioning-time-soc-custom-1;0;0;0;0;0;0;0;0;0;0;0;0;0;0;0;0;0;0;0;0;0;0;0;0;0;0;0;0;0;0;0;0;0;0;0;0;0;0
migrating-time-soc-custom-1;0;0;0;0;0;0;0;0;0;0;0;0;0;0;0;0;0;0;0;0;0;0;0;0;0;0;0;0;0;0;0;0;0;0;0;0;0;0
auctioning-time-soc-custom-45;0;112;112;112;112;112;112;112;112;112;112;112;112;112;112;112;112;112;112;112;112;112;112;112;112;112;112;112;112;112;112;112;112;112;112;112;112;112
migrating-time-soc-custom-45;0;0;0;0;0;0;0;0;0;0;0;0;0;0;0;0;0;0;0;0;0;0;0;0;0;0;0;0;0;0;0;0;0;0;0;0;0;0
auctioning-time-soc-custom-2;0;0;0;0;0;0;0;0;0;0;0;0;0;0;0;0;0;0;0;0;0;0;0;0;0;0;0;0;0;0;0;0;0;0;0;0;0;0
migrating-time-soc-custom-2;0;0;0;0;0;0;0;0;0;0;0;0;0;0;0;0;0;0;0;0;0;0;0;0;0;0;0;0;0;0;0;0;0;0;0;0;0;0
auctioning-time-soc-custom-46;0;2029;2029;2029;2029;2029;2029;2029;2029;2029;2029;2029;2029;2029;2029;2029;2029;2029;2029;2029;2029;2029;2029;2029;2029;2029;2029;2029;2029;2029;2029;2029;2029;2029;2029;2029;2029;2029
migrating-time-soc-custom-46;0;0;0;0;0;0;0;0;0;0;0;0;0;0;0;0;0;0;0;0;0;0;0;0;0;0;0;0;0;0;0;0;0;0;0;0;0;0
auctioning-time-soc-custom-43;0;1388;1388;1388;1388;1388;1388;1388;1388;1388;1388;1388;1388;1388;1388;1388;1388;1388;1388;1388;1388;1388;1388;1388;1388;1388;1388;1388;1388;1388;1388;1388;1388;1388;1388;1388;1388;1388
migrating-time-soc-custom-43;0;0;0;0;0;0;0;0;0;0;0;0;0;0;0;0;0;0;0;0;0;0;0;0;0;0;0;0;0;0;0;0;0;0;0;0;0;0
auctioning-time-soc-custom-44;0;449;449;449;449;449;449;449;449;449;449;449;449;449;449;449;449;449;449;449;449;449;449;449;449;449;449;449;449;449;449;449;449;449;449;449;449;449
migrating-time-soc-custom-44;0;0;0;0;0;0;0;0;0;0;0;0;0;0;0;0;0;0;0;0;0;0;0;0;0;0;0;0;0;0;0;0;0;0;0;0;0;0
