timestamps;0;5000;10000;15000;20000;25000;30000;35000;40000;45000;50000;55000;60000;65000;70000;75000;80000;85000;90000;95000;100000;105000;110000;115000;120000;125000;130000;135000;140000;145000;150000;155000;160000;165000;170000;175000;180000;185000;190000;195000;200000;205000;210000;211415
messages-total;0;111;182;310;310;374;374;434;434;434;434;434;434;434;434;434;434;434;434;434;434;434;434;434;434;434;434;434;434;434;434;434;434;434;434;434;434;434;434;434;434;434;434;434
messages-printer;0;0;0;0;0;0;0;0;0;0;0;0;0;0;0;0;0;0;0;0;0;0;0;0;0;0;0;0;0;0;0;0;0;0;0;0;0;0;0;0;0;0;0;0
messages-soc-custom-9;0;1;2;4;4;5;5;6;6;6;6;6;6;6;6;6;6;6;6;6;6;6;6;6;6;6;6;6;6;6;6;6;6;6;6;6;6;6;6;6;6;6;6;6
messages-soc-custom-7;0;1;2;4;4;5;5;6;6;6;6;6;6;6;6;6;6;6;6;6;6;6;6;6;6;6;6;6;6;6;6;6;6;6;6;6;6;6;6;6;6;6;6;6
messages-soc-custom-8;0;1;2;4;4;5;5;6;6;6;6;6;6;6;6;6;6;6;6;6;6;6;6;6;6;6;6;6;6;6;6;6;6;6;6;6;6;6;6;6;6;6;6;6
messages-soc-custom-16;0;1;2;4;4;5;5;6;6;6;6;6;6;6;6;6;6;6;6;6;6;6;6;6;6;6;6;6;6;6;6;6;6;6;6;6;6;6;6;6;6;6;6;6
messages-soc-custom-17;0;1;2;4;4;5;5;6;6;6;6;6;6;6;6;6;6;6;6;6;6;6;6;6;6;6;6;6;6;6;6;6;6;6;6;6;6;6;6;6;6;6;6;6
messages-soc-custom-14;0;1;2;4;4;5;5;6;6;6;6;6;6;6;6;6;6;6;6;6;6;6;6;6;6;6;6;6;6;6;6;6;6;6;6;6;6;6;6;6;6;6;6;6
messages-soc-custom-15;0;1;2;4;4;5;5;6;6;6;6;6;6;6;6;6;6;6;6;6;6;6;6;6;6;6;6;6;6;6;6;6;6;6;6;6;6;6;6;6;6;6;6;6
messages-soc-alarm;0;1;2;4;4;5;5;6;6;6;6;6;6;6;6;6;6;6;6;6;6;6;6;6;6;6;6;6;6;6;6;6;6;6;6;6;6;6;6;6;6;6;6;6
messages-soc-custom-18;0;1;2;4;4;5;5;6;6;6;6;6;6;6;6;6;6;6;6;6;6;6;6;6;6;6;6;6;6;6;6;6;6;6;6;6;6;6;6;6;6;6;6;6
messages-soc-custom-19;0;1;2;4;4;5;5;6;6;6;6;6;6;6;6;6;6;6;6;6;6;6;6;6;6;6;6;6;6;6;6;6;6;6;6;6;6;6;6;6;6;6;6;6
messages-soc-custom-12;0;1;2;4;4;5;5;6;6;6;6;6;6;6;6;6;6;6;6;6;6;6;6;6;6;6;6;6;6;6;6;6;6;6;6;6;6;6;6;6;6;6;6;6
messages-soc-custom-13;0;1;2;4;4;5;5;6;6;6;6;6;6;6;6;6;6;6;6;6;6;6;6;6;6;6;6;6;6;6;6;6;6;6;6;6;6;6;6;6;6;6;6;6
messages-soc-custom-10;0;1;2;4;4;5;5;6;6;6;6;6;6;6;6;6;6;6;6;6;6;6;6;6;6;6;6;6;6;6;6;6;6;6;6;6;6;6;6;6;6;6;6;6
messages-soc-custom-11;0;1;2;4;4;5;5;6;6;6;6;6;6;6;6;6;6;6;6;6;6;6;6;6;6;6;6;6;6;6;6;6;6;6;6;6;6;6;6;6;6;6;6;6
messages-soc-custom-27;0;1;2;4;4;5;5;6;6;6;6;6;6;6;6;6;6;6;6;6;6;6;6;6;6;6;6;6;6;6;6;6;6;6;6;6;6;6;6;6;6;6;6;6
messages-soc-custom-28;0;1;2;4;4;5;5;6;6;6;6;6;6;6;6;6;6;6;6;6;6;6;6;6;6;6;6;6;6;6;6;6;6;6;6;6;6;6;6;6;6;6;6;6
messages-soc-custom-25;0;1;2;4;4;5;5;6;6;6;6;6;6;6;6;6;6;6;6;6;6;6;6;6;6;6;6;6;6;6;6;6;6;6;6;6;6;6;6;6;6;6;6;6
messages-soc-custom-26;0;1;2;4;4;5;5;6;6;6;6;6;6;6;6;6;6;6;6;6;6;6;6;6;6;6;6;6;6;6;6;6;6;6;6;6;6;6;6;6;6;6;6;6
messages-soc-custom-29;0;1;2;4;4;5;5;6;6;6;6;6;6;6;6;6;6;6;6;6;6;6;6;6;6;6;6;6;6;6;6;6;6;6;6;6;6;6;6;6;6;6;6;6
messages-soc-custom-20;0;1;2;4;4;5;5;6;6;6;6;6;6;6;6;6;6;6;6;6;6;6;6;6;6;6;6;6;6;6;6;6;6;6;6;6;6;6;6;6;6;6;6;6
messages-soc-light;0;1;2;4;4;5;5;6;6;6;6;6;6;6;6;6;6;6;6;6;6;6;6;6;6;6;6;6;6;6;6;6;6;6;6;6;6;6;6;6;6;6;6;6
messages-soc-custom-23;0;1;2;4;4;5;5;6;6;6;6;6;6;6;6;6;6;6;6;6;6;6;6;6;6;6;6;6;6;6;6;6;6;6;6;6;6;6;6;6;6;6;6;6
messages-soc-custom-24;0;1;2;4;4;5;5;6;6;6;6;6;6;6;6;6;6;6;6;6;6;6;6;6;6;6;6;6;6;6;6;6;6;6;6;6;6;6;6;6;6;6;6;6
messages-soc-custom-21;0;1;2;4;4;5;5;6;6;6;6;6;6;6;6;6;6;6;6;6;6;6;6;6;6;6;6;6;6;6;6;6;6;6;6;6;6;6;6;6;6;6;6;6
messages-soc-custom-22;0;1;2;4;4;5;5;6;6;6;6;6;6;6;6;6;6;6;6;6;6;6;6;6;6;6;6;6;6;6;6;6;6;6;6;6;6;6;6;6;6;6;6;6
messages-soc-motion;0;1;2;4;4;5;5;6;6;6;6;6;6;6;6;6;6;6;6;6;6;6;6;6;6;6;6;6;6;6;6;6;6;6;6;6;6;6;6;6;6;6;6;6
messages-soc-humidity;0;1;2;4;4;5;5;6;6;6;6;6;6;6;6;6;6;6;6;6;6;6;6;6;6;6;6;6;6;6;6;6;6;6;6;6;6;6;6;6;6;6;6;6
messages-server;0;0;0;0;0;0;0;0;0;0;0;0;0;0;0;0;0;0;0;0;0;0;0;0;0;0;0;0;0;0;0;0;0;0;0;0;0;0;0;0;0;0;0;0
messages-soc-smoke;0;1;2;4;4;5;5;6;6;6;6;6;6;6;6;6;6;6;6;6;6;6;6;6;6;6;6;6;6;6;6;6;6;6;6;6;6;6;6;6;6;6;6;6
messages-soc-temperature;0;1;2;4;4;5;5;6;6;6;6;6;6;6;6;6;6;6;6;6;6;6;6;6;6;6;6;6;6;6;6;6;6;6;6;6;6;6;6;6;6;6;6;6
messages-soc-custom-50;0;1;2;4;4;5;5;6;6;6;6;6;6;6;6;6;6;6;6;6;6;6;6;6;6;6;6;6;6;6;6;6;6;6;6;6;6;6;6;6;6;6;6;6
messages-iot-controller;0;59;64;74;74;79;79;80;80;80;80;80;80;80;80;80;80;80;80;80;80;80;80;80;80;80;80;80;80;80;80;80;80;80;80;80;80;80;80;80;80;80;80;80
messages-soc-custom-38;0;1;2;4;4;5;5;6;6;6;6;6;6;6;6;6;6;6;6;6;6;6;6;6;6;6;6;6;6;6;6;6;6;6;6;6;6;6;6;6;6;6;6;6
messages-soc-custom-39;0;1;2;4;4;5;5;6;6;6;6;6;6;6;6;6;6;6;6;6;6;6;6;6;6;6;6;6;6;6;6;6;6;6;6;6;6;6;6;6;6;6;6;6
messages-soc-custom-36;0;1;2;4;4;5;5;6;6;6;6;6;6;6;6;6;6;6;6;6;6;6;6;6;6;6;6;6;6;6;6;6;6;6;6;6;6;6;6;6;6;6;6;6
messages-soc-custom-37;0;1;3;4;4;5;5;6;6;6;6;6;6;6;6;6;6;6;6;6;6;6;6;6;6;6;6;6;6;6;6;6;6;6;6;6;6;6;6;6;6;6;6;6
messages-soc-custom-30;0;1;3;4;4;5;5;6;6;6;6;6;6;6;6;6;6;6;6;6;6;6;6;6;6;6;6;6;6;6;6;6;6;6;6;6;6;6;6;6;6;6;6;6
messages-soc-custom-31;0;1;3;4;4;5;5;6;6;6;6;6;6;6;6;6;6;6;6;6;6;6;6;6;6;6;6;6;6;6;6;6;6;6;6;6;6;6;6;6;6;6;6;6
messages-soc-custom-34;0;1;3;4;4;5;5;6;6;6;6;6;6;6;6;6;6;6;6;6;6;6;6;6;6;6;6;6;6;6;6;6;6;6;6;6;6;6;6;6;6;6;6;6
messages-soc-custom-35;0;1;3;4;4;5;5;6;6;6;6;6;6;6;6;6;6;6;6;6;6;6;6;6;6;6;6;6;6;6;6;6;6;6;6;6;6;6;6;6;6;6;6;6
messages-soc-custom-32;0;1;3;4;4;5;5;6;6;6;6;6;6;6;6;6;6;6;6;6;6;6;6;6;6;6;6;6;6;6;6;6;6;6;6;6;6;6;6;6;6;6;6;6
messages-soc-custom-33;0;1;3;4;4;5;5;6;6;6;6;6;6;6;6;6;6;6;6;6;6;6;6;6;6;6;6;6;6;6;6;6;6;6;6;6;6;6;6;6;6;6;6;6
messages-soc-door-lock;0;1;3;4;4;5;5;6;6;6;6;6;6;6;6;6;6;6;6;6;6;6;6;6;6;6;6;6;6;6;6;6;6;6;6;6;6;6;6;6;6;6;6;6
messages-soc-gate;0;1;3;4;4;5;5;6;6;6;6;6;6;6;6;6;6;6;6;6;6;6;6;6;6;6;6;6;6;6;6;6;6;6;6;6;6;6;6;6;6;6;6;6
messages-soc-custom-49;0;1;3;4;4;5;5;6;6;6;6;6;6;6;6;6;6;6;6;6;6;6;6;6;6;6;6;6;6;6;6;6;6;6;6;6;6;6;6;6;6;6;6;6
messages-soc-custom-47;0;1;3;4;4;5;5;6;6;6;6;6;6;6;6;6;6;6;6;6;6;6;6;6;6;6;6;6;6;6;6;6;6;6;6;6;6;6;6;6;6;6;6;6
messages-soc-custom-48;0;1;3;4;4;5;5;6;6;6;6;6;6;6;6;6;6;6;6;6;6;6;6;6;6;6;6;6;6;6;6;6;6;6;6;6;6;6;6;6;6;6;6;6
messages-desktop;0;1;3;4;4;5;5;6;6;6;6;6;6;6;6;6;6;6;6;6;6;6;6;6;6;6;6;6;6;6;6;6;6;6;6;6;6;6;6;6;6;6;6;6
messages-soc-custom-5;0;1;3;4;4;5;5;6;6;6;6;6;6;6;6;6;6;6;6;6;6;6;6;6;6;6;6;6;6;6;6;6;6;6;6;6;6;6;6;6;6;6;6;6
messages-soc-custom-41;0;1;3;4;4;5;5;6;6;6;6;6;6;6;6;6;6;6;6;6;6;6;6;6;6;6;6;6;6;6;6;6;6;6;6;6;6;6;6;6;6;6;6;6
messages-soc-custom-42;0;1;3;4;4;5;5;6;6;6;6;6;6;6;6;6;6;6;6;6;6;6;6;6;6;6;6;6;6;6;6;6;6;6;6;6;6;6;6;6;6;6;6;6
messages-soc-custom-6;0;1;3;4;4;5;5;6;6;6;6;6;6;6;6;6;6;6;6;6;6;6;6;6;6;6;6;6;6;6;6;6;6;6;6;6;6;6;6;6;6;6;6;6
messages-soc-custom-3;0;1;3;4;4;5;5;6;6;6;6;6;6;6;6;6;6;6;6;6;6;6;6;6;6;6;6;6;6;6;6;6;6;6;6;6;6;6;6;6;6;6;6;6
messages-soc-custom-4;0;1;3;4;4;5;5;6;6;6;6;6;6;6;6;6;6;6;6;6;6;6;6;6;6;6;6;6;6;6;6;6;6;6;6;6;6;6;6;6;6;6;6;6
messages-soc-custom-40;0;1;3;4;4;5;5;6;6;6;6;6;6;6;6;6;6;6;6;6;6;6;6;6;6;6;6;6;6;6;6;6;6;6;6;6;6;6;6;6;6;6;6;6
messages-soc-custom-1;0;1;3;4;4;5;5;6;6;6;6;6;6;6;6;6;6;6;6;6;6;6;6;6;6;6;6;6;6;6;6;6;6;6;6;6;6;6;6;6;6;6;6;6
messages-soc-custom-45;0;1;3;4;4;5;5;6;6;6;6;6;6;6;6;6;6;6;6;6;6;6;6;6;6;6;6;6;6;6;6;6;6;6;6;6;6;6;6;6;6;6;6;6
messages-soc-custom-2;0;1;3;4;4;5;5;6;6;6;6;6;6;6;6;6;6;6;6;6;6;6;6;6;6;6;6;6;6;6;6;6;6;6;6;6;6;6;6;6;6;6;6;6
messages-soc-custom-46;0;1;3;4;4;5;5;6;6;6;6;6;6;6;6;6;6;6;6;6;6;6;6;6;6;6;6;6;6;6;6;6;6;6;6;6;6;6;6;6;6;6;6;6
messages-soc-custom-43;0;1;3;4;4;5;5;6;6;6;6;6;6;6;6;6;6;6;6;6;6;6;6;6;6;6;6;6;6;6;6;6;6;6;6;6;6;6;6;6;6;6;6;6
messages-soc-custom-44;0;1;3;4;4;5;5;6;6;6;6;6;6;6;6;6;6;6;6;6;6;6;6;6;6;6;6;6;6;6;6;6;6;6;6;6;6;6;6;6;6;6;6;6
proposals-total;0;0;83;140;140;161;161;205;208;208;210;210;210;220;220;220;220;220;220;231;231;231;231;231;231;241;241;241;241;241;241;252;252;252;252;252;252;257;257;257;257;257;257;257
proposals-printer;0;0;0;0;0;0;0;0;0;0;0;0;0;0;0;0;0;0;0;0;0;0;0;0;0;0;0;0;0;0;0;0;0;0;0;0;0;0;0;0;0;0;0;0
proposals-soc-custom-9;0;0;0;0;0;0;0;0;0;0;0;0;0;0;0;0;0;0;0;0;0;0;0;0;0;0;0;0;0;0;0;0;0;0;0;0;0;0;0;0;0;0;0;0
proposals-soc-custom-7;0;0;0;0;0;0;0;0;0;0;0;0;0;0;0;0;0;0;0;0;0;0;0;0;0;0;0;0;0;0;0;0;0;0;0;0;0;0;0;0;0;0;0;0
proposals-soc-custom-8;0;0;0;0;0;0;0;0;0;0;0;0;0;0;0;0;0;0;0;0;0;0;0;0;0;0;0;0;0;0;0;0;0;0;0;0;0;0;0;0;0;0;0;0
proposals-soc-custom-16;0;0;0;0;0;0;0;0;0;0;0;0;0;0;0;0;0;0;0;0;0;0;0;0;0;0;0;0;0;0;0;0;0;0;0;0;0;0;0;0;0;0;0;0
proposals-soc-custom-17;0;0;0;0;0;0;0;0;0;0;0;0;0;0;0;0;0;0;0;0;0;0;0;0;0;0;0;0;0;0;0;0;0;0;0;0;0;0;0;0;0;0;0;0
proposals-soc-custom-14;0;0;0;0;0;0;0;0;0;0;0;0;0;0;0;0;0;0;0;0;0;0;0;0;0;0;0;0;0;0;0;0;0;0;0;0;0;0;0;0;0;0;0;0
proposals-soc-custom-15;0;0;0;0;0;0;0;0;0;0;0;0;0;0;0;0;0;0;0;0;0;0;0;0;0;0;0;0;0;0;0;0;0;0;0;0;0;0;0;0;0;0;0;0
proposals-soc-alarm;0;0;13;23;23;27;27;36;36;36;36;36;36;39;39;39;39;39;39;42;42;42;42;42;42;45;45;45;45;45;45;48;48;48;48;48;48;48;48;48;48;48;48;48
proposals-soc-custom-18;0;0;0;0;0;0;0;0;0;0;0;0;0;0;0;0;0;0;0;0;0;0;0;0;0;0;0;0;0;0;0;0;0;0;0;0;0;0;0;0;0;0;0;0
proposals-soc-custom-19;0;0;0;0;0;0;0;0;0;0;0;0;0;0;0;0;0;0;0;0;0;0;0;0;0;0;0;0;0;0;0;0;0;0;0;0;0;0;0;0;0;0;0;0
proposals-soc-custom-12;0;0;0;0;0;0;0;0;0;0;0;0;0;0;0;0;0;0;0;0;0;0;0;0;0;0;0;0;0;0;0;0;0;0;0;0;0;0;0;0;0;0;0;0
proposals-soc-custom-13;0;0;0;0;0;0;0;0;0;0;0;0;0;0;0;0;0;0;0;0;0;0;0;0;0;0;0;0;0;0;0;0;0;0;0;0;0;0;0;0;0;0;0;0
proposals-soc-custom-10;0;0;0;0;0;0;0;0;0;0;0;0;0;0;0;0;0;0;0;0;0;0;0;0;0;0;0;0;0;0;0;0;0;0;0;0;0;0;0;0;0;0;0;0
proposals-soc-custom-11;0;0;0;0;0;0;0;0;0;0;0;0;0;0;0;0;0;0;0;0;0;0;0;0;0;0;0;0;0;0;0;0;0;0;0;0;0;0;0;0;0;0;0;0
proposals-soc-custom-27;0;0;0;0;0;0;0;0;0;0;0;0;0;0;0;0;0;0;0;0;0;0;0;0;0;0;0;0;0;0;0;0;0;0;0;0;0;0;0;0;0;0;0;0
proposals-soc-custom-28;0;0;0;0;0;0;0;0;0;0;0;0;0;0;0;0;0;0;0;0;0;0;0;0;0;0;0;0;0;0;0;0;0;0;0;0;0;0;0;0;0;0;0;0
proposals-soc-custom-25;0;0;0;0;0;0;0;0;0;0;0;0;0;0;0;0;0;0;0;0;0;0;0;0;0;0;0;0;0;0;0;0;0;0;0;0;0;0;0;0;0;0;0;0
proposals-soc-custom-26;0;0;0;0;0;0;0;0;0;0;0;0;0;0;0;0;0;0;0;0;0;0;0;0;0;0;0;0;0;0;0;0;0;0;0;0;0;0;0;0;0;0;0;0
proposals-soc-custom-29;0;0;0;0;0;0;0;0;0;0;0;0;0;0;0;0;0;0;0;0;0;0;0;0;0;0;0;0;0;0;0;0;0;0;0;0;0;0;0;0;0;0;0;0
proposals-soc-custom-20;0;0;0;0;0;0;0;0;0;0;0;0;0;0;0;0;0;0;0;0;0;0;0;0;0;0;0;0;0;0;0;0;0;0;0;0;0;0;0;0;0;0;0;0
proposals-soc-light;0;0;0;0;0;0;0;0;0;0;0;0;0;0;0;0;0;0;0;0;0;0;0;0;0;0;0;0;0;0;0;0;0;0;0;0;0;0;0;0;0;0;0;0
proposals-soc-custom-23;0;0;0;0;0;0;0;0;0;0;0;0;0;0;0;0;0;0;0;0;0;0;0;0;0;0;0;0;0;0;0;0;0;0;0;0;0;0;0;0;0;0;0;0
proposals-soc-custom-24;0;0;0;0;0;0;0;0;0;0;0;0;0;0;0;0;0;0;0;0;0;0;0;0;0;0;0;0;0;0;0;0;0;0;0;0;0;0;0;0;0;0;0;0
proposals-soc-custom-21;0;0;0;0;0;0;0;0;0;0;0;0;0;0;0;0;0;0;0;0;0;0;0;0;0;0;0;0;0;0;0;0;0;0;0;0;0;0;0;0;0;0;0;0
proposals-soc-custom-22;0;0;0;0;0;0;0;0;0;0;0;0;0;0;0;0;0;0;0;0;0;0;0;0;0;0;0;0;0;0;0;0;0;0;0;0;0;0;0;0;0;0;0;0
proposals-soc-motion;0;0;13;22;22;25;25;25;25;25;25;25;25;25;25;25;25;25;25;25;25;25;25;25;25;25;25;25;25;25;25;25;25;25;25;25;25;25;25;25;25;25;25;25
proposals-soc-humidity;0;0;13;22;22;25;25;25;25;25;25;25;25;25;25;25;25;25;25;25;25;25;25;25;25;25;25;25;25;25;25;25;25;25;25;25;25;25;25;25;25;25;25;25
proposals-server;0;0;0;0;0;0;6;15;18;18;20;20;20;20;20;20;20;20;20;20;20;20;20;20;20;20;20;20;20;20;20;20;20;20;20;20;20;20;20;20;20;20;20;20
proposals-soc-smoke;0;0;0;0;0;0;0;0;0;0;0;0;0;0;0;0;0;0;0;0;0;0;0;0;0;0;0;0;0;0;0;0;0;0;0;0;0;0;0;0;0;0;0;0
proposals-soc-temperature;0;0;0;0;0;0;0;0;0;0;0;0;0;0;0;0;0;0;0;0;0;0;0;0;0;0;0;0;0;0;0;0;0;0;0;0;0;0;0;0;0;0;0;0
proposals-soc-custom-50;0;0;0;0;0;0;0;0;0;0;0;0;0;0;0;0;0;0;0;0;0;0;0;0;0;0;0;0;0;0;0;0;0;0;0;0;0;0;0;0;0;0;0;0
proposals-iot-controller;0;6;13;23;23;26;26;36;36;36;36;36;38;38;38;38;38;38;41;41;41;41;41;41;43;43;43;43;43;43;46;46;46;46;46;46;48;48;48;48;48;48;48;48
proposals-soc-custom-38;0;0;0;0;0;0;0;0;0;0;0;0;0;0;0;0;0;0;0;0;0;0;0;0;0;0;0;0;0;0;0;0;0;0;0;0;0;0;0;0;0;0;0;0
proposals-soc-custom-39;0;0;0;0;0;0;0;0;0;0;0;0;0;0;0;0;0;0;0;0;0;0;0;0;0;0;0;0;0;0;0;0;0;0;0;0;0;0;0;0;0;0;0;0
proposals-soc-custom-36;0;0;0;0;0;0;0;0;0;0;0;0;0;0;0;0;0;0;0;0;0;0;0;0;0;0;0;0;0;0;0;0;0;0;0;0;0;0;0;0;0;0;0;0
proposals-soc-custom-37;0;0;0;0;0;0;0;0;0;0;0;0;0;0;0;0;0;0;0;0;0;0;0;0;0;0;0;0;0;0;0;0;0;0;0;0;0;0;0;0;0;0;0;0
proposals-soc-custom-30;0;0;0;0;0;0;0;0;0;0;0;0;0;0;0;0;0;0;0;0;0;0;0;0;0;0;0;0;0;0;0;0;0;0;0;0;0;0;0;0;0;0;0;0
proposals-soc-custom-31;0;0;0;0;0;0;0;0;0;0;0;0;0;0;0;0;0;0;0;0;0;0;0;0;0;0;0;0;0;0;0;0;0;0;0;0;0;0;0;0;0;0;0;0
proposals-soc-custom-34;0;0;0;0;0;0;0;0;0;0;0;0;0;0;0;0;0;0;0;0;0;0;0;0;0;0;0;0;0;0;0;0;0;0;0;0;0;0;0;0;0;0;0;0
proposals-soc-custom-35;0;0;0;0;0;0;0;0;0;0;0;0;0;0;0;0;0;0;0;0;0;0;0;0;0;0;0;0;0;0;0;0;0;0;0;0;0;0;0;0;0;0;0;0
proposals-soc-custom-32;0;0;0;0;0;0;0;0;0;0;0;0;0;0;0;0;0;0;0;0;0;0;0;0;0;0;0;0;0;0;0;0;0;0;0;0;0;0;0;0;0;0;0;0
proposals-soc-custom-33;0;0;0;0;0;0;0;0;0;0;0;0;0;0;0;0;0;0;0;0;0;0;0;0;0;0;0;0;0;0;0;0;0;0;0;0;0;0;0;0;0;0;0;0
proposals-soc-door-lock;0;7;13;22;22;28;31;34;34;34;34;34;37;37;37;37;37;37;40;40;40;40;40;40;43;43;43;43;43;43;46;46;46;46;46;46;49;49;49;49;49;49;49;49
proposals-soc-gate;0;10;18;28;28;30;32;34;34;34;34;34;36;36;36;36;36;36;38;38;38;38;38;38;40;40;40;40;40;40;42;42;42;42;42;42;42;42;42;42;42;42;42;42
proposals-soc-custom-49;0;0;0;0;0;0;0;0;0;0;0;0;0;0;0;0;0;0;0;0;0;0;0;0;0;0;0;0;0;0;0;0;0;0;0;0;0;0;0;0;0;0;0;0
proposals-soc-custom-47;0;0;0;0;0;0;0;0;0;0;0;0;0;0;0;0;0;0;0;0;0;0;0;0;0;0;0;0;0;0;0;0;0;0;0;0;0;0;0;0;0;0;0;0
proposals-soc-custom-48;0;0;0;0;0;0;0;0;0;0;0;0;0;0;0;0;0;0;0;0;0;0;0;0;0;0;0;0;0;0;0;0;0;0;0;0;0;0;0;0;0;0;0;0
proposals-desktop;0;0;0;0;0;0;0;0;0;0;0;0;0;0;0;0;0;0;0;0;0;0;0;0;0;0;0;0;0;0;0;0;0;0;0;0;0;0;0;0;0;0;0;0
proposals-soc-custom-5;0;0;0;0;0;0;0;0;0;0;0;0;0;0;0;0;0;0;0;0;0;0;0;0;0;0;0;0;0;0;0;0;0;0;0;0;0;0;0;0;0;0;0;0
proposals-soc-custom-41;0;0;0;0;0;0;0;0;0;0;0;0;0;0;0;0;0;0;0;0;0;0;0;0;0;0;0;0;0;0;0;0;0;0;0;0;0;0;0;0;0;0;0;0
proposals-soc-custom-42;0;0;0;0;0;0;0;0;0;0;0;0;0;0;0;0;0;0;0;0;0;0;0;0;0;0;0;0;0;0;0;0;0;0;0;0;0;0;0;0;0;0;0;0
proposals-soc-custom-6;0;0;0;0;0;0;0;0;0;0;0;0;0;0;0;0;0;0;0;0;0;0;0;0;0;0;0;0;0;0;0;0;0;0;0;0;0;0;0;0;0;0;0;0
proposals-soc-custom-3;0;0;0;0;0;0;0;0;0;0;0;0;0;0;0;0;0;0;0;0;0;0;0;0;0;0;0;0;0;0;0;0;0;0;0;0;0;0;0;0;0;0;0;0
proposals-soc-custom-4;0;0;0;0;0;0;0;0;0;0;0;0;0;0;0;0;0;0;0;0;0;0;0;0;0;0;0;0;0;0;0;0;0;0;0;0;0;0;0;0;0;0;0;0
proposals-soc-custom-40;0;0;0;0;0;0;0;0;0;0;0;0;0;0;0;0;0;0;0;0;0;0;0;0;0;0;0;0;0;0;0;0;0;0;0;0;0;0;0;0;0;0;0;0
proposals-soc-custom-1;0;0;0;0;0;0;0;0;0;0;0;0;0;0;0;0;0;0;0;0;0;0;0;0;0;0;0;0;0;0;0;0;0;0;0;0;0;0;0;0;0;0;0;0
proposals-soc-custom-45;0;0;0;0;0;0;0;0;0;0;0;0;0;0;0;0;0;0;0;0;0;0;0;0;0;0;0;0;0;0;0;0;0;0;0;0;0;0;0;0;0;0;0;0
proposals-soc-custom-2;0;0;0;0;0;0;0;0;0;0;0;0;0;0;0;0;0;0;0;0;0;0;0;0;0;0;0;0;0;0;0;0;0;0;0;0;0;0;0;0;0;0;0;0
proposals-soc-custom-46;0;0;0;0;0;0;0;0;0;0;0;0;0;0;0;0;0;0;0;0;0;0;0;0;0;0;0;0;0;0;0;0;0;0;0;0;0;0;0;0;0;0;0;0
proposals-soc-custom-43;0;0;0;0;0;0;0;0;0;0;0;0;0;0;0;0;0;0;0;0;0;0;0;0;0;0;0;0;0;0;0;0;0;0;0;0;0;0;0;0;0;0;0;0
proposals-soc-custom-44;0;0;0;0;0;0;0;0;0;0;0;0;0;0;0;0;0;0;0;0;0;0;0;0;0;0;0;0;0;0;0;0;0;0;0;0;0;0;0;0;0;0;0;0
riskCount-global;8;8;8;4;4;3;3;3;3;3;3;3;3;3;3;3;3;3;3;3;3;3;3;3;3;3;3;3;3;3;3;3;3;3;3;3;3;3;3;3;3;3;3;3
riskCount-total;0;0;62;122;122;149;149;215;216;216;217;217;217;237;237;237;237;237;237;257;257;257;257;257;257;277;277;277;277;277;277;297;297;297;297;297;297;314;314;314;314;314;314;314
riskCount-printer;0;0;0;0;0;0;0;0;0;0;0;0;0;0;0;0;0;0;0;0;0;0;0;0;0;0;0;0;0;0;0;0;0;0;0;0;0;0;0;0;0;0;0;0
riskCount-soc-custom-9;0;0;12;12;12;12;12;12;12;12;12;12;12;12;12;12;12;12;12;12;12;12;12;12;12;12;12;12;12;12;12;12;12;12;12;12;12;12;12;12;12;12;12;12
riskCount-soc-custom-7;0;12;12;12;12;12;12;12;12;12;12;12;12;12;12;12;12;12;12;12;12;12;12;12;12;12;12;12;12;12;12;12;12;12;12;12;12;12;12;12;12;12;12;12
riskCount-soc-custom-8;0;12;12;12;12;12;12;12;12;12;12;12;12;12;12;12;12;12;12;12;12;12;12;12;12;12;12;12;12;12;12;12;12;12;12;12;12;12;12;12;12;12;12;12
riskCount-soc-custom-16;0;0;12;12;12;12;12;12;12;12;12;12;12;12;12;12;12;12;12;12;12;12;12;12;12;12;12;12;12;12;12;12;12;12;12;12;12;12;12;12;12;12;12;12
riskCount-soc-custom-17;0;0;12;12;12;12;12;12;12;12;12;12;12;12;12;12;12;12;12;12;12;12;12;12;12;12;12;12;12;12;12;12;12;12;12;12;12;12;12;12;12;12;12;12
riskCount-soc-custom-14;0;12;12;12;12;12;12;12;12;12;12;12;12;12;12;12;12;12;12;12;12;12;12;12;12;12;12;12;12;12;12;12;12;12;12;12;12;12;12;12;12;12;12;12
riskCount-soc-custom-15;0;12;12;12;12;12;12;12;12;12;12;12;12;12;12;12;12;12;12;12;12;12;12;12;12;12;12;12;12;12;12;12;12;12;12;12;12;12;12;12;12;12;12;12
riskCount-soc-alarm;0;12;12;12;12;12;12;12;12;12;12;12;12;12;12;12;12;12;12;12;12;12;12;12;12;12;12;12;12;12;12;12;12;12;12;12;12;12;12;12;12;12;12;12
riskCount-soc-custom-18;0;12;12;12;12;12;12;12;12;12;12;12;12;12;12;12;12;12;12;12;12;12;12;12;12;12;12;12;12;12;12;12;12;12;12;12;12;12;12;12;12;12;12;12
riskCount-soc-custom-19;0;12;12;12;12;12;12;12;12;12;12;12;12;12;12;12;12;12;12;12;12;12;12;12;12;12;12;12;12;12;12;12;12;12;12;12;12;12;12;12;12;12;12;12
riskCount-soc-custom-12;0;12;12;12;12;12;12;12;12;12;12;12;12;12;12;12;12;12;12;12;12;12;12;12;12;12;12;12;12;12;12;12;12;12;12;12;12;12;12;12;12;12;12;12
riskCount-soc-custom-13;0;0;12;12;12;12;12;12;12;12;12;12;12;12;12;12;12;12;12;12;12;12;12;12;12;12;12;12;12;12;12;12;12;12;12;12;12;12;12;12;12;12;12;12
riskCount-soc-custom-10;0;12;12;12;12;12;12;12;12;12;12;12;12;12;12;12;12;12;12;12;12;12;12;12;12;12;12;12;12;12;12;12;12;12;12;12;12;12;12;12;12;12;12;12
riskCount-soc-custom-11;0;12;12;12;12;12;12;12;12;12;12;12;12;12;12;12;12;12;12;12;12;12;12;12;12;12;12;12;12;12;12;12;12;12;12;12;12;12;12;12;12;12;12;12
riskCount-soc-custom-27;0;12;12;12;12;12;12;12;12;12;12;12;12;12;12;12;12;12;12;12;12;12;12;12;12;12;12;12;12;12;12;12;12;12;12;12;12;12;12;12;12;12;12;12
riskCount-soc-custom-28;0;12;12;12;12;12;12;12;12;12;12;12;12;12;12;12;12;12;12;12;12;12;12;12;12;12;12;12;12;12;12;12;12;12;12;12;12;12;12;12;12;12;12;12
riskCount-soc-custom-25;0;12;12;12;12;12;12;12;12;12;12;12;12;12;12;12;12;12;12;12;12;12;12;12;12;12;12;12;12;12;12;12;12;12;12;12;12;12;12;12;12;12;12;12
riskCount-soc-custom-26;0;12;12;12;12;12;12;12;12;12;12;12;12;12;12;12;12;12;12;12;12;12;12;12;12;12;12;12;12;12;12;12;12;12;12;12;12;12;12;12;12;12;12;12
riskCount-soc-custom-29;0;12;12;12;12;12;12;12;12;12;12;12;12;12;12;12;12;12;12;12;12;12;12;12;12;12;12;12;12;12;12;12;12;12;12;12;12;12;12;12;12;12;12;12
riskCount-soc-custom-20;0;0;12;12;12;12;12;12;12;12;12;12;12;12;12;12;12;12;12;12;12;12;12;12;12;12;12;12;12;12;12;12;12;12;12;12;12;12;12;12;12;12;12;12
riskCount-soc-light;0;12;12;12;12;12;12;12;12;12;12;12;12;12;12;12;12;12;12;12;12;12;12;12;12;12;12;12;12;12;12;12;12;12;12;12;12;12;12;12;12;12;12;12
riskCount-soc-custom-23;0;12;12;12;12;12;12;12;12;12;12;12;12;12;12;12;12;12;12;12;12;12;12;12;12;12;12;12;12;12;12;12;12;12;12;12;12;12;12;12;12;12;12;12
riskCount-soc-custom-24;0;12;12;12;12;12;12;12;12;12;12;12;12;12;12;12;12;12;12;12;12;12;12;12;12;12;12;12;12;12;12;12;12;12;12;12;12;12;12;12;12;12;12;12
riskCount-soc-custom-21;0;12;12;12;12;12;12;12;12;12;12;12;12;12;12;12;12;12;12;12;12;12;12;12;12;12;12;12;12;12;12;12;12;12;12;12;12;12;12;12;12;12;12;12
riskCount-soc-custom-22;0;12;12;12;12;12;12;12;12;12;12;12;12;12;12;12;12;12;12;12;12;12;12;12;12;12;12;12;12;12;12;12;12;12;12;12;12;12;12;12;12;12;12;12
riskCount-soc-motion;0;12;12;12;12;12;12;12;12;12;12;12;12;12;12;12;12;12;12;12;12;12;12;12;12;12;12;12;12;12;12;12;12;12;12;12;12;12;12;12;12;12;12;12
riskCount-soc-humidity;0;12;12;12;12;12;12;12;12;12;12;12;12;12;12;12;12;12;12;12;12;12;12;12;12;12;12;12;12;12;12;12;12;12;12;12;12;12;12;12;12;12;12;12
riskCount-server;1;1;1;1;1;1;1;1;1;1;1;1;1;1;1;1;1;1;1;1;1;1;1;1;1;1;1;1;1;1;1;1;1;1;1;1;1;1;1;1;1;1;1;1
riskCount-soc-smoke;0;12;12;12;12;12;12;12;12;12;12;12;12;12;12;12;12;12;12;12;12;12;12;12;12;12;12;12;12;12;12;12;12;12;12;12;12;12;12;12;12;12;12;12
riskCount-soc-temperature;0;12;12;12;12;12;12;12;12;12;12;12;12;12;12;12;12;12;12;12;12;12;12;12;12;12;12;12;12;12;12;12;12;12;12;12;12;12;12;12;12;12;12;12
riskCount-soc-custom-50;0;12;12;12;12;12;12;12;12;12;12;12;12;12;12;12;12;12;12;12;12;12;12;12;12;12;12;12;12;12;12;12;12;12;12;12;12;12;12;12;12;12;12;12
riskCount-iot-controller;1;12;12;12;12;12;12;12;12;12;12;12;12;12;12;12;12;12;12;12;12;12;12;12;12;12;12;12;12;12;12;12;12;12;12;12;12;12;12;12;12;12;12;12
riskCount-soc-custom-38;0;12;12;12;12;12;12;12;12;12;12;12;12;12;12;12;12;12;12;12;12;12;12;12;12;12;12;12;12;12;12;12;12;12;12;12;12;12;12;12;12;12;12;12
riskCount-soc-custom-39;0;12;12;12;12;12;12;12;12;12;12;12;12;12;12;12;12;12;12;12;12;12;12;12;12;12;12;12;12;12;12;12;12;12;12;12;12;12;12;12;12;12;12;12
riskCount-soc-custom-36;0;12;12;12;12;12;12;12;12;12;12;12;12;12;12;12;12;12;12;12;12;12;12;12;12;12;12;12;12;12;12;12;12;12;12;12;12;12;12;12;12;12;12;12
riskCount-soc-custom-37;0;12;12;12;12;12;12;12;12;12;12;12;12;12;12;12;12;12;12;12;12;12;12;12;12;12;12;12;12;12;12;12;12;12;12;12;12;12;12;12;12;12;12;12
riskCount-soc-custom-30;0;12;12;12;12;12;12;12;12;12;12;12;12;12;12;12;12;12;12;12;12;12;12;12;12;12;12;12;12;12;12;12;12;12;12;12;12;12;12;12;12;12;12;12
riskCount-soc-custom-31;0;12;12;12;12;12;12;12;12;12;12;12;12;12;12;12;12;12;12;12;12;12;12;12;12;12;12;12;12;12;12;12;12;12;12;12;12;12;12;12;12;12;12;12
riskCount-soc-custom-34;0;12;12;12;12;12;12;12;12;12;12;12;12;12;12;12;12;12;12;12;12;12;12;12;12;12;12;12;12;12;12;12;12;12;12;12;12;12;12;12;12;12;12;12
riskCount-soc-custom-35;0;12;12;12;12;12;12;12;12;12;12;12;12;12;12;12;12;12;12;12;12;12;12;12;12;12;12;12;12;12;12;12;12;12;12;12;12;12;12;12;12;12;12;12
riskCount-soc-custom-32;0;12;12;12;12;12;12;12;12;12;12;12;12;12;12;12;12;12;12;12;12;12;12;12;12;12;12;12;12;12;12;12;12;12;12;12;12;12;12;12;12;12;12;12
riskCount-soc-custom-33;0;12;12;12;12;12;12;12;12;12;12;12;12;12;12;12;12;12;12;12;12;12;12;12;12;12;12;12;12;12;12;12;12;12;12;12;12;12;12;12;12;12;12;12
riskCount-soc-door-lock;0;12;12;12;12;12;12;12;12;12;12;12;12;12;12;12;12;12;12;12;12;12;12;12;12;12;12;12;12;12;12;12;12;12;12;12;12;12;12;12;12;12;12;12
riskCount-soc-gate;1;12;12;12;12;12;12;12;12;12;12;12;12;12;12;12;12;12;12;12;12;12;12;12;12;12;12;12;12;12;12;12;12;12;12;12;12;12;12;12;12;12;12;12
riskCount-soc-custom-49;0;12;12;12;12;12;12;12;12;12;12;12;12;12;12;12;12;12;12;12;12;12;12;12;12;12;12;12;12;12;12;12;12;12;12;12;12;12;12;12;12;12;12;12
riskCount-soc-custom-47;0;12;12;12;12;12;12;12;12;12;12;12;12;12;12;12;12;12;12;12;12;12;12;12;12;12;12;12;12;12;12;12;12;12;12;12;12;12;12;12;12;12;12;12
riskCount-soc-custom-48;0;12;12;12;12;12;12;12;12;12;12;12;12;12;12;12;12;12;12;12;12;12;12;12;12;12;12;12;12;12;12;12;12;12;12;12;12;12;12;12;12;12;12;12
riskCount-desktop;0;0;12;12;12;12;12;12;12;12;12;12;12;12;12;12;12;12;12;12;12;12;12;12;12;12;12;12;12;12;12;12;12;12;12;12;12;12;12;12;12;12;12;12
riskCount-soc-custom-5;0;12;12;12;12;12;12;12;12;12;12;12;12;12;12;12;12;12;12;12;12;12;12;12;12;12;12;12;12;12;12;12;12;12;12;12;12;12;12;12;12;12;12;12
riskCount-soc-custom-41;0;0;12;12;12;12;12;12;12;12;12;12;12;12;12;12;12;12;12;12;12;12;12;12;12;12;12;12;12;12;12;12;12;12;12;12;12;12;12;12;12;12;12;12
riskCount-soc-custom-42;0;12;12;12;12;12;12;12;12;12;12;12;12;12;12;12;12;12;12;12;12;12;12;12;12;12;12;12;12;12;12;12;12;12;12;12;12;12;12;12;12;12;12;12
riskCount-soc-custom-6;0;12;12;12;12;12;12;12;12;12;12;12;12;12;12;12;12;12;12;12;12;12;12;12;12;12;12;12;12;12;12;12;12;12;12;12;12;12;12;12;12;12;12;12
riskCount-soc-custom-3;0;12;12;12;12;12;12;12;12;12;12;12;12;12;12;12;12;12;12;12;12;12;12;12;12;12;12;12;12;12;12;12;12;12;12;12;12;12;12;12;12;12;12;12
riskCount-soc-custom-4;0;12;12;12;12;12;12;12;12;12;12;12;12;12;12;12;12;12;12;12;12;12;12;12;12;12;12;12;12;12;12;12;12;12;12;12;12;12;12;12;12;12;12;12
riskCount-soc-custom-40;0;12;12;12;12;12;12;12;12;12;12;12;12;12;12;12;12;12;12;12;12;12;12;12;12;12;12;12;12;12;12;12;12;12;12;12;12;12;12;12;12;12;12;12
riskCount-soc-custom-1;0;12;12;12;12;12;12;12;12;12;12;12;12;12;12;12;12;12;12;12;12;12;12;12;12;12;12;12;12;12;12;12;12;12;12;12;12;12;12;12;12;12;12;12
riskCount-soc-custom-45;0;12;12;12;12;12;12;12;12;12;12;12;12;12;12;12;12;12;12;12;12;12;12;12;12;12;12;12;12;12;12;12;12;12;12;12;12;12;12;12;12;12;12;12
riskCount-soc-custom-2;0;12;12;12;12;12;12;12;12;12;12;12;12;12;12;12;12;12;12;12;12;12;12;12;12;12;12;12;12;12;12;12;12;12;12;12;12;12;12;12;12;12;12;12
riskCount-soc-custom-46;0;0;12;12;12;12;12;12;12;12;12;12;12;12;12;12;12;12;12;12;12;12;12;12;12;12;12;12;12;12;12;12;12;12;12;12;12;12;12;12;12;12;12;12
riskCount-soc-custom-43;0;12;12;12;12;12;12;12;12;12;12;12;12;12;12;12;12;12;12;12;12;12;12;12;12;12;12;12;12;12;12;12;12;12;12;12;12;12;12;12;12;12;12;12
riskCount-soc-custom-44;0;12;12;12;12;12;12;12;12;12;12;12;12;12;12;12;12;12;12;12;12;12;12;12;12;12;12;12;12;12;12;12;12;12;12;12;12;12;12;12;12;12;12;12
riskUnique-global;25;25;25;25;25;25;25;25;25;25;25;25;25;25;25;25;25;25;25;25;25;25;25;25;25;25;25;25;25;25;25;25;25;25;25;25;25;25;25;25;25;25;25;25
riskUnique-total;0;0;38;81;81;107;107;127;128;128;129;129;129;129;129;129;129;129;129;129;129;129;129;129;129;129;129;129;129;129;129;129;129;129;129;129;129;129;129;129;129;129;129;129
riskDamage-global;636,01;636,01;621,41;366,27;366,27;230,29;230,29;230,02;229,15;229,15;228,42;228,42;228,42;228,42;228,42;228,42;228,42;228,42;228,42;228,42;228,42;228,42;228,42;228,42;228,42;228,42;228,42;228,42;228,42;228,42;228,42;228,42;228,42;228,42;228,42;228,42;228,42;228,42;228,42;228,42;228,42;228,42;228,42;228,42
riskDamage-printer;0,00;0,00;0,00;0,00;0,00;0,00;0,00;0,00;0,00;0,00;0,00;0,00;0,00;0,00;0,00;0,00;0,00;0,00;0,00;0,00;0,00;0,00;0,00;0,00;0,00;0,00;0,00;0,00;0,00;0,00;0,00;0,00;0,00;0,00;0,00;0,00;0,00;0,00;0,00;0,00;0,00;0,00;0,00;0,00
riskDamage-%-printer;0,0000;0,0000;0,0000;0,0000;0,0000;0,0000;0,0000;0,0000;0,0000;0,0000;0,0000;0,0000;0,0000;0,0000;0,0000;0,0000;0,0000;0,0000;0,0000;0,0000;0,0000;0,0000;0,0000;0,0000;0,0000;0,0000;0,0000;0,0000;0,0000;0,0000;0,0000;0,0000;0,0000;0,0000;0,0000;0,0000;0,0000;0,0000;0,0000;0,0000;0,0000;0,0000;0,0000;0,0000
riskDamage-soc-custom-9;0,00;0,00;313,38;219,51;219,51;134,78;134,78;108,07;108,07;108,07;108,07;108,07;108,07;108,07;108,07;108,07;108,07;108,07;108,07;108,07;108,07;108,07;108,07;108,07;108,07;108,07;108,07;108,07;108,07;108,07;108,07;108,07;108,07;108,07;108,07;108,07;108,07;108,07;108,07;108,07;108,07;108,07;108,07;108,07
riskDamage-%-soc-custom-9;0,0000;0,0000;0,5043;0,5993;0,5993;0,5853;0,5853;0,4698;0,4716;0,4716;0,4731;0,4731;0,4731;0,4731;0,4731;0,4731;0,4731;0,4731;0,4731;0,4731;0,4731;0,4731;0,4731;0,4731;0,4731;0,4731;0,4731;0,4731;0,4731;0,4731;0,4731;0,4731;0,4731;0,4731;0,4731;0,4731;0,4731;0,4731;0,4731;0,4731;0,4731;0,4731;0,4731;0,4731
riskDamage-soc-custom-7;0,00;317,35;313,38;219,51;219,51;134,78;134,78;108,07;108,07;108,07;108,07;108,07;108,07;108,07;108,07;108,07;108,07;108,07;108,07;108,07;108,07;108,07;108,07;108,07;108,07;108,07;108,07;108,07;108,07;108,07;108,07;108,07;108,07;108,07;108,07;108,07;108,07;108,07;108,07;108,07;108,07;108,07;108,07;108,07
riskDamage-%-soc-custom-7;0,0000;0,4990;0,5043;0,5993;0,5993;0,5853;0,5853;0,4698;0,4716;0,4716;0,4731;0,4731;0,4731;0,4731;0,4731;0,4731;0,4731;0,4731;0,4731;0,4731;0,4731;0,4731;0,4731;0,4731;0,4731;0,4731;0,4731;0,4731;0,4731;0,4731;0,4731;0,4731;0,4731;0,4731;0,4731;0,4731;0,4731;0,4731;0,4731;0,4731;0,4731;0,4731;0,4731;0,4731
riskDamage-soc-custom-8;0,00;317,35;313,38;219,51;219,51;134,78;134,78;108,07;108,07;108,07;108,07;108,07;108,07;108,07;108,07;108,07;108,07;108,07;108,07;108,07;108,07;108,07;108,07;108,07;108,07;108,07;108,07;108,07;108,07;108,07;108,07;108,07;108,07;108,07;108,07;108,07;108,07;108,07;108,07;108,07;108,07;108,07;108,07;108,07
riskDamage-%-soc-custom-8;0,0000;0,4990;0,5043;0,5993;0,5993;0,5853;0,5853;0,4698;0,4716;0,4716;0,4731;0,4731;0,4731;0,4731;0,4731;0,4731;0,4731;0,4731;0,4731;0,4731;0,4731;0,4731;0,4731;0,4731;0,4731;0,4731;0,4731;0,4731;0,4731;0,4731;0,4731;0,4731;0,4731;0,4731;0,4731;0,4731;0,4731;0,4731;0,4731;0,4731;0,4731;0,4731;0,4731;0,4731
riskDamage-soc-custom-16;0,00;0,00;313,38;219,51;219,51;134,78;134,78;108,07;108,07;108,07;108,07;108,07;108,07;108,07;108,07;108,07;108,07;108,07;108,07;108,07;108,07;108,07;108,07;108,07;108,07;108,07;108,07;108,07;108,07;108,07;108,07;108,07;108,07;108,07;108,07;108,07;108,07;108,07;108,07;108,07;108,07;108,07;108,07;108,07
riskDamage-%-soc-custom-16;0,0000;0,0000;0,5043;0,5993;0,5993;0,5853;0,5853;0,4698;0,4716;0,4716;0,4731;0,4731;0,4731;0,4731;0,4731;0,4731;0,4731;0,4731;0,4731;0,4731;0,4731;0,4731;0,4731;0,4731;0,4731;0,4731;0,4731;0,4731;0,4731;0,4731;0,4731;0,4731;0,4731;0,4731;0,4731;0,4731;0,4731;0,4731;0,4731;0,4731;0,4731;0,4731;0,4731;0,4731
riskDamage-soc-custom-17;0,00;0,00;313,38;219,51;219,51;134,78;134,78;108,07;108,07;108,07;108,07;108,07;108,07;108,07;108,07;108,07;108,07;108,07;108,07;108,07;108,07;108,07;108,07;108,07;108,07;108,07;108,07;108,07;108,07;108,07;108,07;108,07;108,07;108,07;108,07;108,07;108,07;108,07;108,07;108,07;108,07;108,07;108,07;108,07
riskDamage-%-soc-custom-17;0,0000;0,0000;0,5043;0,5993;0,5993;0,5853;0,5853;0,4698;0,4716;0,4716;0,4731;0,4731;0,4731;0,4731;0,4731;0,4731;0,4731;0,4731;0,4731;0,4731;0,4731;0,4731;0,4731;0,4731;0,4731;0,4731;0,4731;0,4731;0,4731;0,4731;0,4731;0,4731;0,4731;0,4731;0,4731;0,4731;0,4731;0,4731;0,4731;0,4731;0,4731;0,4731;0,4731;0,4731
riskDamage-soc-custom-14;0,00;317,35;313,38;219,51;219,51;134,78;134,78;108,07;108,07;108,07;108,07;108,07;108,07;108,07;108,07;108,07;108,07;108,07;108,07;108,07;108,07;108,07;108,07;108,07;108,07;108,07;108,07;108,07;108,07;108,07;108,07;108,07;108,07;108,07;108,07;108,07;108,07;108,07;108,07;108,07;108,07;108,07;108,07;108,07
riskDamage-%-soc-custom-14;0,0000;0,4990;0,5043;0,5993;0,5993;0,5853;0,5853;0,4698;0,4716;0,4716;0,4731;0,4731;0,4731;0,4731;0,4731;0,4731;0,4731;0,4731;0,4731;0,4731;0,4731;0,4731;0,4731;0,4731;0,4731;0,4731;0,4731;0,4731;0,4731;0,4731;0,4731;0,4731;0,4731;0,4731;0,4731;0,4731;0,4731;0,4731;0,4731;0,4731;0,4731;0,4731;0,4731;0,4731
riskDamage-soc-custom-15;0,00;317,35;313,38;219,51;219,51;134,78;134,78;108,07;108,07;108,07;108,07;108,07;108,07;108,07;108,07;108,07;108,07;108,07;108,07;108,07;108,07;108,07;108,07;108,07;108,07;108,07;108,07;108,07;108,07;108,07;108,07;108,07;108,07;108,07;108,07;108,07;108,07;108,07;108,07;108,07;108,07;108,07;108,07;108,07
riskDamage-%-soc-custom-15;0,0000;0,4990;0,5043;0,5993;0,5993;0,5853;0,5853;0,4698;0,4716;0,4716;0,4731;0,4731;0,4731;0,4731;0,4731;0,4731;0,4731;0,4731;0,4731;0,4731;0,4731;0,4731;0,4731;0,4731;0,4731;0,4731;0,4731;0,4731;0,4731;0,4731;0,4731;0,4731;0,4731;0,4731;0,4731;0,4731;0,4731;0,4731;0,4731;0,4731;0,4731;0,4731;0,4731;0,4731
riskDamage-soc-alarm;0,00;317,35;309,12;214,77;214,77;132,12;132,12;108,07;108,07;108,07;108,07;108,07;108,07;108,07;108,07;108,07;108,07;108,07;108,07;108,07;108,07;108,07;108,07;108,07;108,07;108,07;108,07;108,07;108,07;108,07;108,07;108,07;108,07;108,07;108,07;108,07;108,07;108,07;108,07;108,07;108,07;108,07;108,07;108,07
riskDamage-%-soc-alarm;0,0000;0,4990;0,4974;0,5864;0,5864;0,5737;0,5737;0,4698;0,4716;0,4716;0,4731;0,4731;0,4731;0,4731;0,4731;0,4731;0,4731;0,4731;0,4731;0,4731;0,4731;0,4731;0,4731;0,4731;0,4731;0,4731;0,4731;0,4731;0,4731;0,4731;0,4731;0,4731;0,4731;0,4731;0,4731;0,4731;0,4731;0,4731;0,4731;0,4731;0,4731;0,4731;0,4731;0,4731
riskDamage-soc-custom-18;0,00;317,35;313,38;219,51;219,51;134,78;134,78;108,07;108,07;108,07;108,07;108,07;108,07;108,07;108,07;108,07;108,07;108,07;108,07;108,07;108,07;108,07;108,07;108,07;108,07;108,07;108,07;108,07;108,07;108,07;108,07;108,07;108,07;108,07;108,07;108,07;108,07;108,07;108,07;108,07;108,07;108,07;108,07;108,07
riskDamage-%-soc-custom-18;0,0000;0,4990;0,5043;0,5993;0,5993;0,5853;0,5853;0,4698;0,4716;0,4716;0,4731;0,4731;0,4731;0,4731;0,4731;0,4731;0,4731;0,4731;0,4731;0,4731;0,4731;0,4731;0,4731;0,4731;0,4731;0,4731;0,4731;0,4731;0,4731;0,4731;0,4731;0,4731;0,4731;0,4731;0,4731;0,4731;0,4731;0,4731;0,4731;0,4731;0,4731;0,4731;0,4731;0,4731
riskDamage-soc-custom-19;0,00;317,35;313,38;219,51;219,51;134,78;134,78;108,07;108,07;108,07;108,07;108,07;108,07;108,07;108,07;108,07;108,07;108,07;108,07;108,07;108,07;108,07;108,07;108,07;108,07;108,07;108,07;108,07;108,07;108,07;108,07;108,07;108,07;108,07;108,07;108,07;108,07;108,07;108,07;108,07;108,07;108,07;108,07;108,07
riskDamage-%-soc-custom-19;0,0000;0,4990;0,5043;0,5993;0,5993;0,5853;0,5853;0,4698;0,4716;0,4716;0,4731;0,4731;0,4731;0,4731;0,4731;0,4731;0,4731;0,4731;0,4731;0,4731;0,4731;0,4731;0,4731;0,4731;0,4731;0,4731;0,4731;0,4731;0,4731;0,4731;0,4731;0,4731;0,4731;0,4731;0,4731;0,4731;0,4731;0,4731;0,4731;0,4731;0,4731;0,4731;0,4731;0,4731
riskDamage-soc-custom-12;0,00;317,35;313,38;219,51;219,51;134,78;134,78;108,07;108,07;108,07;108,07;108,07;108,07;108,07;108,07;108,07;108,07;108,07;108,07;108,07;108,07;108,07;108,07;108,07;108,07;108,07;108,07;108,07;108,07;108,07;108,07;108,07;108,07;108,07;108,07;108,07;108,07;108,07;108,07;108,07;108,07;108,07;108,07;108,07
riskDamage-%-soc-custom-12;0,0000;0,4990;0,5043;0,5993;0,5993;0,5853;0,5853;0,4698;0,4716;0,4716;0,4731;0,4731;0,4731;0,4731;0,4731;0,4731;0,4731;0,4731;0,4731;0,4731;0,4731;0,4731;0,4731;0,4731;0,4731;0,4731;0,4731;0,4731;0,4731;0,4731;0,4731;0,4731;0,4731;0,4731;0,4731;0,4731;0,4731;0,4731;0,4731;0,4731;0,4731;0,4731;0,4731;0,4731
riskDamage-soc-custom-13;0,00;0,00;313,38;219,51;219,51;134,78;134,78;108,07;108,07;108,07;108,07;108,07;108,07;108,07;108,07;108,07;108,07;108,07;108,07;108,07;108,07;108,07;108,07;108,07;108,07;108,07;108,07;108,07;108,07;108,07;108,07;108,07;108,07;108,07;108,07;108,07;108,07;108,07;108,07;108,07;108,07;108,07;108,07;108,07
riskDamage-%-soc-custom-13;0,0000;0,0000;0,5043;0,5993;0,5993;0,5853;0,5853;0,4698;0,4716;0,4716;0,4731;0,4731;0,4731;0,4731;0,4731;0,4731;0,4731;0,4731;0,4731;0,4731;0,4731;0,4731;0,4731;0,4731;0,4731;0,4731;0,4731;0,4731;0,4731;0,4731;0,4731;0,4731;0,4731;0,4731;0,4731;0,4731;0,4731;0,4731;0,4731;0,4731;0,4731;0,4731;0,4731;0,4731
riskDamage-soc-custom-10;0,00;317,35;313,38;219,51;219,51;134,78;134,78;108,07;108,07;108,07;108,07;108,07;108,07;108,07;108,07;108,07;108,07;108,07;108,07;108,07;108,07;108,07;108,07;108,07;108,07;108,07;108,07;108,07;108,07;108,07;108,07;108,07;108,07;108,07;108,07;108,07;108,07;108,07;108,07;108,07;108,07;108,07;108,07;108,07
riskDamage-%-soc-custom-10;0,0000;0,4990;0,5043;0,5993;0,5993;0,5853;0,5853;0,4698;0,4716;0,4716;0,4731;0,4731;0,4731;0,4731;0,4731;0,4731;0,4731;0,4731;0,4731;0,4731;0,4731;0,4731;0,4731;0,4731;0,4731;0,4731;0,4731;0,4731;0,4731;0,4731;0,4731;0,4731;0,4731;0,4731;0,4731;0,4731;0,4731;0,4731;0,4731;0,4731;0,4731;0,4731;0,4731;0,4731
riskDamage-soc-custom-11;0,00;317,35;313,38;219,51;219,51;134,78;134,78;108,07;108,07;108,07;108,07;108,07;108,07;108,07;108,07;108,07;108,07;108,07;108,07;108,07;108,07;108,07;108,07;108,07;108,07;108,07;108,07;108,07;108,07;108,07;108,07;108,07;108,07;108,07;108,07;108,07;108,07;108,07;108,07;108,07;108,07;108,07;108,07;108,07
riskDamage-%-soc-custom-11;0,0000;0,4990;0,5043;0,5993;0,5993;0,5853;0,5853;0,4698;0,4716;0,4716;0,4731;0,4731;0,4731;0,4731;0,4731;0,4731;0,4731;0,4731;0,4731;0,4731;0,4731;0,4731;0,4731;0,4731;0,4731;0,4731;0,4731;0,4731;0,4731;0,4731;0,4731;0,4731;0,4731;0,4731;0,4731;0,4731;0,4731;0,4731;0,4731;0,4731;0,4731;0,4731;0,4731;0,4731
riskDamage-soc-custom-27;0,00;317,35;313,38;219,51;219,51;134,78;134,78;108,07;108,07;108,07;108,07;108,07;108,07;108,07;108,07;108,07;108,07;108,07;108,07;108,07;108,07;108,07;108,07;108,07;108,07;108,07;108,07;108,07;108,07;108,07;108,07;108,07;108,07;108,07;108,07;108,07;108,07;108,07;108,07;108,07;108,07;108,07;108,07;108,07
riskDamage-%-soc-custom-27;0,0000;0,4990;0,5043;0,5993;0,5993;0,5853;0,5853;0,4698;0,4716;0,4716;0,4731;0,4731;0,4731;0,4731;0,4731;0,4731;0,4731;0,4731;0,4731;0,4731;0,4731;0,4731;0,4731;0,4731;0,4731;0,4731;0,4731;0,4731;0,4731;0,4731;0,4731;0,4731;0,4731;0,4731;0,4731;0,4731;0,4731;0,4731;0,4731;0,4731;0,4731;0,4731;0,4731;0,4731
riskDamage-soc-custom-28;0,00;317,35;313,38;219,51;219,51;134,78;134,78;108,07;108,07;108,07;108,07;108,07;108,07;108,07;108,07;108,07;108,07;108,07;108,07;108,07;108,07;108,07;108,07;108,07;108,07;108,07;108,07;108,07;108,07;108,07;108,07;108,07;108,07;108,07;108,07;108,07;108,07;108,07;108,07;108,07;108,07;108,07;108,07;108,07
riskDamage-%-soc-custom-28;0,0000;0,4990;0,5043;0,5993;0,5993;0,5853;0,5853;0,4698;0,4716;0,4716;0,4731;0,4731;0,4731;0,4731;0,4731;0,4731;0,4731;0,4731;0,4731;0,4731;0,4731;0,4731;0,4731;0,4731;0,4731;0,4731;0,4731;0,4731;0,4731;0,4731;0,4731;0,4731;0,4731;0,4731;0,4731;0,4731;0,4731;0,4731;0,4731;0,4731;0,4731;0,4731;0,4731;0,4731
riskDamage-soc-custom-25;0,00;317,35;313,38;219,51;219,51;134,78;134,78;108,07;108,07;108,07;108,07;108,07;108,07;108,07;108,07;108,07;108,07;108,07;108,07;108,07;108,07;108,07;108,07;108,07;108,07;108,07;108,07;108,07;108,07;108,07;108,07;108,07;108,07;108,07;108,07;108,07;108,07;108,07;108,07;108,07;108,07;108,07;108,07;108,07
riskDamage-%-soc-custom-25;0,0000;0,4990;0,5043;0,5993;0,5993;0,5853;0,5853;0,4698;0,4716;0,4716;0,4731;0,4731;0,4731;0,4731;0,4731;0,4731;0,4731;0,4731;0,4731;0,4731;0,4731;0,4731;0,4731;0,4731;0,4731;0,4731;0,4731;0,4731;0,4731;0,4731;0,4731;0,4731;0,4731;0,4731;0,4731;0,4731;0,4731;0,4731;0,4731;0,4731;0,4731;0,4731;0,4731;0,4731
riskDamage-soc-custom-26;0,00;317,35;313,38;219,51;219,51;134,78;134,78;108,07;108,07;108,07;108,07;108,07;108,07;108,07;108,07;108,07;108,07;108,07;108,07;108,07;108,07;108,07;108,07;108,07;108,07;108,07;108,07;108,07;108,07;108,07;108,07;108,07;108,07;108,07;108,07;108,07;108,07;108,07;108,07;108,07;108,07;108,07;108,07;108,07
riskDamage-%-soc-custom-26;0,0000;0,4990;0,5043;0,5993;0,5993;0,5853;0,5853;0,4698;0,4716;0,4716;0,4731;0,4731;0,4731;0,4731;0,4731;0,4731;0,4731;0,4731;0,4731;0,4731;0,4731;0,4731;0,4731;0,4731;0,4731;0,4731;0,4731;0,4731;0,4731;0,4731;0,4731;0,4731;0,4731;0,4731;0,4731;0,4731;0,4731;0,4731;0,4731;0,4731;0,4731;0,4731;0,4731;0,4731
riskDamage-soc-custom-29;0,00;317,35;313,38;219,51;219,51;134,78;134,78;108,07;108,07;108,07;108,07;108,07;108,07;108,07;108,07;108,07;108,07;108,07;108,07;108,07;108,07;108,07;108,07;108,07;108,07;108,07;108,07;108,07;108,07;108,07;108,07;108,07;108,07;108,07;108,07;108,07;108,07;108,07;108,07;108,07;108,07;108,07;108,07;108,07
riskDamage-%-soc-custom-29;0,0000;0,4990;0,5043;0,5993;0,5993;0,5853;0,5853;0,4698;0,4716;0,4716;0,4731;0,4731;0,4731;0,4731;0,4731;0,4731;0,4731;0,4731;0,4731;0,4731;0,4731;0,4731;0,4731;0,4731;0,4731;0,4731;0,4731;0,4731;0,4731;0,4731;0,4731;0,4731;0,4731;0,4731;0,4731;0,4731;0,4731;0,4731;0,4731;0,4731;0,4731;0,4731;0,4731;0,4731
riskDamage-soc-custom-20;0,00;0,00;313,38;219,51;219,51;134,78;134,78;108,07;108,07;108,07;108,07;108,07;108,07;108,07;108,07;108,07;108,07;108,07;108,07;108,07;108,07;108,07;108,07;108,07;108,07;108,07;108,07;108,07;108,07;108,07;108,07;108,07;108,07;108,07;108,07;108,07;108,07;108,07;108,07;108,07;108,07;108,07;108,07;108,07
riskDamage-%-soc-custom-20;0,0000;0,0000;0,5043;0,5993;0,5993;0,5853;0,5853;0,4698;0,4716;0,4716;0,4731;0,4731;0,4731;0,4731;0,4731;0,4731;0,4731;0,4731;0,4731;0,4731;0,4731;0,4731;0,4731;0,4731;0,4731;0,4731;0,4731;0,4731;0,4731;0,4731;0,4731;0,4731;0,4731;0,4731;0,4731;0,4731;0,4731;0,4731;0,4731;0,4731;0,4731;0,4731;0,4731;0,4731
riskDamage-soc-light;0,00;317,35;313,38;219,51;219,51;134,78;134,78;108,07;108,07;108,07;108,07;108,07;108,07;108,07;108,07;108,07;108,07;108,07;108,07;108,07;108,07;108,07;108,07;108,07;108,07;108,07;108,07;108,07;108,07;108,07;108,07;108,07;108,07;108,07;108,07;108,07;108,07;108,07;108,07;108,07;108,07;108,07;108,07;108,07
riskDamage-%-soc-light;0,0000;0,4990;0,5043;0,5993;0,5993;0,5853;0,5853;0,4698;0,4716;0,4716;0,4731;0,4731;0,4731;0,4731;0,4731;0,4731;0,4731;0,4731;0,4731;0,4731;0,4731;0,4731;0,4731;0,4731;0,4731;0,4731;0,4731;0,4731;0,4731;0,4731;0,4731;0,4731;0,4731;0,4731;0,4731;0,4731;0,4731;0,4731;0,4731;0,4731;0,4731;0,4731;0,4731;0,4731
riskDamage-soc-custom-23;0,00;317,35;313,38;219,51;219,51;134,78;134,78;108,07;108,07;108,07;108,07;108,07;108,07;108,07;108,07;108,07;108,07;108,07;108,07;108,07;108,07;108,07;108,07;108,07;108,07;108,07;108,07;108,07;108,07;108,07;108,07;108,07;108,07;108,07;108,07;108,07;108,07;108,07;108,07;108,07;108,07;108,07;108,07;108,07
riskDamage-%-soc-custom-23;0,0000;0,4990;0,5043;0,5993;0,5993;0,5853;0,5853;0,4698;0,4716;0,4716;0,4731;0,4731;0,4731;0,4731;0,4731;0,4731;0,4731;0,4731;0,4731;0,4731;0,4731;0,4731;0,4731;0,4731;0,4731;0,4731;0,4731;0,4731;0,4731;0,4731;0,4731;0,4731;0,4731;0,4731;0,4731;0,4731;0,4731;0,4731;0,4731;0,4731;0,4731;0,4731;0,4731;0,4731
riskDamage-soc-custom-24;0,00;317,35;313,38;219,51;219,51;134,78;134,78;108,07;108,07;108,07;108,07;108,07;108,07;108,07;108,07;108,07;108,07;108,07;108,07;108,07;108,07;108,07;108,07;108,07;108,07;108,07;108,07;108,07;108,07;108,07;108,07;108,07;108,07;108,07;108,07;108,07;108,07;108,07;108,07;108,07;108,07;108,07;108,07;108,07
riskDamage-%-soc-custom-24;0,0000;0,4990;0,5043;0,5993;0,5993;0,5853;0,5853;0,4698;0,4716;0,4716;0,4731;0,4731;0,4731;0,4731;0,4731;0,4731;0,4731;0,4731;0,4731;0,4731;0,4731;0,4731;0,4731;0,4731;0,4731;0,4731;0,4731;0,4731;0,4731;0,4731;0,4731;0,4731;0,4731;0,4731;0,4731;0,4731;0,4731;0,4731;0,4731;0,4731;0,4731;0,4731;0,4731;0,4731
riskDamage-soc-custom-21;0,00;317,35;313,38;219,51;219,51;134,78;134,78;108,07;108,07;108,07;108,07;108,07;108,07;108,07;108,07;108,07;108,07;108,07;108,07;108,07;108,07;108,07;108,07;108,07;108,07;108,07;108,07;108,07;108,07;108,07;108,07;108,07;108,07;108,07;108,07;108,07;108,07;108,07;108,07;108,07;108,07;108,07;108,07;108,07
riskDamage-%-soc-custom-21;0,0000;0,4990;0,5043;0,5993;0,5993;0,5853;0,5853;0,4698;0,4716;0,4716;0,4731;0,4731;0,4731;0,4731;0,4731;0,4731;0,4731;0,4731;0,4731;0,4731;0,4731;0,4731;0,4731;0,4731;0,4731;0,4731;0,4731;0,4731;0,4731;0,4731;0,4731;0,4731;0,4731;0,4731;0,4731;0,4731;0,4731;0,4731;0,4731;0,4731;0,4731;0,4731;0,4731;0,4731
riskDamage-soc-custom-22;0,00;317,35;313,38;219,51;219,51;134,78;134,78;108,07;108,07;108,07;108,07;108,07;108,07;108,07;108,07;108,07;108,07;108,07;108,07;108,07;108,07;108,07;108,07;108,07;108,07;108,07;108,07;108,07;108,07;108,07;108,07;108,07;108,07;108,07;108,07;108,07;108,07;108,07;108,07;108,07;108,07;108,07;108,07;108,07
riskDamage-%-soc-custom-22;0,0000;0,4990;0,5043;0,5993;0,5993;0,5853;0,5853;0,4698;0,4716;0,4716;0,4731;0,4731;0,4731;0,4731;0,4731;0,4731;0,4731;0,4731;0,4731;0,4731;0,4731;0,4731;0,4731;0,4731;0,4731;0,4731;0,4731;0,4731;0,4731;0,4731;0,4731;0,4731;0,4731;0,4731;0,4731;0,4731;0,4731;0,4731;0,4731;0,4731;0,4731;0,4731;0,4731;0,4731
riskDamage-soc-motion;0,00;317,35;309,38;217,31;217,31;134,12;134,12;108,07;108,07;108,07;108,07;108,07;108,07;108,07;108,07;108,07;108,07;108,07;108,07;108,07;108,07;108,07;108,07;108,07;108,07;108,07;108,07;108,07;108,07;108,07;108,07;108,07;108,07;108,07;108,07;108,07;108,07;108,07;108,07;108,07;108,07;108,07;108,07;108,07
riskDamage-%-soc-motion;0,0000;0,4990;0,4979;0,5933;0,5933;0,5824;0,5824;0,4698;0,4716;0,4716;0,4731;0,4731;0,4731;0,4731;0,4731;0,4731;0,4731;0,4731;0,4731;0,4731;0,4731;0,4731;0,4731;0,4731;0,4731;0,4731;0,4731;0,4731;0,4731;0,4731;0,4731;0,4731;0,4731;0,4731;0,4731;0,4731;0,4731;0,4731;0,4731;0,4731;0,4731;0,4731;0,4731;0,4731
riskDamage-soc-humidity;0,00;317,33;309,38;217,31;217,31;134,12;134,12;108,07;108,07;108,07;108,07;108,07;108,07;108,07;108,07;108,07;108,07;108,07;108,07;108,07;108,07;108,07;108,07;108,07;108,07;108,07;108,07;108,07;108,07;108,07;108,07;108,07;108,07;108,07;108,07;108,07;108,07;108,07;108,07;108,07;108,07;108,07;108,07;108,07
riskDamage-%-soc-humidity;0,0000;0,4989;0,4979;0,5933;0,5933;0,5824;0,5824;0,4698;0,4716;0,4716;0,4731;0,4731;0,4731;0,4731;0,4731;0,4731;0,4731;0,4731;0,4731;0,4731;0,4731;0,4731;0,4731;0,4731;0,4731;0,4731;0,4731;0,4731;0,4731;0,4731;0,4731;0,4731;0,4731;0,4731;0,4731;0,4731;0,4731;0,4731;0,4731;0,4731;0,4731;0,4731;0,4731;0,4731
riskDamage-server;3,98;3,98;3,98;3,98;3,98;3,98;3,97;3,53;2,12;2,12;2,12;2,12;2,12;2,12;2,12;2,12;2,12;2,12;2,12;2,12;2,12;2,12;2,12;2,12;2,12;2,12;2,12;2,12;2,12;2,12;2,12;2,12;2,12;2,12;2,12;2,12;2,12;2,12;2,12;2,12;2,12;2,12;2,12;2,12
riskDamage-%-server;0,0063;0,0063;0,0064;0,0109;0,0109;0,0173;0,0172;0,0153;0,0092;0,0092;0,0093;0,0093;0,0093;0,0093;0,0093;0,0093;0,0093;0,0093;0,0093;0,0093;0,0093;0,0093;0,0093;0,0093;0,0093;0,0093;0,0093;0,0093;0,0093;0,0093;0,0093;0,0093;0,0093;0,0093;0,0093;0,0093;0,0093;0,0093;0,0093;0,0093;0,0093;0,0093;0,0093;0,0093
riskDamage-soc-smoke;0,00;317,35;313,38;219,51;219,51;134,78;134,78;108,07;108,07;108,07;108,07;108,07;108,07;108,07;108,07;108,07;108,07;108,07;108,07;108,07;108,07;108,07;108,07;108,07;108,07;108,07;108,07;108,07;108,07;108,07;108,07;108,07;108,07;108,07;108,07;108,07;108,07;108,07;108,07;108,07;108,07;108,07;108,07;108,07
riskDamage-%-soc-smoke;0,0000;0,4990;0,5043;0,5993;0,5993;0,5853;0,5853;0,4698;0,4716;0,4716;0,4731;0,4731;0,4731;0,4731;0,4731;0,4731;0,4731;0,4731;0,4731;0,4731;0,4731;0,4731;0,4731;0,4731;0,4731;0,4731;0,4731;0,4731;0,4731;0,4731;0,4731;0,4731;0,4731;0,4731;0,4731;0,4731;0,4731;0,4731;0,4731;0,4731;0,4731;0,4731;0,4731;0,4731
riskDamage-soc-temperature;0,00;317,35;313,38;219,51;219,51;134,78;134,78;108,07;108,07;108,07;108,07;108,07;108,07;108,07;108,07;108,07;108,07;108,07;108,07;108,07;108,07;108,07;108,07;108,07;108,07;108,07;108,07;108,07;108,07;108,07;108,07;108,07;108,07;108,07;108,07;108,07;108,07;108,07;108,07;108,07;108,07;108,07;108,07;108,07
riskDamage-%-soc-temperature;0,0000;0,4990;0,5043;0,5993;0,5993;0,5853;0,5853;0,4698;0,4716;0,4716;0,4731;0,4731;0,4731;0,4731;0,4731;0,4731;0,4731;0,4731;0,4731;0,4731;0,4731;0,4731;0,4731;0,4731;0,4731;0,4731;0,4731;0,4731;0,4731;0,4731;0,4731;0,4731;0,4731;0,4731;0,4731;0,4731;0,4731;0,4731;0,4731;0,4731;0,4731;0,4731;0,4731;0,4731
riskDamage-soc-custom-50;0,00;317,35;313,38;219,51;219,51;134,78;134,78;108,07;108,07;108,07;108,07;108,07;108,07;108,07;108,07;108,07;108,07;108,07;108,07;108,07;108,07;108,07;108,07;108,07;108,07;108,07;108,07;108,07;108,07;108,07;108,07;108,07;108,07;108,07;108,07;108,07;108,07;108,07;108,07;108,07;108,07;108,07;108,07;108,07
riskDamage-%-soc-custom-50;0,0000;0,4990;0,5043;0,5993;0,5993;0,5853;0,5853;0,4698;0,4716;0,4716;0,4731;0,4731;0,4731;0,4731;0,4731;0,4731;0,4731;0,4731;0,4731;0,4731;0,4731;0,4731;0,4731;0,4731;0,4731;0,4731;0,4731;0,4731;0,4731;0,4731;0,4731;0,4731;0,4731;0,4731;0,4731;0,4731;0,4731;0,4731;0,4731;0,4731;0,4731;0,4731;0,4731;0,4731
riskDamage-iot-controller;79,64;316,50;309,47;219,51;219,51;134,78;134,78;108,07;108,07;108,07;108,07;108,07;108,07;108,07;108,07;108,07;108,07;108,07;108,07;108,07;108,07;108,07;108,07;108,07;108,07;108,07;108,07;108,07;108,07;108,07;108,07;108,07;108,07;108,07;108,07;108,07;108,07;108,07;108,07;108,07;108,07;108,07;108,07;108,07
riskDamage-%-iot-controller;0,1252;0,4976;0,4980;0,5993;0,5993;0,5853;0,5853;0,4698;0,4716;0,4716;0,4731;0,4731;0,4731;0,4731;0,4731;0,4731;0,4731;0,4731;0,4731;0,4731;0,4731;0,4731;0,4731;0,4731;0,4731;0,4731;0,4731;0,4731;0,4731;0,4731;0,4731;0,4731;0,4731;0,4731;0,4731;0,4731;0,4731;0,4731;0,4731;0,4731;0,4731;0,4731;0,4731;0,4731
riskDamage-soc-custom-38;0,00;317,35;313,38;219,51;219,51;134,78;134,78;108,07;108,07;108,07;108,07;108,07;108,07;108,07;108,07;108,07;108,07;108,07;108,07;108,07;108,07;108,07;108,07;108,07;108,07;108,07;108,07;108,07;108,07;108,07;108,07;108,07;108,07;108,07;108,07;108,07;108,07;108,07;108,07;108,07;108,07;108,07;108,07;108,07
riskDamage-%-soc-custom-38;0,0000;0,4990;0,5043;0,5993;0,5993;0,5853;0,5853;0,4698;0,4716;0,4716;0,4731;0,4731;0,4731;0,4731;0,4731;0,4731;0,4731;0,4731;0,4731;0,4731;0,4731;0,4731;0,4731;0,4731;0,4731;0,4731;0,4731;0,4731;0,4731;0,4731;0,4731;0,4731;0,4731;0,4731;0,4731;0,4731;0,4731;0,4731;0,4731;0,4731;0,4731;0,4731;0,4731;0,4731
riskDamage-soc-custom-39;0,00;317,35;313,38;219,51;219,51;134,78;134,78;108,07;108,07;108,07;108,07;108,07;108,07;108,07;108,07;108,07;108,07;108,07;108,07;108,07;108,07;108,07;108,07;108,07;108,07;108,07;108,07;108,07;108,07;108,07;108,07;108,07;108,07;108,07;108,07;108,07;108,07;108,07;108,07;108,07;108,07;108,07;108,07;108,07
riskDamage-%-soc-custom-39;0,0000;0,4990;0,5043;0,5993;0,5993;0,5853;0,5853;0,4698;0,4716;0,4716;0,4731;0,4731;0,4731;0,4731;0,4731;0,4731;0,4731;0,4731;0,4731;0,4731;0,4731;0,4731;0,4731;0,4731;0,4731;0,4731;0,4731;0,4731;0,4731;0,4731;0,4731;0,4731;0,4731;0,4731;0,4731;0,4731;0,4731;0,4731;0,4731;0,4731;0,4731;0,4731;0,4731;0,4731
riskDamage-soc-custom-36;0,00;317,35;313,38;219,51;219,51;134,78;134,78;108,07;108,07;108,07;108,07;108,07;108,07;108,07;108,07;108,07;108,07;108,07;108,07;108,07;108,07;108,07;108,07;108,07;108,07;108,07;108,07;108,07;108,07;108,07;108,07;108,07;108,07;108,07;108,07;108,07;108,07;108,07;108,07;108,07;108,07;108,07;108,07;108,07
riskDamage-%-soc-custom-36;0,0000;0,4990;0,5043;0,5993;0,5993;0,5853;0,5853;0,4698;0,4716;0,4716;0,4731;0,4731;0,4731;0,4731;0,4731;0,4731;0,4731;0,4731;0,4731;0,4731;0,4731;0,4731;0,4731;0,4731;0,4731;0,4731;0,4731;0,4731;0,4731;0,4731;0,4731;0,4731;0,4731;0,4731;0,4731;0,4731;0,4731;0,4731;0,4731;0,4731;0,4731;0,4731;0,4731;0,4731
riskDamage-soc-custom-37;0,00;317,35;313,38;219,51;219,51;134,78;134,78;108,07;108,07;108,07;108,07;108,07;108,07;108,07;108,07;108,07;108,07;108,07;108,07;108,07;108,07;108,07;108,07;108,07;108,07;108,07;108,07;108,07;108,07;108,07;108,07;108,07;108,07;108,07;108,07;108,07;108,07;108,07;108,07;108,07;108,07;108,07;108,07;108,07
riskDamage-%-soc-custom-37;0,0000;0,4990;0,5043;0,5993;0,5993;0,5853;0,5853;0,4698;0,4716;0,4716;0,4731;0,4731;0,4731;0,4731;0,4731;0,4731;0,4731;0,4731;0,4731;0,4731;0,4731;0,4731;0,4731;0,4731;0,4731;0,4731;0,4731;0,4731;0,4731;0,4731;0,4731;0,4731;0,4731;0,4731;0,4731;0,4731;0,4731;0,4731;0,4731;0,4731;0,4731;0,4731;0,4731;0,4731
riskDamage-soc-custom-30;0,00;317,35;313,38;219,51;219,51;134,78;134,78;108,07;108,07;108,07;108,07;108,07;108,07;108,07;108,07;108,07;108,07;108,07;108,07;108,07;108,07;108,07;108,07;108,07;108,07;108,07;108,07;108,07;108,07;108,07;108,07;108,07;108,07;108,07;108,07;108,07;108,07;108,07;108,07;108,07;108,07;108,07;108,07;108,07
riskDamage-%-soc-custom-30;0,0000;0,4990;0,5043;0,5993;0,5993;0,5853;0,5853;0,4698;0,4716;0,4716;0,4731;0,4731;0,4731;0,4731;0,4731;0,4731;0,4731;0,4731;0,4731;0,4731;0,4731;0,4731;0,4731;0,4731;0,4731;0,4731;0,4731;0,4731;0,4731;0,4731;0,4731;0,4731;0,4731;0,4731;0,4731;0,4731;0,4731;0,4731;0,4731;0,4731;0,4731;0,4731;0,4731;0,4731
riskDamage-soc-custom-31;0,00;317,35;313,38;219,51;219,51;134,78;134,78;108,07;108,07;108,07;108,07;108,07;108,07;108,07;108,07;108,07;108,07;108,07;108,07;108,07;108,07;108,07;108,07;108,07;108,07;108,07;108,07;108,07;108,07;108,07;108,07;108,07;108,07;108,07;108,07;108,07;108,07;108,07;108,07;108,07;108,07;108,07;108,07;108,07
riskDamage-%-soc-custom-31;0,0000;0,4990;0,5043;0,5993;0,5993;0,5853;0,5853;0,4698;0,4716;0,4716;0,4731;0,4731;0,4731;0,4731;0,4731;0,4731;0,4731;0,4731;0,4731;0,4731;0,4731;0,4731;0,4731;0,4731;0,4731;0,4731;0,4731;0,4731;0,4731;0,4731;0,4731;0,4731;0,4731;0,4731;0,4731;0,4731;0,4731;0,4731;0,4731;0,4731;0,4731;0,4731;0,4731;0,4731
riskDamage-soc-custom-34;0,00;317,35;293,79;219,51;219,51;134,78;134,78;108,07;108,07;108,07;108,07;108,07;108,07;108,07;108,07;108,07;108,07;108,07;108,07;108,07;108,07;108,07;108,07;108,07;108,07;108,07;108,07;108,07;108,07;108,07;108,07;108,07;108,07;108,07;108,07;108,07;108,07;108,07;108,07;108,07;108,07;108,07;108,07;108,07
riskDamage-%-soc-custom-34;0,0000;0,4990;0,4728;0,5993;0,5993;0,5853;0,5853;0,4698;0,4716;0,4716;0,4731;0,4731;0,4731;0,4731;0,4731;0,4731;0,4731;0,4731;0,4731;0,4731;0,4731;0,4731;0,4731;0,4731;0,4731;0,4731;0,4731;0,4731;0,4731;0,4731;0,4731;0,4731;0,4731;0,4731;0,4731;0,4731;0,4731;0,4731;0,4731;0,4731;0,4731;0,4731;0,4731;0,4731
riskDamage-soc-custom-35;0,00;317,35;293,79;219,51;219,51;134,78;134,78;108,07;108,07;108,07;108,07;108,07;108,07;108,07;108,07;108,07;108,07;108,07;108,07;108,07;108,07;108,07;108,07;108,07;108,07;108,07;108,07;108,07;108,07;108,07;108,07;108,07;108,07;108,07;108,07;108,07;108,07;108,07;108,07;108,07;108,07;108,07;108,07;108,07
riskDamage-%-soc-custom-35;0,0000;0,4990;0,4728;0,5993;0,5993;0,5853;0,5853;0,4698;0,4716;0,4716;0,4731;0,4731;0,4731;0,4731;0,4731;0,4731;0,4731;0,4731;0,4731;0,4731;0,4731;0,4731;0,4731;0,4731;0,4731;0,4731;0,4731;0,4731;0,4731;0,4731;0,4731;0,4731;0,4731;0,4731;0,4731;0,4731;0,4731;0,4731;0,4731;0,4731;0,4731;0,4731;0,4731;0,4731
riskDamage-soc-custom-32;0,00;317,35;293,79;219,51;219,51;134,78;134,78;108,07;108,07;108,07;108,07;108,07;108,07;108,07;108,07;108,07;108,07;108,07;108,07;108,07;108,07;108,07;108,07;108,07;108,07;108,07;108,07;108,07;108,07;108,07;108,07;108,07;108,07;108,07;108,07;108,07;108,07;108,07;108,07;108,07;108,07;108,07;108,07;108,07
riskDamage-%-soc-custom-32;0,0000;0,4990;0,4728;0,5993;0,5993;0,5853;0,5853;0,4698;0,4716;0,4716;0,4731;0,4731;0,4731;0,4731;0,4731;0,4731;0,4731;0,4731;0,4731;0,4731;0,4731;0,4731;0,4731;0,4731;0,4731;0,4731;0,4731;0,4731;0,4731;0,4731;0,4731;0,4731;0,4731;0,4731;0,4731;0,4731;0,4731;0,4731;0,4731;0,4731;0,4731;0,4731;0,4731;0,4731
riskDamage-soc-custom-33;0,00;317,35;293,79;219,51;219,51;134,78;134,78;108,07;108,07;108,07;108,07;108,07;108,07;108,07;108,07;108,07;108,07;108,07;108,07;108,07;108,07;108,07;108,07;108,07;108,07;108,07;108,07;108,07;108,07;108,07;108,07;108,07;108,07;108,07;108,07;108,07;108,07;108,07;108,07;108,07;108,07;108,07;108,07;108,07
riskDamage-%-soc-custom-33;0,0000;0,4990;0,4728;0,5993;0,5993;0,5853;0,5853;0,4698;0,4716;0,4716;0,4731;0,4731;0,4731;0,4731;0,4731;0,4731;0,4731;0,4731;0,4731;0,4731;0,4731;0,4731;0,4731;0,4731;0,4731;0,4731;0,4731;0,4731;0,4731;0,4731;0,4731;0,4731;0,4731;0,4731;0,4731;0,4731;0,4731;0,4731;0,4731;0,4731;0,4731;0,4731;0,4731;0,4731
riskDamage-soc-door-lock;0,00;317,17;308,76;201,95;201,95;129,46;129,46;108,07;108,07;108,07;108,07;108,07;108,07;108,07;108,07;108,07;108,07;108,07;108,07;108,07;108,07;108,07;108,07;108,07;108,07;108,07;108,07;108,07;108,07;108,07;108,07;108,07;108,07;108,07;108,07;108,07;108,07;108,07;108,07;108,07;108,07;108,07;108,07;108,07
riskDamage-%-soc-door-lock;0,0000;0,4987;0,4969;0,5514;0,5514;0,5621;0,5621;0,4698;0,4716;0,4716;0,4731;0,4731;0,4731;0,4731;0,4731;0,4731;0,4731;0,4731;0,4731;0,4731;0,4731;0,4731;0,4731;0,4731;0,4731;0,4731;0,4731;0,4731;0,4731;0,4731;0,4731;0,4731;0,4731;0,4731;0,4731;0,4731;0,4731;0,4731;0,4731;0,4731;0,4731;0,4731;0,4731;0,4731
riskDamage-soc-gate;23,89;316,82;307,41;165,55;165,55;116,39;116,39;108,07;108,07;108,07;108,07;108,07;108,07;108,07;108,07;108,07;108,07;108,07;108,07;108,07;108,07;108,07;108,07;108,07;108,07;108,07;108,07;108,07;108,07;108,07;108,07;108,07;108,07;108,07;108,07;108,07;108,07;108,07;108,07;108,07;108,07;108,07;108,07;108,07
riskDamage-%-soc-gate;0,0376;0,4981;0,4947;0,4520;0,4520;0,5054;0,5054;0,4698;0,4716;0,4716;0,4731;0,4731;0,4731;0,4731;0,4731;0,4731;0,4731;0,4731;0,4731;0,4731;0,4731;0,4731;0,4731;0,4731;0,4731;0,4731;0,4731;0,4731;0,4731;0,4731;0,4731;0,4731;0,4731;0,4731;0,4731;0,4731;0,4731;0,4731;0,4731;0,4731;0,4731;0,4731;0,4731;0,4731
riskDamage-soc-custom-49;0,00;317,35;293,79;219,51;219,51;134,78;134,78;108,07;108,07;108,07;108,07;108,07;108,07;108,07;108,07;108,07;108,07;108,07;108,07;108,07;108,07;108,07;108,07;108,07;108,07;108,07;108,07;108,07;108,07;108,07;108,07;108,07;108,07;108,07;108,07;108,07;108,07;108,07;108,07;108,07;108,07;108,07;108,07;108,07
riskDamage-%-soc-custom-49;0,0000;0,4990;0,4728;0,5993;0,5993;0,5853;0,5853;0,4698;0,4716;0,4716;0,4731;0,4731;0,4731;0,4731;0,4731;0,4731;0,4731;0,4731;0,4731;0,4731;0,4731;0,4731;0,4731;0,4731;0,4731;0,4731;0,4731;0,4731;0,4731;0,4731;0,4731;0,4731;0,4731;0,4731;0,4731;0,4731;0,4731;0,4731;0,4731;0,4731;0,4731;0,4731;0,4731;0,4731
riskDamage-soc-custom-47;0,00;317,35;293,79;219,51;219,51;134,78;134,78;108,07;108,07;108,07;108,07;108,07;108,07;108,07;108,07;108,07;108,07;108,07;108,07;108,07;108,07;108,07;108,07;108,07;108,07;108,07;108,07;108,07;108,07;108,07;108,07;108,07;108,07;108,07;108,07;108,07;108,07;108,07;108,07;108,07;108,07;108,07;108,07;108,07
riskDamage-%-soc-custom-47;0,0000;0,4990;0,4728;0,5993;0,5993;0,5853;0,5853;0,4698;0,4716;0,4716;0,4731;0,4731;0,4731;0,4731;0,4731;0,4731;0,4731;0,4731;0,4731;0,4731;0,4731;0,4731;0,4731;0,4731;0,4731;0,4731;0,4731;0,4731;0,4731;0,4731;0,4731;0,4731;0,4731;0,4731;0,4731;0,4731;0,4731;0,4731;0,4731;0,4731;0,4731;0,4731;0,4731;0,4731
riskDamage-soc-custom-48;0,00;317,35;293,79;219,51;219,51;134,78;134,78;108,07;108,07;108,07;108,07;108,07;108,07;108,07;108,07;108,07;108,07;108,07;108,07;108,07;108,07;108,07;108,07;108,07;108,07;108,07;108,07;108,07;108,07;108,07;108,07;108,07;108,07;108,07;108,07;108,07;108,07;108,07;108,07;108,07;108,07;108,07;108,07;108,07
riskDamage-%-soc-custom-48;0,0000;0,4990;0,4728;0,5993;0,5993;0,5853;0,5853;0,4698;0,4716;0,4716;0,4731;0,4731;0,4731;0,4731;0,4731;0,4731;0,4731;0,4731;0,4731;0,4731;0,4731;0,4731;0,4731;0,4731;0,4731;0,4731;0,4731;0,4731;0,4731;0,4731;0,4731;0,4731;0,4731;0,4731;0,4731;0,4731;0,4731;0,4731;0,4731;0,4731;0,4731;0,4731;0,4731;0,4731
riskDamage-desktop;0,00;0,00;293,79;219,51;219,51;134,78;134,78;108,07;108,07;108,07;108,07;108,07;108,07;108,07;108,07;108,07;108,07;108,07;108,07;108,07;108,07;108,07;108,07;108,07;108,07;108,07;108,07;108,07;108,07;108,07;108,07;108,07;108,07;108,07;108,07;108,07;108,07;108,07;108,07;108,07;108,07;108,07;108,07;108,07
riskDamage-%-desktop;0,0000;0,0000;0,4728;0,5993;0,5993;0,5853;0,5853;0,4698;0,4716;0,4716;0,4731;0,4731;0,4731;0,4731;0,4731;0,4731;0,4731;0,4731;0,4731;0,4731;0,4731;0,4731;0,4731;0,4731;0,4731;0,4731;0,4731;0,4731;0,4731;0,4731;0,4731;0,4731;0,4731;0,4731;0,4731;0,4731;0,4731;0,4731;0,4731;0,4731;0,4731;0,4731;0,4731;0,4731
riskDamage-soc-custom-5;0,00;317,35;293,79;219,51;219,51;134,78;134,78;108,07;108,07;108,07;108,07;108,07;108,07;108,07;108,07;108,07;108,07;108,07;108,07;108,07;108,07;108,07;108,07;108,07;108,07;108,07;108,07;108,07;108,07;108,07;108,07;108,07;108,07;108,07;108,07;108,07;108,07;108,07;108,07;108,07;108,07;108,07;108,07;108,07
riskDamage-%-soc-custom-5;0,0000;0,4990;0,4728;0,5993;0,5993;0,5853;0,5853;0,4698;0,4716;0,4716;0,4731;0,4731;0,4731;0,4731;0,4731;0,4731;0,4731;0,4731;0,4731;0,4731;0,4731;0,4731;0,4731;0,4731;0,4731;0,4731;0,4731;0,4731;0,4731;0,4731;0,4731;0,4731;0,4731;0,4731;0,4731;0,4731;0,4731;0,4731;0,4731;0,4731;0,4731;0,4731;0,4731;0,4731
riskDamage-soc-custom-41;0,00;0,00;293,79;219,51;219,51;134,78;134,78;108,07;108,07;108,07;108,07;108,07;108,07;108,07;108,07;108,07;108,07;108,07;108,07;108,07;108,07;108,07;108,07;108,07;108,07;108,07;108,07;108,07;108,07;108,07;108,07;108,07;108,07;108,07;108,07;108,07;108,07;108,07;108,07;108,07;108,07;108,07;108,07;108,07
riskDamage-%-soc-custom-41;0,0000;0,0000;0,4728;0,5993;0,5993;0,5853;0,5853;0,4698;0,4716;0,4716;0,4731;0,4731;0,4731;0,4731;0,4731;0,4731;0,4731;0,4731;0,4731;0,4731;0,4731;0,4731;0,4731;0,4731;0,4731;0,4731;0,4731;0,4731;0,4731;0,4731;0,4731;0,4731;0,4731;0,4731;0,4731;0,4731;0,4731;0,4731;0,4731;0,4731;0,4731;0,4731;0,4731;0,4731
riskDamage-soc-custom-42;0,00;317,35;293,79;219,51;219,51;134,78;134,78;108,07;108,07;108,07;108,07;108,07;108,07;108,07;108,07;108,07;108,07;108,07;108,07;108,07;108,07;108,07;108,07;108,07;108,07;108,07;108,07;108,07;108,07;108,07;108,07;108,07;108,07;108,07;108,07;108,07;108,07;108,07;108,07;108,07;108,07;108,07;108,07;108,07
riskDamage-%-soc-custom-42;0,0000;0,4990;0,4728;0,5993;0,5993;0,5853;0,5853;0,4698;0,4716;0,4716;0,4731;0,4731;0,4731;0,4731;0,4731;0,4731;0,4731;0,4731;0,4731;0,4731;0,4731;0,4731;0,4731;0,4731;0,4731;0,4731;0,4731;0,4731;0,4731;0,4731;0,4731;0,4731;0,4731;0,4731;0,4731;0,4731;0,4731;0,4731;0,4731;0,4731;0,4731;0,4731;0,4731;0,4731
riskDamage-soc-custom-6;0,00;317,35;293,79;219,51;219,51;134,78;134,78;108,07;108,07;108,07;108,07;108,07;108,07;108,07;108,07;108,07;108,07;108,07;108,07;108,07;108,07;108,07;108,07;108,07;108,07;108,07;108,07;108,07;108,07;108,07;108,07;108,07;108,07;108,07;108,07;108,07;108,07;108,07;108,07;108,07;108,07;108,07;108,07;108,07
riskDamage-%-soc-custom-6;0,0000;0,4990;0,4728;0,5993;0,5993;0,5853;0,5853;0,4698;0,4716;0,4716;0,4731;0,4731;0,4731;0,4731;0,4731;0,4731;0,4731;0,4731;0,4731;0,4731;0,4731;0,4731;0,4731;0,4731;0,4731;0,4731;0,4731;0,4731;0,4731;0,4731;0,4731;0,4731;0,4731;0,4731;0,4731;0,4731;0,4731;0,4731;0,4731;0,4731;0,4731;0,4731;0,4731;0,4731
riskDamage-soc-custom-3;0,00;317,35;293,79;219,51;219,51;134,78;134,78;108,07;108,07;108,07;108,07;108,07;108,07;108,07;108,07;108,07;108,07;108,07;108,07;108,07;108,07;108,07;108,07;108,07;108,07;108,07;108,07;108,07;108,07;108,07;108,07;108,07;108,07;108,07;108,07;108,07;108,07;108,07;108,07;108,07;108,07;108,07;108,07;108,07
riskDamage-%-soc-custom-3;0,0000;0,4990;0,4728;0,5993;0,5993;0,5853;0,5853;0,4698;0,4716;0,4716;0,4731;0,4731;0,4731;0,4731;0,4731;0,4731;0,4731;0,4731;0,4731;0,4731;0,4731;0,4731;0,4731;0,4731;0,4731;0,4731;0,4731;0,4731;0,4731;0,4731;0,4731;0,4731;0,4731;0,4731;0,4731;0,4731;0,4731;0,4731;0,4731;0,4731;0,4731;0,4731;0,4731;0,4731
riskDamage-soc-custom-4;0,00;317,35;293,79;219,51;219,51;134,78;134,78;108,07;108,07;108,07;108,07;108,07;108,07;108,07;108,07;108,07;108,07;108,07;108,07;108,07;108,07;108,07;108,07;108,07;108,07;108,07;108,07;108,07;108,07;108,07;108,07;108,07;108,07;108,07;108,07;108,07;108,07;108,07;108,07;108,07;108,07;108,07;108,07;108,07
riskDamage-%-soc-custom-4;0,0000;0,4990;0,4728;0,5993;0,5993;0,5853;0,5853;0,4698;0,4716;0,4716;0,4731;0,4731;0,4731;0,4731;0,4731;0,4731;0,4731;0,4731;0,4731;0,4731;0,4731;0,4731;0,4731;0,4731;0,4731;0,4731;0,4731;0,4731;0,4731;0,4731;0,4731;0,4731;0,4731;0,4731;0,4731;0,4731;0,4731;0,4731;0,4731;0,4731;0,4731;0,4731;0,4731;0,4731
riskDamage-soc-custom-40;0,00;317,35;293,79;219,51;219,51;134,78;134,78;108,07;108,07;108,07;108,07;108,07;108,07;108,07;108,07;108,07;108,07;108,07;108,07;108,07;108,07;108,07;108,07;108,07;108,07;108,07;108,07;108,07;108,07;108,07;108,07;108,07;108,07;108,07;108,07;108,07;108,07;108,07;108,07;108,07;108,07;108,07;108,07;108,07
riskDamage-%-soc-custom-40;0,0000;0,4990;0,4728;0,5993;0,5993;0,5853;0,5853;0,4698;0,4716;0,4716;0,4731;0,4731;0,4731;0,4731;0,4731;0,4731;0,4731;0,4731;0,4731;0,4731;0,4731;0,4731;0,4731;0,4731;0,4731;0,4731;0,4731;0,4731;0,4731;0,4731;0,4731;0,4731;0,4731;0,4731;0,4731;0,4731;0,4731;0,4731;0,4731;0,4731;0,4731;0,4731;0,4731;0,4731
riskDamage-soc-custom-1;0,00;317,35;293,79;219,51;219,51;134,78;134,78;108,07;108,07;108,07;108,07;108,07;108,07;108,07;108,07;108,07;108,07;108,07;108,07;108,07;108,07;108,07;108,07;108,07;108,07;108,07;108,07;108,07;108,07;108,07;108,07;108,07;108,07;108,07;108,07;108,07;108,07;108,07;108,07;108,07;108,07;108,07;108,07;108,07
riskDamage-%-soc-custom-1;0,0000;0,4990;0,4728;0,5993;0,5993;0,5853;0,5853;0,4698;0,4716;0,4716;0,4731;0,4731;0,4731;0,4731;0,4731;0,4731;0,4731;0,4731;0,4731;0,4731;0,4731;0,4731;0,4731;0,4731;0,4731;0,4731;0,4731;0,4731;0,4731;0,4731;0,4731;0,4731;0,4731;0,4731;0,4731;0,4731;0,4731;0,4731;0,4731;0,4731;0,4731;0,4731;0,4731;0,4731
riskDamage-soc-custom-45;0,00;317,35;293,79;219,51;219,51;134,78;134,78;108,07;108,07;108,07;108,07;108,07;108,07;108,07;108,07;108,07;108,07;108,07;108,07;108,07;108,07;108,07;108,07;108,07;108,07;108,07;108,07;108,07;108,07;108,07;108,07;108,07;108,07;108,07;108,07;108,07;108,07;108,07;108,07;108,07;108,07;108,07;108,07;108,07
riskDamage-%-soc-custom-45;0,0000;0,4990;0,4728;0,5993;0,5993;0,5853;0,5853;0,4698;0,4716;0,4716;0,4731;0,4731;0,4731;0,4731;0,4731;0,4731;0,4731;0,4731;0,4731;0,4731;0,4731;0,4731;0,4731;0,4731;0,4731;0,4731;0,4731;0,4731;0,4731;0,4731;0,4731;0,4731;0,4731;0,4731;0,4731;0,4731;0,4731;0,4731;0,4731;0,4731;0,4731;0,4731;0,4731;0,4731
riskDamage-soc-custom-2;0,00;317,35;293,79;219,51;219,51;134,78;134,78;108,07;108,07;108,07;108,07;108,07;108,07;108,07;108,07;108,07;108,07;108,07;108,07;108,07;108,07;108,07;108,07;108,07;108,07;108,07;108,07;108,07;108,07;108,07;108,07;108,07;108,07;108,07;108,07;108,07;108,07;108,07;108,07;108,07;108,07;108,07;108,07;108,07
riskDamage-%-soc-custom-2;0,0000;0,4990;0,4728;0,5993;0,5993;0,5853;0,5853;0,4698;0,4716;0,4716;0,4731;0,4731;0,4731;0,4731;0,4731;0,4731;0,4731;0,4731;0,4731;0,4731;0,4731;0,4731;0,4731;0,4731;0,4731;0,4731;0,4731;0,4731;0,4731;0,4731;0,4731;0,4731;0,4731;0,4731;0,4731;0,4731;0,4731;0,4731;0,4731;0,4731;0,4731;0,4731;0,4731;0,4731
riskDamage-soc-custom-46;0,00;0,00;293,79;219,51;219,51;134,78;134,78;108,07;108,07;108,07;108,07;108,07;108,07;108,07;108,07;108,07;108,07;108,07;108,07;108,07;108,07;108,07;108,07;108,07;108,07;108,07;108,07;108,07;108,07;108,07;108,07;108,07;108,07;108,07;108,07;108,07;108,07;108,07;108,07;108,07;108,07;108,07;108,07;108,07
riskDamage-%-soc-custom-46;0,0000;0,0000;0,4728;0,5993;0,5993;0,5853;0,5853;0,4698;0,4716;0,4716;0,4731;0,4731;0,4731;0,4731;0,4731;0,4731;0,4731;0,4731;0,4731;0,4731;0,4731;0,4731;0,4731;0,4731;0,4731;0,4731;0,4731;0,4731;0,4731;0,4731;0,4731;0,4731;0,4731;0,4731;0,4731;0,4731;0,4731;0,4731;0,4731;0,4731;0,4731;0,4731;0,4731;0,4731
riskDamage-soc-custom-43;0,00;317,35;293,79;219,51;219,51;134,78;134,78;108,07;108,07;108,07;108,07;108,07;108,07;108,07;108,07;108,07;108,07;108,07;108,07;108,07;108,07;108,07;108,07;108,07;108,07;108,07;108,07;108,07;108,07;108,07;108,07;108,07;108,07;108,07;108,07;108,07;108,07;108,07;108,07;108,07;108,07;108,07;108,07;108,07
riskDamage-%-soc-custom-43;0,0000;0,4990;0,4728;0,5993;0,5993;0,5853;0,5853;0,4698;0,4716;0,4716;0,4731;0,4731;0,4731;0,4731;0,4731;0,4731;0,4731;0,4731;0,4731;0,4731;0,4731;0,4731;0,4731;0,4731;0,4731;0,4731;0,4731;0,4731;0,4731;0,4731;0,4731;0,4731;0,4731;0,4731;0,4731;0,4731;0,4731;0,4731;0,4731;0,4731;0,4731;0,4731;0,4731;0,4731
riskDamage-soc-custom-44;0,00;317,35;293,79;219,51;219,51;134,78;134,78;108,07;108,07;108,07;108,07;108,07;108,07;108,07;108,07;108,07;108,07;108,07;108,07;108,07;108,07;108,07;108,07;108,07;108,07;108,07;108,07;108,07;108,07;108,07;108,07;108,07;108,07;108,07;108,07;108,07;108,07;108,07;108,07;108,07;108,07;108,07;108,07;108,07
riskDamage-%-soc-custom-44;0,0000;0,4990;0,4728;0,5993;0,5993;0,5853;0,5853;0,4698;0,4716;0,4716;0,4731;0,4731;0,4731;0,4731;0,4731;0,4731;0,4731;0,4731;0,4731;0,4731;0,4731;0,4731;0,4731;0,4731;0,4731;0,4731;0,4731;0,4731;0,4731;0,4731;0,4731;0,4731;0,4731;0,4731;0,4731;0,4731;0,4731;0,4731;0,4731;0,4731;0,4731;0,4731;0,4731;0,4731
auctioning-time-global;0;0;0;0;0;0;0;0;0;0;0;0;0;0;0;0;0;0;0;0;0;0;0;0;0;0;0;0;0;0;0;0;0;0;0;0;0;0;0;0;0;0;0;0
migrating-time-global;0;0;12010;36193;36193;96200;96200;120203;122204;122204;132205;132205;132205;132205;132205;132205;132205;132205;132205;132205;132205;132205;132205;132205;132205;132205;132205;132205;132205;132205;132205;132205;132205;132205;132205;132205;132205;132205;132205;132205;132205;132205;132205;132205
auctioning-time-printer;0;0;0;0;0;0;0;0;0;0;0;0;0;0;0;0;0;0;0;0;0;0;0;0;0;0;0;0;0;0;0;0;0;0;0;0;0;0;0;0;0;0;0;0
migrating-time-printer;0;0;0;0;0;0;0;0;0;0;0;0;0;0;0;0;0;0;0;0;0;0;0;0;0;0;0;0;0;0;0;0;0;0;0;0;0;0;0;0;0;0;0;0
auctioning-time-soc-custom-9;0;0;0;0;0;0;0;0;0;0;0;0;0;0;0;0;0;0;0;0;0;0;0;0;0;0;0;0;0;0;0;0;0;0;0;0;0;0;0;0;0;0;0;0
migrating-time-soc-custom-9;0;0;0;0;0;0;0;0;0;0;0;0;0;0;0;0;0;0;0;0;0;0;0;0;0;0;0;0;0;0;0;0;0;0;0;0;0;0;0;0;0;0;0;0
auctioning-time-soc-custom-7;0;0;0;0;0;0;0;0;0;0;0;0;0;0;0;0;0;0;0;0;0;0;0;0;0;0;0;0;0;0;0;0;0;0;0;0;0;0;0;0;0;0;0;0
migrating-time-soc-custom-7;0;0;0;0;0;0;0;0;0;0;0;0;0;0;0;0;0;0;0;0;0;0;0;0;0;0;0;0;0;0;0;0;0;0;0;0;0;0;0;0;0;0;0;0
auctioning-time-soc-custom-8;0;0;0;0;0;0;0;0;0;0;0;0;0;0;0;0;0;0;0;0;0;0;0;0;0;0;0;0;0;0;0;0;0;0;0;0;0;0;0;0;0;0;0;0
migrating-time-soc-custom-8;0;0;0;0;0;0;0;0;0;0;0;0;0;0;0;0;0;0;0;0;0;0;0;0;0;0;0;0;0;0;0;0;0;0;0;0;0;0;0;0;0;0;0;0
auctioning-time-soc-custom-16;0;0;0;0;0;0;0;0;0;0;0;0;0;0;0;0;0;0;0;0;0;0;0;0;0;0;0;0;0;0;0;0;0;0;0;0;0;0;0;0;0;0;0;0
migrating-time-soc-custom-16;0;0;0;0;0;0;0;0;0;0;0;0;0;0;0;0;0;0;0;0;0;0;0;0;0;0;0;0;0;0;0;0;0;0;0;0;0;0;0;0;0;0;0;0
auctioning-time-soc-custom-17;0;0;0;0;0;0;0;0;0;0;0;0;0;0;0;0;0;0;0;0;0;0;0;0;0;0;0;0;0;0;0;0;0;0;0;0;0;0;0;0;0;0;0;0
migrating-time-soc-custom-17;0;0;0;0;0;0;0;0;0;0;0;0;0;0;0;0;0;0;0;0;0;0;0;0;0;0;0;0;0;0;0;0;0;0;0;0;0;0;0;0;0;0;0;0
auctioning-time-soc-custom-14;0;0;0;0;0;0;0;0;0;0;0;0;0;0;0;0;0;0;0;0;0;0;0;0;0;0;0;0;0;0;0;0;0;0;0;0;0;0;0;0;0;0;0;0
migrating-time-soc-custom-14;0;0;0;0;0;0;0;0;0;0;0;0;0;0;0;0;0;0;0;0;0;0;0;0;0;0;0;0;0;0;0;0;0;0;0;0;0;0;0;0;0;0;0;0
auctioning-time-soc-custom-15;0;0;0;0;0;0;0;0;0;0;0;0;0;0;0;0;0;0;0;0;0;0;0;0;0;0;0;0;0;0;0;0;0;0;0;0;0;0;0;0;0;0;0;0
migrating-time-soc-custom-15;0;0;0;0;0;0;0;0;0;0;0;0;0;0;0;0;0;0;0;0;0;0;0;0;0;0;0;0;0;0;0;0;0;0;0;0;0;0;0;0;0;0;0;0
auctioning-time-soc-alarm;0;0;0;0;0;0;0;0;0;0;0;0;0;0;0;0;0;0;0;0;0;0;0;0;0;0;0;0;0;0;0;0;0;0;0;0;0;0;0;0;0;0;0;0
migrating-time-soc-alarm;0;0;2002;6036;6036;16037;16037;26039;26039;26039;26039;26039;26039;26039;26039;26039;26039;26039;26039;26039;26039;26039;26039;26039;26039;26039;26039;26039;26039;26039;26039;26039;26039;26039;26039;26039;26039;26039;26039;26039;26039;26039;26039;26039
auctioning-time-soc-custom-18;0;0;0;0;0;0;0;0;0;0;0;0;0;0;0;0;0;0;0;0;0;0;0;0;0;0;0;0;0;0;0;0;0;0;0;0;0;0;0;0;0;0;0;0
migrating-time-soc-custom-18;0;0;0;0;0;0;0;0;0;0;0;0;0;0;0;0;0;0;0;0;0;0;0;0;0;0;0;0;0;0;0;0;0;0;0;0;0;0;0;0;0;0;0;0
auctioning-time-soc-custom-19;0;0;0;0;0;0;0;0;0;0;0;0;0;0;0;0;0;0;0;0;0;0;0;0;0;0;0;0;0;0;0;0;0;0;0;0;0;0;0;0;0;0;0;0
migrating-time-soc-custom-19;0;0;0;0;0;0;0;0;0;0;0;0;0;0;0;0;0;0;0;0;0;0;0;0;0;0;0;0;0;0;0;0;0;0;0;0;0;0;0;0;0;0;0;0
auctioning-time-soc-custom-12;0;0;0;0;0;0;0;0;0;0;0;0;0;0;0;0;0;0;0;0;0;0;0;0;0;0;0;0;0;0;0;0;0;0;0;0;0;0;0;0;0;0;0;0
migrating-time-soc-custom-12;0;0;0;0;0;0;0;0;0;0;0;0;0;0;0;0;0;0;0;0;0;0;0;0;0;0;0;0;0;0;0;0;0;0;0;0;0;0;0;0;0;0;0;0
auctioning-time-soc-custom-13;0;0;0;0;0;0;0;0;0;0;0;0;0;0;0;0;0;0;0;0;0;0;0;0;0;0;0;0;0;0;0;0;0;0;0;0;0;0;0;0;0;0;0;0
migrating-time-soc-custom-13;0;0;0;0;0;0;0;0;0;0;0;0;0;0;0;0;0;0;0;0;0;0;0;0;0;0;0;0;0;0;0;0;0;0;0;0;0;0;0;0;0;0;0;0
auctioning-time-soc-custom-10;0;0;0;0;0;0;0;0;0;0;0;0;0;0;0;0;0;0;0;0;0;0;0;0;0;0;0;0;0;0;0;0;0;0;0;0;0;0;0;0;0;0;0;0
migrating-time-soc-custom-10;0;0;0;0;0;0;0;0;0;0;0;0;0;0;0;0;0;0;0;0;0;0;0;0;0;0;0;0;0;0;0;0;0;0;0;0;0;0;0;0;0;0;0;0
auctioning-time-soc-custom-11;0;0;0;0;0;0;0;0;0;0;0;0;0;0;0;0;0;0;0;0;0;0;0;0;0;0;0;0;0;0;0;0;0;0;0;0;0;0;0;0;0;0;0;0
migrating-time-soc-custom-11;0;0;0;0;0;0;0;0;0;0;0;0;0;0;0;0;0;0;0;0;0;0;0;0;0;0;0;0;0;0;0;0;0;0;0;0;0;0;0;0;0;0;0;0
auctioning-time-soc-custom-27;0;0;0;0;0;0;0;0;0;0;0;0;0;0;0;0;0;0;0;0;0;0;0;0;0;0;0;0;0;0;0;0;0;0;0;0;0;0;0;0;0;0;0;0
migrating-time-soc-custom-27;0;0;0;0;0;0;0;0;0;0;0;0;0;0;0;0;0;0;0;0;0;0;0;0;0;0;0;0;0;0;0;0;0;0;0;0;0;0;0;0;0;0;0;0
auctioning-time-soc-custom-28;0;0;0;0;0;0;0;0;0;0;0;0;0;0;0;0;0;0;0;0;0;0;0;0;0;0;0;0;0;0;0;0;0;0;0;0;0;0;0;0;0;0;0;0
migrating-time-soc-custom-28;0;0;0;0;0;0;0;0;0;0;0;0;0;0;0;0;0;0;0;0;0;0;0;0;0;0;0;0;0;0;0;0;0;0;0;0;0;0;0;0;0;0;0;0
auctioning-time-soc-custom-25;0;0;0;0;0;0;0;0;0;0;0;0;0;0;0;0;0;0;0;0;0;0;0;0;0;0;0;0;0;0;0;0;0;0;0;0;0;0;0;0;0;0;0;0
migrating-time-soc-custom-25;0;0;0;0;0;0;0;0;0;0;0;0;0;0;0;0;0;0;0;0;0;0;0;0;0;0;0;0;0;0;0;0;0;0;0;0;0;0;0;0;0;0;0;0
auctioning-time-soc-custom-26;0;0;0;0;0;0;0;0;0;0;0;0;0;0;0;0;0;0;0;0;0;0;0;0;0;0;0;0;0;0;0;0;0;0;0;0;0;0;0;0;0;0;0;0
migrating-time-soc-custom-26;0;0;0;0;0;0;0;0;0;0;0;0;0;0;0;0;0;0;0;0;0;0;0;0;0;0;0;0;0;0;0;0;0;0;0;0;0;0;0;0;0;0;0;0
auctioning-time-soc-custom-29;0;0;0;0;0;0;0;0;0;0;0;0;0;0;0;0;0;0;0;0;0;0;0;0;0;0;0;0;0;0;0;0;0;0;0;0;0;0;0;0;0;0;0;0
migrating-time-soc-custom-29;0;0;0;0;0;0;0;0;0;0;0;0;0;0;0;0;0;0;0;0;0;0;0;0;0;0;0;0;0;0;0;0;0;0;0;0;0;0;0;0;0;0;0;0
auctioning-time-soc-custom-20;0;0;0;0;0;0;0;0;0;0;0;0;0;0;0;0;0;0;0;0;0;0;0;0;0;0;0;0;0;0;0;0;0;0;0;0;0;0;0;0;0;0;0;0
migrating-time-soc-custom-20;0;0;0;0;0;0;0;0;0;0;0;0;0;0;0;0;0;0;0;0;0;0;0;0;0;0;0;0;0;0;0;0;0;0;0;0;0;0;0;0;0;0;0;0
auctioning-time-soc-light;0;0;0;0;0;0;0;0;0;0;0;0;0;0;0;0;0;0;0;0;0;0;0;0;0;0;0;0;0;0;0;0;0;0;0;0;0;0;0;0;0;0;0;0
migrating-time-soc-light;0;0;0;0;0;0;0;0;0;0;0;0;0;0;0;0;0;0;0;0;0;0;0;0;0;0;0;0;0;0;0;0;0;0;0;0;0;0;0;0;0;0;0;0
auctioning-time-soc-custom-23;0;0;0;0;0;0;0;0;0;0;0;0;0;0;0;0;0;0;0;0;0;0;0;0;0;0;0;0;0;0;0;0;0;0;0;0;0;0;0;0;0;0;0;0
migrating-time-soc-custom-23;0;0;0;0;0;0;0;0;0;0;0;0;0;0;0;0;0;0;0;0;0;0;0;0;0;0;0;0;0;0;0;0;0;0;0;0;0;0;0;0;0;0;0;0
auctioning-time-soc-custom-24;0;0;0;0;0;0;0;0;0;0;0;0;0;0;0;0;0;0;0;0;0;0;0;0;0;0;0;0;0;0;0;0;0;0;0;0;0;0;0;0;0;0;0;0
migrating-time-soc-custom-24;0;0;0;0;0;0;0;0;0;0;0;0;0;0;0;0;0;0;0;0;0;0;0;0;0;0;0;0;0;0;0;0;0;0;0;0;0;0;0;0;0;0;0;0
auctioning-time-soc-custom-21;0;0;0;0;0;0;0;0;0;0;0;0;0;0;0;0;0;0;0;0;0;0;0;0;0;0;0;0;0;0;0;0;0;0;0;0;0;0;0;0;0;0;0;0
migrating-time-soc-custom-21;0;0;0;0;0;0;0;0;0;0;0;0;0;0;0;0;0;0;0;0;0;0;0;0;0;0;0;0;0;0;0;0;0;0;0;0;0;0;0;0;0;0;0;0
auctioning-time-soc-custom-22;0;0;0;0;0;0;0;0;0;0;0;0;0;0;0;0;0;0;0;0;0;0;0;0;0;0;0;0;0;0;0;0;0;0;0;0;0;0;0;0;0;0;0;0
migrating-time-soc-custom-22;0;0;0;0;0;0;0;0;0;0;0;0;0;0;0;0;0;0;0;0;0;0;0;0;0;0;0;0;0;0;0;0;0;0;0;0;0;0;0;0;0;0;0;0
auctioning-time-soc-motion;0;0;0;0;0;0;0;0;0;0;0;0;0;0;0;0;0;0;0;0;0;0;0;0;0;0;0;0;0;0;0;0;0;0;0;0;0;0;0;0;0;0;0;0
migrating-time-soc-motion;0;0;2002;6095;6095;16097;16097;16097;16097;16097;16097;16097;16097;16097;16097;16097;16097;16097;16097;16097;16097;16097;16097;16097;16097;16097;16097;16097;16097;16097;16097;16097;16097;16097;16097;16097;16097;16097;16097;16097;16097;16097;16097;16097
auctioning-time-soc-humidity;0;0;0;0;0;0;0;0;0;0;0;0;0;0;0;0;0;0;0;0;0;0;0;0;0;0;0;0;0;0;0;0;0;0;0;0;0;0;0;0;0;0;0;0
migrating-time-soc-humidity;0;0;2002;6005;6005;16007;16007;16007;16007;16007;16007;16007;16007;16007;16007;16007;16007;16007;16007;16007;16007;16007;16007;16007;16007;16007;16007;16007;16007;16007;16007;16007;16007;16007;16007;16007;16007;16007;16007;16007;16007;16007;16007;16007
auctioning-time-server;0;0;0;0;0;0;0;0;0;0;0;0;0;0;0;0;0;0;0;0;0;0;0;0;0;0;0;0;0;0;0;0;0;0;0;0;0;0;0;0;0;0;0;0
migrating-time-server;0;0;0;0;0;0;0;4001;6002;6002;16003;16003;16003;16003;16003;16003;16003;16003;16003;16003;16003;16003;16003;16003;16003;16003;16003;16003;16003;16003;16003;16003;16003;16003;16003;16003;16003;16003;16003;16003;16003;16003;16003;16003
auctioning-time-soc-smoke;0;0;0;0;0;0;0;0;0;0;0;0;0;0;0;0;0;0;0;0;0;0;0;0;0;0;0;0;0;0;0;0;0;0;0;0;0;0;0;0;0;0;0;0
migrating-time-soc-smoke;0;0;0;0;0;0;0;0;0;0;0;0;0;0;0;0;0;0;0;0;0;0;0;0;0;0;0;0;0;0;0;0;0;0;0;0;0;0;0;0;0;0;0;0
auctioning-time-soc-temperature;0;0;0;0;0;0;0;0;0;0;0;0;0;0;0;0;0;0;0;0;0;0;0;0;0;0;0;0;0;0;0;0;0;0;0;0;0;0;0;0;0;0;0;0
migrating-time-soc-temperature;0;0;0;0;0;0;0;0;0;0;0;0;0;0;0;0;0;0;0;0;0;0;0;0;0;0;0;0;0;0;0;0;0;0;0;0;0;0;0;0;0;0;0;0
auctioning-time-soc-custom-50;0;0;0;0;0;0;0;0;0;0;0;0;0;0;0;0;0;0;0;0;0;0;0;0;0;0;0;0;0;0;0;0;0;0;0;0;0;0;0;0;0;0;0;0
migrating-time-soc-custom-50;0;0;0;0;0;0;0;0;0;0;0;0;0;0;0;0;0;0;0;0;0;0;0;0;0;0;0;0;0;0;0;0;0;0;0;0;0;0;0;0;0;0;0;0
auctioning-time-iot-controller;0;0;0;0;0;0;0;0;0;0;0;0;0;0;0;0;0;0;0;0;0;0;0;0;0;0;0;0;0;0;0;0;0;0;0;0;0;0;0;0;0;0;0;0
migrating-time-iot-controller;0;0;4002;6003;6003;16004;16004;26004;26004;26004;26004;26004;26004;26004;26004;26004;26004;26004;26004;26004;26004;26004;26004;26004;26004;26004;26004;26004;26004;26004;26004;26004;26004;26004;26004;26004;26004;26004;26004;26004;26004;26004;26004;26004
auctioning-time-soc-custom-38;0;0;0;0;0;0;0;0;0;0;0;0;0;0;0;0;0;0;0;0;0;0;0;0;0;0;0;0;0;0;0;0;0;0;0;0;0;0;0;0;0;0;0;0
migrating-time-soc-custom-38;0;0;0;0;0;0;0;0;0;0;0;0;0;0;0;0;0;0;0;0;0;0;0;0;0;0;0;0;0;0;0;0;0;0;0;0;0;0;0;0;0;0;0;0
auctioning-time-soc-custom-39;0;0;0;0;0;0;0;0;0;0;0;0;0;0;0;0;0;0;0;0;0;0;0;0;0;0;0;0;0;0;0;0;0;0;0;0;0;0;0;0;0;0;0;0
migrating-time-soc-custom-39;0;0;0;0;0;0;0;0;0;0;0;0;0;0;0;0;0;0;0;0;0;0;0;0;0;0;0;0;0;0;0;0;0;0;0;0;0;0;0;0;0;0;0;0
auctioning-time-soc-custom-36;0;0;0;0;0;0;0;0;0;0;0;0;0;0;0;0;0;0;0;0;0;0;0;0;0;0;0;0;0;0;0;0;0;0;0;0;0;0;0;0;0;0;0;0
migrating-time-soc-custom-36;0;0;0;0;0;0;0;0;0;0;0;0;0;0;0;0;0;0;0;0;0;0;0;0;0;0;0;0;0;0;0;0;0;0;0;0;0;0;0;0;0;0;0;0
auctioning-time-soc-custom-37;0;0;0;0;0;0;0;0;0;0;0;0;0;0;0;0;0;0;0;0;0;0;0;0;0;0;0;0;0;0;0;0;0;0;0;0;0;0;0;0;0;0;0;0
migrating-time-soc-custom-37;0;0;0;0;0;0;0;0;0;0;0;0;0;0;0;0;0;0;0;0;0;0;0;0;0;0;0;0;0;0;0;0;0;0;0;0;0;0;0;0;0;0;0;0
auctioning-time-soc-custom-30;0;0;0;0;0;0;0;0;0;0;0;0;0;0;0;0;0;0;0;0;0;0;0;0;0;0;0;0;0;0;0;0;0;0;0;0;0;0;0;0;0;0;0;0
migrating-time-soc-custom-30;0;0;0;0;0;0;0;0;0;0;0;0;0;0;0;0;0;0;0;0;0;0;0;0;0;0;0;0;0;0;0;0;0;0;0;0;0;0;0;0;0;0;0;0
auctioning-time-soc-custom-31;0;0;0;0;0;0;0;0;0;0;0;0;0;0;0;0;0;0;0;0;0;0;0;0;0;0;0;0;0;0;0;0;0;0;0;0;0;0;0;0;0;0;0;0
migrating-time-soc-custom-31;0;0;0;0;0;0;0;0;0;0;0;0;0;0;0;0;0;0;0;0;0;0;0;0;0;0;0;0;0;0;0;0;0;0;0;0;0;0;0;0;0;0;0;0
auctioning-time-soc-custom-34;0;0;0;0;0;0;0;0;0;0;0;0;0;0;0;0;0;0;0;0;0;0;0;0;0;0;0;0;0;0;0;0;0;0;0;0;0;0;0;0;0;0;0;0
migrating-time-soc-custom-34;0;0;0;0;0;0;0;0;0;0;0;0;0;0;0;0;0;0;0;0;0;0;0;0;0;0;0;0;0;0;0;0;0;0;0;0;0;0;0;0;0;0;0;0
auctioning-time-soc-custom-35;0;0;0;0;0;0;0;0;0;0;0;0;0;0;0;0;0;0;0;0;0;0;0;0;0;0;0;0;0;0;0;0;0;0;0;0;0;0;0;0;0;0;0;0
migrating-time-soc-custom-35;0;0;0;0;0;0;0;0;0;0;0;0;0;0;0;0;0;0;0;0;0;0;0;0;0;0;0;0;0;0;0;0;0;0;0;0;0;0;0;0;0;0;0;0
auctioning-time-soc-custom-32;0;0;0;0;0;0;0;0;0;0;0;0;0;0;0;0;0;0;0;0;0;0;0;0;0;0;0;0;0;0;0;0;0;0;0;0;0;0;0;0;0;0;0;0
migrating-time-soc-custom-32;0;0;0;0;0;0;0;0;0;0;0;0;0;0;0;0;0;0;0;0;0;0;0;0;0;0;0;0;0;0;0;0;0;0;0;0;0;0;0;0;0;0;0;0
auctioning-time-soc-custom-33;0;0;0;0;0;0;0;0;0;0;0;0;0;0;0;0;0;0;0;0;0;0;0;0;0;0;0;0;0;0;0;0;0;0;0;0;0;0;0;0;0;0;0;0
migrating-time-soc-custom-33;0;0;0;0;0;0;0;0;0;0;0;0;0;0;0;0;0;0;0;0;0;0;0;0;0;0;0;0;0;0;0;0;0;0;0;0;0;0;0;0;0;0;0;0
auctioning-time-soc-door-lock;0;0;0;0;0;0;0;0;0;0;0;0;0;0;0;0;0;0;0;0;0;0;0;0;0;0;0;0;0;0;0;0;0;0;0;0;0;0;0;0;0;0;0;0
migrating-time-soc-door-lock;0;0;4001;6002;6002;16003;16003;16003;16003;16003;16003;16003;16003;16003;16003;16003;16003;16003;16003;16003;16003;16003;16003;16003;16003;16003;16003;16003;16003;16003;16003;16003;16003;16003;16003;16003;16003;16003;16003;16003;16003;16003;16003;16003
auctioning-time-soc-gate;0;0;0;0;0;0;0;0;0;0;0;0;0;0;0;0;0;0;0;0;0;0;0;0;0;0;0;0;0;0;0;0;0;0;0;0;0;0;0;0;0;0;0;0
migrating-time-soc-gate;0;0;4050;6052;6052;16052;16052;16052;16052;16052;16052;16052;16052;16052;16052;16052;16052;16052;16052;16052;16052;16052;16052;16052;16052;16052;16052;16052;16052;16052;16052;16052;16052;16052;16052;16052;16052;16052;16052;16052;16052;16052;16052;16052
auctioning-time-soc-custom-49;0;0;0;0;0;0;0;0;0;0;0;0;0;0;0;0;0;0;0;0;0;0;0;0;0;0;0;0;0;0;0;0;0;0;0;0;0;0;0;0;0;0;0;0
migrating-time-soc-custom-49;0;0;0;0;0;0;0;0;0;0;0;0;0;0;0;0;0;0;0;0;0;0;0;0;0;0;0;0;0;0;0;0;0;0;0;0;0;0;0;0;0;0;0;0
auctioning-time-soc-custom-47;0;0;0;0;0;0;0;0;0;0;0;0;0;0;0;0;0;0;0;0;0;0;0;0;0;0;0;0;0;0;0;0;0;0;0;0;0;0;0;0;0;0;0;0
migrating-time-soc-custom-47;0;0;0;0;0;0;0;0;0;0;0;0;0;0;0;0;0;0;0;0;0;0;0;0;0;0;0;0;0;0;0;0;0;0;0;0;0;0;0;0;0;0;0;0
auctioning-time-soc-custom-48;0;0;0;0;0;0;0;0;0;0;0;0;0;0;0;0;0;0;0;0;0;0;0;0;0;0;0;0;0;0;0;0;0;0;0;0;0;0;0;0;0;0;0;0
migrating-time-soc-custom-48;0;0;0;0;0;0;0;0;0;0;0;0;0;0;0;0;0;0;0;0;0;0;0;0;0;0;0;0;0;0;0;0;0;0;0;0;0;0;0;0;0;0;0;0
auctioning-time-desktop;0;0;0;0;0;0;0;0;0;0;0;0;0;0;0;0;0;0;0;0;0;0;0;0;0;0;0;0;0;0;0;0;0;0;0;0;0;0;0;0;0;0;0;0
migrating-time-desktop;0;0;0;0;0;0;0;0;0;0;0;0;0;0;0;0;0;0;0;0;0;0;0;0;0;0;0;0;0;0;0;0;0;0;0;0;0;0;0;0;0;0;0;0
auctioning-time-soc-custom-5;0;0;0;0;0;0;0;0;0;0;0;0;0;0;0;0;0;0;0;0;0;0;0;0;0;0;0;0;0;0;0;0;0;0;0;0;0;0;0;0;0;0;0;0
migrating-time-soc-custom-5;0;0;0;0;0;0;0;0;0;0;0;0;0;0;0;0;0;0;0;0;0;0;0;0;0;0;0;0;0;0;0;0;0;0;0;0;0;0;0;0;0;0;0;0
auctioning-time-soc-custom-41;0;0;0;0;0;0;0;0;0;0;0;0;0;0;0;0;0;0;0;0;0;0;0;0;0;0;0;0;0;0;0;0;0;0;0;0;0;0;0;0;0;0;0;0
migrating-time-soc-custom-41;0;0;0;0;0;0;0;0;0;0;0;0;0;0;0;0;0;0;0;0;0;0;0;0;0;0;0;0;0;0;0;0;0;0;0;0;0;0;0;0;0;0;0;0
auctioning-time-soc-custom-42;0;0;0;0;0;0;0;0;0;0;0;0;0;0;0;0;0;0;0;0;0;0;0;0;0;0;0;0;0;0;0;0;0;0;0;0;0;0;0;0;0;0;0;0
migrating-time-soc-custom-42;0;0;0;0;0;0;0;0;0;0;0;0;0;0;0;0;0;0;0;0;0;0;0;0;0;0;0;0;0;0;0;0;0;0;0;0;0;0;0;0;0;0;0;0
auctioning-time-soc-custom-6;0;0;0;0;0;0;0;0;0;0;0;0;0;0;0;0;0;0;0;0;0;0;0;0;0;0;0;0;0;0;0;0;0;0;0;0;0;0;0;0;0;0;0;0
migrating-time-soc-custom-6;0;0;0;0;0;0;0;0;0;0;0;0;0;0;0;0;0;0;0;0;0;0;0;0;0;0;0;0;0;0;0;0;0;0;0;0;0;0;0;0;0;0;0;0
auctioning-time-soc-custom-3;0;0;0;0;0;0;0;0;0;0;0;0;0;0;0;0;0;0;0;0;0;0;0;0;0;0;0;0;0;0;0;0;0;0;0;0;0;0;0;0;0;0;0;0
migrating-time-soc-custom-3;0;0;0;0;0;0;0;0;0;0;0;0;0;0;0;0;0;0;0;0;0;0;0;0;0;0;0;0;0;0;0;0;0;0;0;0;0;0;0;0;0;0;0;0
auctioning-time-soc-custom-4;0;0;0;0;0;0;0;0;0;0;0;0;0;0;0;0;0;0;0;0;0;0;0;0;0;0;0;0;0;0;0;0;0;0;0;0;0;0;0;0;0;0;0;0
migrating-time-soc-custom-4;0;0;0;0;0;0;0;0;0;0;0;0;0;0;0;0;0;0;0;0;0;0;0;0;0;0;0;0;0;0;0;0;0;0;0;0;0;0;0;0;0;0;0;0
auctioning-time-soc-custom-40;0;0;0;0;0;0;0;0;0;0;0;0;0;0;0;0;0;0;0;0;0;0;0;0;0;0;0;0;0;0;0;0;0;0;0;0;0;0;0;0;0;0;0;0
migrating-time-soc-custom-40;0;0;0;0;0;0;0;0;0;0;0;0;0;0;0;0;0;0;0;0;0;0;0;0;0;0;0;0;0;0;0;0;0;0;0;0;0;0;0;0;0;0;0;0
auctioning-time-soc-custom-1;0;0;0;0;0;0;0;0;0;0;0;0;0;0;0;0;0;0;0;0;0;0;0;0;0;0;0;0;0;0;0;0;0;0;0;0;0;0;0;0;0;0;0;0
migrating-time-soc-custom-1;0;0;0;0;0;0;0;0;0;0;0;0;0;0;0;0;0;0;0;0;0;0;0;0;0;0;0;0;0;0;0;0;0;0;0;0;0;0;0;0;0;0;0;0
auctioning-time-soc-custom-45;0;0;0;0;0;0;0;0;0;0;0;0;0;0;0;0;0;0;0;0;0;0;0;0;0;0;0;0;0;0;0;0;0;0;0;0;0;0;0;0;0;0;0;0
migrating-time-soc-custom-45;0;0;0;0;0;0;0;0;0;0;0;0;0;0;0;0;0;0;0;0;0;0;0;0;0;0;0;0;0;0;0;0;0;0;0;0;0;0;0;0;0;0;0;0
auctioning-time-soc-custom-2;0;0;0;0;0;0;0;0;0;0;0;0;0;0;0;0;0;0;0;0;0;0;0;0;0;0;0;0;0;0;0;0;0;0;0;0;0;0;0;0;0;0;0;0
migrating-time-soc-custom-2;0;0;0;0;0;0;0;0;0;0;0;0;0;0;0;0;0;0;0;0;0;0;0;0;0;0;0;0;0;0;0;0;0;0;0;0;0;0;0;0;0;0;0;0
auctioning-time-soc-custom-46;0;0;0;0;0;0;0;0;0;0;0;0;0;0;0;0;0;0;0;0;0;0;0;0;0;0;0;0;0;0;0;0;0;0;0;0;0;0;0;0;0;0;0;0
migrating-time-soc-custom-46;0;0;0;0;0;0;0;0;0;0;0;0;0;0;0;0;0;0;0;0;0;0;0;0;0;0;0;0;0;0;0;0;0;0;0;0;0;0;0;0;0;0;0;0
auctioning-time-soc-custom-43;0;0;0;0;0;0;0;0;0;0;0;0;0;0;0;0;0;0;0;0;0;0;0;0;0;0;0;0;0;0;0;0;0;0;0;0;0;0;0;0;0;0;0;0
migrating-time-soc-custom-43;0;0;0;0;0;0;0;0;0;0;0;0;0;0;0;0;0;0;0;0;0;0;0;0;0;0;0;0;0;0;0;0;0;0;0;0;0;0;0;0;0;0;0;0
auctioning-time-soc-custom-44;0;0;0;0;0;0;0;0;0;0;0;0;0;0;0;0;0;0;0;0;0;0;0;0;0;0;0;0;0;0;0;0;0;0;0;0;0;0;0;0;0;0;0;0
migrating-time-soc-custom-44;0;0;0;0;0;0;0;0;0;0;0;0;0;0;0;0;0;0;0;0;0;0;0;0;0;0;0;0;0;0;0;0;0;0;0;0;0;0;0;0;0;0;0;0
